11:20:41,CPU,%usr,%nice,%sys,%iowait,%irq,%soft,%steal,%guest,%gnice,%idle
11:20:42,4,78.00,0.00,8.00,0.00,0.00,2.00,0.00,0.00,0.00,12.00
11:20:42,5,80.61,0.00,10.20,0.00,0.00,3.06,0.00,0.00,0.00,6.12
11:20:42,6,76.00,0.00,9.00,0.00,0.00,3.00,0.00,0.00,0.00,12.00
11:20:42,7,75.25,0.00,8.91,0.00,0.00,3.96,0.00,0.00,0.00,11.88
11:20:42,12,77.00,0.00,9.00,0.00,0.00,2.00,0.00,0.00,0.00,12.00
11:20:42,13,79.80,0.00,6.06,0.00,0.00,2.02,0.00,0.00,0.00,12.12
11:20:42,14,75.00,0.00,9.00,0.00,0.00,4.00,0.00,0.00,0.00,12.00
11:20:42,15,76.00,0.00,9.00,0.00,0.00,4.00,0.00,0.00,0.00,11.00
11:20:43,4,86.87,0.00,10.10,0.00,0.00,3.03,0.00,0.00,0.00,0.00
11:20:43,5,86.14,0.00,9.90,0.00,0.00,2.97,0.00,0.00,0.00,0.99
11:20:43,6,88.00,0.00,9.00,0.00,0.00,3.00,0.00,0.00,0.00,0.00
11:20:43,7,86.87,0.00,10.10,0.00,0.00,3.03,0.00,0.00,0.00,0.00
11:20:43,12,88.12,0.00,7.92,0.00,0.00,2.97,0.00,0.00,0.00,0.99
11:20:43,13,88.00,0.00,9.00,0.00,0.00,3.00,0.00,0.00,0.00,0.00
11:20:43,14,85.15,0.00,8.91,0.00,0.00,4.95,0.00,0.00,0.00,0.99
11:20:43,15,86.00,0.00,11.00,0.00,0.00,2.00,0.00,0.00,0.00,1.00
11:20:44,4,87.00,0.00,10.00,0.00,0.00,2.00,0.00,0.00,0.00,1.00
11:20:44,5,88.89,0.00,7.07,0.00,0.00,4.04,0.00,0.00,0.00,0.00
11:20:44,6,87.00,0.00,9.00,0.00,0.00,3.00,0.00,0.00,0.00,1.00
11:20:44,7,86.00,0.00,9.00,0.00,0.00,4.00,0.00,0.00,0.00,1.00
11:20:44,12,87.76,0.00,9.18,0.00,0.00,3.06,0.00,0.00,0.00,0.00
11:20:44,13,87.00,0.00,8.00,0.00,0.00,4.00,0.00,0.00,0.00,1.00
11:20:44,14,88.12,0.00,7.92,0.00,0.00,2.97,0.00,0.00,0.00,0.99
11:20:44,15,85.15,0.00,9.90,0.00,0.00,3.96,0.00,0.00,0.00,0.99
11:20:45,4,85.15,0.00,8.91,0.00,0.00,4.95,0.00,0.00,0.00,0.99
11:20:45,5,87.00,0.00,10.00,0.00,0.00,2.00,0.00,0.00,0.00,1.00
11:20:45,6,85.00,0.00,10.00,0.00,0.00,4.00,0.00,0.00,0.00,1.00
11:20:45,7,87.00,0.00,9.00,0.00,0.00,3.00,0.00,0.00,0.00,1.00
11:20:45,12,85.15,0.00,9.90,0.00,0.00,3.96,0.00,0.00,0.00,0.99
11:20:45,13,86.00,0.00,10.00,0.00,0.00,3.00,0.00,0.00,0.00,1.00
11:20:45,14,86.87,0.00,9.09,0.00,0.00,4.04,0.00,0.00,0.00,0.00
11:20:45,15,88.89,0.00,8.08,0.00,0.00,3.03,0.00,0.00,0.00,0.00
11:20:46,4,88.78,0.00,8.16,0.00,0.00,3.06,0.00,0.00,0.00,0.00
11:20:46,5,87.13,0.00,8.91,0.00,0.00,2.97,0.00,0.00,0.00,0.99
11:20:46,6,87.13,0.00,8.91,0.00,0.00,2.97,0.00,0.00,0.00,0.99
11:20:46,7,87.13,0.00,8.91,0.00,0.00,2.97,0.00,0.00,0.00,0.99
11:20:46,12,85.15,0.00,9.90,0.00,0.00,3.96,0.00,0.00,0.00,0.99
11:20:46,13,86.14,0.00,8.91,0.00,0.00,4.95,0.00,0.00,0.00,0.00
11:20:46,14,86.00,0.00,9.00,0.00,0.00,4.00,0.00,0.00,0.00,1.00
11:20:46,15,85.00,0.00,10.00,0.00,0.00,4.00,0.00,0.00,0.00,1.00
11:20:47,4,86.14,0.00,8.91,0.00,0.00,3.96,0.00,0.00,0.00,0.99
11:20:47,5,87.88,0.00,9.09,0.00,0.00,2.02,0.00,0.00,0.00,1.01
11:20:47,6,87.13,0.00,7.92,0.00,0.00,3.96,0.00,0.00,0.00,0.99
11:20:47,7,87.00,0.00,9.00,0.00,0.00,3.00,0.00,0.00,0.00,1.00
11:20:47,12,87.88,0.00,9.09,0.00,0.00,2.02,0.00,0.00,0.00,1.01
11:20:47,13,86.00,0.00,11.00,0.00,0.00,2.00,0.00,0.00,0.00,1.00
11:20:47,14,86.00,0.00,9.00,0.00,0.00,4.00,0.00,0.00,0.00,1.00
11:20:47,15,87.00,0.00,10.00,0.00,0.00,2.00,0.00,0.00,0.00,1.00
11:20:48,4,89.90,0.00,7.07,0.00,0.00,2.02,0.00,0.00,0.00,1.01
11:20:48,5,89.90,0.00,7.07,0.00,0.00,3.03,0.00,0.00,0.00,0.00
11:20:48,6,89.90,0.00,7.07,0.00,0.00,3.03,0.00,0.00,0.00,0.00
11:20:48,7,86.00,0.00,9.00,0.00,0.00,4.00,0.00,0.00,0.00,1.00
11:20:48,12,85.15,0.00,9.90,0.00,0.00,3.96,0.00,0.00,0.00,0.99
11:20:48,13,87.00,0.00,9.00,0.00,0.00,3.00,0.00,0.00,0.00,1.00
11:20:48,14,88.89,0.00,8.08,0.00,0.00,3.03,0.00,0.00,0.00,0.00
11:20:48,15,86.00,0.00,9.00,0.00,0.00,4.00,0.00,0.00,0.00,1.00
11:20:49,4,86.00,0.00,10.00,0.00,0.00,4.00,0.00,0.00,0.00,0.00
11:20:49,5,87.25,0.00,8.82,0.00,0.00,2.94,0.00,0.00,0.00,0.98
11:20:49,6,88.89,0.00,8.08,0.00,0.00,2.02,0.00,0.00,0.00,1.01
11:20:49,7,87.00,0.00,10.00,0.00,0.00,3.00,0.00,0.00,0.00,0.00
11:20:49,12,85.86,0.00,11.11,0.00,0.00,3.03,0.00,0.00,0.00,0.00
11:20:49,13,86.87,0.00,9.09,0.00,0.00,4.04,0.00,0.00,0.00,0.00
11:20:49,14,86.00,0.00,10.00,0.00,0.00,3.00,0.00,0.00,0.00,1.00
11:20:49,15,85.15,0.00,9.90,0.00,0.00,3.96,0.00,0.00,0.00,0.99
11:20:50,4,87.13,0.00,8.91,0.00,0.00,2.97,0.00,0.00,0.00,0.99
11:20:50,5,86.87,0.00,9.09,0.00,0.00,3.03,0.00,0.00,0.00,1.01
11:20:50,6,86.00,0.00,10.00,0.00,0.00,3.00,0.00,0.00,0.00,1.00
11:20:50,7,87.88,0.00,9.09,0.00,0.00,2.02,0.00,0.00,0.00,1.01
11:20:50,12,88.00,0.00,8.00,0.00,0.00,3.00,0.00,0.00,0.00,1.00
11:20:50,13,86.87,0.00,9.09,0.00,0.00,3.03,0.00,0.00,0.00,1.01
11:20:50,14,87.13,0.00,8.91,0.00,0.00,2.97,0.00,0.00,0.00,0.99
11:20:50,15,87.00,0.00,9.00,0.00,0.00,3.00,0.00,0.00,0.00,1.00
11:20:51,4,89.90,0.00,7.07,0.00,0.00,2.02,0.00,0.00,0.00,1.01
11:20:51,5,87.00,0.00,9.00,0.00,0.00,4.00,0.00,0.00,0.00,0.00
11:20:51,6,88.00,0.00,8.00,0.00,0.00,4.00,0.00,0.00,0.00,0.00
11:20:51,7,84.00,0.00,11.00,0.00,0.00,4.00,0.00,0.00,0.00,1.00
11:20:51,12,87.00,0.00,9.00,0.00,0.00,4.00,0.00,0.00,0.00,0.00
11:20:51,13,86.14,0.00,8.91,0.00,0.00,3.96,0.00,0.00,0.00,0.99
11:20:51,14,89.90,0.00,8.08,0.00,0.00,2.02,0.00,0.00,0.00,0.00
11:20:51,15,85.00,0.00,10.00,0.00,0.00,4.00,0.00,0.00,0.00,1.00
11:20:52,4,86.00,0.00,10.00,0.00,0.00,4.00,0.00,0.00,0.00,0.00
11:20:52,5,88.00,0.00,9.00,0.00,0.00,2.00,0.00,0.00,0.00,1.00
11:20:52,6,86.00,0.00,10.00,0.00,0.00,3.00,0.00,0.00,0.00,1.00
11:20:52,7,87.00,0.00,8.00,0.00,0.00,4.00,0.00,0.00,0.00,1.00
11:20:52,12,87.88,0.00,8.08,0.00,0.00,3.03,0.00,0.00,0.00,1.01
11:20:52,13,88.12,0.00,7.92,0.00,0.00,2.97,0.00,0.00,0.00,0.99
11:20:52,14,88.00,0.00,8.00,0.00,0.00,3.00,0.00,0.00,0.00,1.00
11:20:52,15,88.00,0.00,8.00,0.00,0.00,3.00,0.00,0.00,0.00,1.00
11:20:53,4,88.89,0.00,7.07,0.00,0.00,3.03,0.00,0.00,0.00,1.01
11:20:53,5,87.00,0.00,9.00,0.00,0.00,3.00,0.00,0.00,0.00,1.00
11:20:53,6,84.16,0.00,11.88,0.00,0.00,2.97,0.00,0.00,0.00,0.99
11:20:53,7,87.88,0.00,8.08,0.00,0.00,4.04,0.00,0.00,0.00,0.00
11:20:53,12,84.31,0.00,10.78,0.00,0.00,3.92,0.00,0.00,0.00,0.98
11:20:53,13,88.89,0.00,9.09,0.00,0.00,2.02,0.00,0.00,0.00,0.00
11:20:53,14,86.14,0.00,9.90,0.00,0.00,2.97,0.00,0.00,0.00,0.99
11:20:53,15,87.88,0.00,9.09,0.00,0.00,3.03,0.00,0.00,0.00,0.00
11:20:54,4,86.00,0.00,9.00,0.00,0.00,4.00,0.00,0.00,0.00,1.00
11:20:54,5,85.00,0.00,10.00,0.00,0.00,4.00,0.00,0.00,0.00,1.00
11:20:54,6,85.00,0.00,10.00,0.00,0.00,4.00,0.00,0.00,0.00,1.00
11:20:54,7,87.13,0.00,8.91,0.00,0.00,2.97,0.00,0.00,0.00,0.99
11:20:54,12,88.78,0.00,8.16,0.00,0.00,3.06,0.00,0.00,0.00,0.00
11:20:54,13,87.00,0.00,9.00,0.00,0.00,3.00,0.00,0.00,0.00,1.00
11:20:54,14,87.76,0.00,9.18,0.00,0.00,3.06,0.00,0.00,0.00,0.00
11:20:54,15,86.87,0.00,9.09,0.00,0.00,3.03,0.00,0.00,0.00,1.01
11:20:55,4,86.14,0.00,9.90,0.00,0.00,3.96,0.00,0.00,0.00,0.00
11:20:55,5,87.00,0.00,10.00,0.00,0.00,3.00,0.00,0.00,0.00,0.00
11:20:55,6,87.88,0.00,9.09,0.00,0.00,3.03,0.00,0.00,0.00,0.00
11:20:55,7,86.87,0.00,9.09,0.00,0.00,4.04,0.00,0.00,0.00,0.00
11:20:55,12,85.15,0.00,9.90,0.00,0.00,3.96,0.00,0.00,0.00,0.99
11:20:55,13,88.00,0.00,9.00,0.00,0.00,3.00,0.00,0.00,0.00,0.00
11:20:55,14,87.13,0.00,7.92,0.00,0.00,3.96,0.00,0.00,0.00,0.99
11:20:55,15,85.15,0.00,10.89,0.00,0.00,2.97,0.00,0.00,0.00,0.99
11:20:56,4,87.00,0.00,8.00,0.00,0.00,4.00,0.00,0.00,0.00,1.00
11:20:56,5,87.00,0.00,9.00,0.00,0.00,3.00,0.00,0.00,0.00,1.00
11:20:56,6,85.86,0.00,9.09,0.00,0.00,4.04,0.00,0.00,0.00,1.01
11:20:56,7,88.00,0.00,8.00,0.00,0.00,3.00,0.00,0.00,0.00,1.00
11:20:56,12,89.00,0.00,8.00,0.00,0.00,2.00,0.00,0.00,0.00,1.00
11:20:56,13,85.00,0.00,10.00,0.00,0.00,4.00,0.00,0.00,0.00,1.00
11:20:56,14,86.00,0.00,10.00,0.00,0.00,3.00,0.00,0.00,0.00,1.00
11:20:56,15,85.86,0.00,9.09,0.00,0.00,4.04,0.00,0.00,0.00,1.01
11:20:57,4,85.00,0.00,11.00,0.00,0.00,3.00,0.00,0.00,0.00,1.00
11:20:57,5,88.00,0.00,8.00,0.00,0.00,3.00,0.00,0.00,0.00,1.00
11:20:57,6,88.00,0.00,8.00,0.00,0.00,3.00,0.00,0.00,0.00,1.00
11:20:57,7,85.00,0.00,9.00,0.00,0.00,5.00,0.00,0.00,0.00,1.00
11:20:57,12,87.88,0.00,9.09,0.00,0.00,3.03,0.00,0.00,0.00,0.00
11:20:57,13,86.00,0.00,9.00,0.00,0.00,4.00,0.00,0.00,0.00,1.00
11:20:57,14,85.15,0.00,9.90,0.00,0.00,3.96,0.00,0.00,0.00,0.99
11:20:57,15,86.00,0.00,9.00,0.00,0.00,4.00,0.00,0.00,0.00,1.00
11:20:58,4,86.87,0.00,9.09,0.00,0.00,3.03,0.00,0.00,0.00,1.01
11:20:58,5,89.90,0.00,7.07,0.00,0.00,3.03,0.00,0.00,0.00,0.00
11:20:58,6,88.00,0.00,9.00,0.00,0.00,3.00,0.00,0.00,0.00,0.00
11:20:58,7,86.00,0.00,9.00,0.00,0.00,4.00,0.00,0.00,0.00,1.00
11:20:58,12,87.00,0.00,9.00,0.00,0.00,3.00,0.00,0.00,0.00,1.00
11:20:58,13,87.00,0.00,10.00,0.00,0.00,2.00,0.00,0.00,0.00,1.00
11:20:58,14,86.14,0.00,8.91,0.00,0.00,3.96,0.00,0.00,0.00,0.99
11:20:58,15,86.87,0.00,10.10,0.00,0.00,3.03,0.00,0.00,0.00,0.00
11:20:59,4,87.00,0.00,9.00,0.00,0.00,4.00,0.00,0.00,0.00,0.00
11:20:59,5,88.12,0.00,7.92,0.00,0.00,2.97,0.00,0.00,0.00,0.99
11:20:59,6,85.15,0.00,9.90,0.00,0.00,3.96,0.00,0.00,0.00,0.99
11:20:59,7,87.00,0.00,10.00,0.00,0.00,3.00,0.00,0.00,0.00,0.00
11:20:59,12,87.00,0.00,9.00,0.00,0.00,3.00,0.00,0.00,0.00,1.00
11:20:59,13,87.00,0.00,9.00,0.00,0.00,3.00,0.00,0.00,0.00,1.00
11:20:59,14,86.87,0.00,10.10,0.00,0.00,3.03,0.00,0.00,0.00,0.00
11:20:59,15,87.00,0.00,9.00,0.00,0.00,3.00,0.00,0.00,0.00,1.00
11:21:00,4,86.00,0.00,9.00,0.00,0.00,4.00,0.00,0.00,0.00,1.00
11:21:00,5,84.16,0.00,9.90,0.00,0.00,4.95,0.00,0.00,0.00,0.99
11:21:00,6,85.86,0.00,11.11,0.00,0.00,3.03,0.00,0.00,0.00,0.00
11:21:00,7,85.00,0.00,11.00,0.00,0.00,3.00,0.00,0.00,0.00,1.00
11:21:00,12,87.00,0.00,9.00,0.00,0.00,4.00,0.00,0.00,0.00,0.00
11:21:00,13,86.14,0.00,8.91,0.00,0.00,3.96,0.00,0.00,0.00,0.99
11:21:00,14,87.88,0.00,8.08,0.00,0.00,3.03,0.00,0.00,0.00,1.01
11:21:00,15,85.29,0.00,9.80,0.00,0.00,3.92,0.00,0.00,0.00,0.98
11:21:01,4,89.00,0.00,8.00,0.00,0.00,3.00,0.00,0.00,0.00,0.00
11:21:01,5,87.88,0.00,9.09,0.00,0.00,3.03,0.00,0.00,0.00,0.00
11:21:01,6,88.00,0.00,7.00,0.00,0.00,4.00,0.00,0.00,0.00,1.00
11:21:01,7,86.14,0.00,10.89,0.00,0.00,1.98,0.00,0.00,0.00,0.99
11:21:01,12,88.00,0.00,9.00,0.00,0.00,2.00,0.00,0.00,0.00,1.00
11:21:01,13,86.73,0.00,11.22,0.00,0.00,2.04,0.00,0.00,0.00,0.00
11:21:01,14,87.13,0.00,8.91,0.00,0.00,3.96,0.00,0.00,0.00,0.00
11:21:01,15,87.88,0.00,10.10,0.00,0.00,2.02,0.00,0.00,0.00,0.00
11:21:02,4,87.00,0.00,9.00,0.00,0.00,3.00,0.00,0.00,0.00,1.00
11:21:02,5,87.88,0.00,8.08,0.00,0.00,3.03,0.00,0.00,0.00,1.01
11:21:02,6,88.00,0.00,8.00,0.00,0.00,4.00,0.00,0.00,0.00,0.00
11:21:02,7,86.00,0.00,9.00,0.00,0.00,4.00,0.00,0.00,0.00,1.00
11:21:02,12,87.00,0.00,9.00,0.00,0.00,4.00,0.00,0.00,0.00,0.00
11:21:02,13,87.00,0.00,10.00,0.00,0.00,3.00,0.00,0.00,0.00,0.00
11:21:02,14,87.88,0.00,8.08,0.00,0.00,3.03,0.00,0.00,0.00,1.01
11:21:02,15,86.00,0.00,9.00,0.00,0.00,4.00,0.00,0.00,0.00,1.00
11:21:03,4,86.14,0.00,9.90,0.00,0.00,2.97,0.00,0.00,0.00,0.99
11:21:03,5,87.00,0.00,9.00,0.00,0.00,4.00,0.00,0.00,0.00,0.00
11:21:03,6,86.00,0.00,10.00,0.00,0.00,3.00,0.00,0.00,0.00,1.00
11:21:03,7,88.89,0.00,9.09,0.00,0.00,2.02,0.00,0.00,0.00,0.00
11:21:03,12,88.00,0.00,8.00,0.00,0.00,3.00,0.00,0.00,0.00,1.00
11:21:03,13,87.00,0.00,9.00,0.00,0.00,3.00,0.00,0.00,0.00,1.00
11:21:03,14,88.12,0.00,7.92,0.00,0.00,2.97,0.00,0.00,0.00,0.99
11:21:03,15,87.00,0.00,9.00,0.00,0.00,4.00,0.00,0.00,0.00,0.00
11:21:04,4,88.89,0.00,8.08,0.00,0.00,3.03,0.00,0.00,0.00,0.00
11:21:04,5,86.00,0.00,10.00,0.00,0.00,3.00,0.00,0.00,0.00,1.00
11:21:04,6,86.00,0.00,9.00,0.00,0.00,4.00,0.00,0.00,0.00,1.00
11:21:04,7,86.00,0.00,10.00,0.00,0.00,3.00,0.00,0.00,0.00,1.00
11:21:04,12,87.88,0.00,9.09,0.00,0.00,3.03,0.00,0.00,0.00,0.00
11:21:04,13,88.00,0.00,8.00,0.00,0.00,3.00,0.00,0.00,0.00,1.00
11:21:04,14,88.78,0.00,9.18,0.00,0.00,2.04,0.00,0.00,0.00,0.00
11:21:04,15,87.00,0.00,9.00,0.00,0.00,3.00,0.00,0.00,0.00,1.00
11:21:05,4,88.00,0.00,8.00,0.00,0.00,3.00,0.00,0.00,0.00,1.00
11:21:05,5,88.89,0.00,8.08,0.00,0.00,3.03,0.00,0.00,0.00,0.00
11:21:05,6,87.88,0.00,8.08,0.00,0.00,3.03,0.00,0.00,0.00,1.01
11:21:05,7,88.00,0.00,8.00,0.00,0.00,4.00,0.00,0.00,0.00,0.00
11:21:05,12,87.00,0.00,9.00,0.00,0.00,3.00,0.00,0.00,0.00,1.00
11:21:05,13,87.00,0.00,9.00,0.00,0.00,4.00,0.00,0.00,0.00,0.00
11:21:05,14,88.00,0.00,8.00,0.00,0.00,3.00,0.00,0.00,0.00,1.00
11:21:05,15,87.00,0.00,10.00,0.00,0.00,2.00,0.00,0.00,0.00,1.00
11:21:06,4,86.14,0.00,9.90,0.00,0.00,2.97,0.00,0.00,0.00,0.99
11:21:06,5,86.00,0.00,9.00,0.00,0.00,4.00,0.00,0.00,0.00,1.00
11:21:06,6,89.00,0.00,8.00,0.00,0.00,3.00,0.00,0.00,0.00,0.00
11:21:06,7,86.00,0.00,10.00,0.00,0.00,3.00,0.00,0.00,0.00,1.00
11:21:06,12,85.15,0.00,9.90,0.00,0.00,3.96,0.00,0.00,0.00,0.99
11:21:06,13,87.13,0.00,8.91,0.00,0.00,2.97,0.00,0.00,0.00,0.99
11:21:06,14,87.13,0.00,9.90,0.00,0.00,1.98,0.00,0.00,0.00,0.99
11:21:06,15,88.00,0.00,8.00,0.00,0.00,4.00,0.00,0.00,0.00,0.00
11:21:07,4,85.86,0.00,10.10,0.00,0.00,3.03,0.00,0.00,0.00,1.01
11:21:07,5,86.00,0.00,11.00,0.00,0.00,2.00,0.00,0.00,0.00,1.00
11:21:07,6,87.00,0.00,9.00,0.00,0.00,3.00,0.00,0.00,0.00,1.00
11:21:07,7,86.87,0.00,9.09,0.00,0.00,3.03,0.00,0.00,0.00,1.01
11:21:07,12,88.00,0.00,8.00,0.00,0.00,3.00,0.00,0.00,0.00,1.00
11:21:07,13,87.00,0.00,9.00,0.00,0.00,3.00,0.00,0.00,0.00,1.00
11:21:07,14,86.00,0.00,10.00,0.00,0.00,3.00,0.00,0.00,0.00,1.00
11:21:07,15,87.88,0.00,8.08,0.00,0.00,3.03,0.00,0.00,0.00,1.01
11:21:08,4,87.88,0.00,9.09,0.00,0.00,3.03,0.00,0.00,0.00,0.00
11:21:08,5,87.00,0.00,10.00,0.00,0.00,3.00,0.00,0.00,0.00,0.00
11:21:08,6,87.00,0.00,8.00,0.00,0.00,4.00,0.00,0.00,0.00,1.00
11:21:08,7,84.31,0.00,9.80,0.00,0.00,4.90,0.00,0.00,0.00,0.98
11:21:08,12,87.00,0.00,9.00,0.00,0.00,4.00,0.00,0.00,0.00,0.00
11:21:08,13,87.88,0.00,9.09,0.00,0.00,3.03,0.00,0.00,0.00,0.00
11:21:08,14,88.00,0.00,9.00,0.00,0.00,3.00,0.00,0.00,0.00,0.00
11:21:08,15,86.14,0.00,8.91,0.00,0.00,3.96,0.00,0.00,0.00,0.99
11:21:09,4,87.13,0.00,8.91,0.00,0.00,2.97,0.00,0.00,0.00,0.99
11:21:09,5,88.00,0.00,9.00,0.00,0.00,2.00,0.00,0.00,0.00,1.00
11:21:09,6,88.89,0.00,8.08,0.00,0.00,3.03,0.00,0.00,0.00,0.00
11:21:09,7,86.87,0.00,11.11,0.00,0.00,2.02,0.00,0.00,0.00,0.00
11:21:09,12,88.00,0.00,9.00,0.00,0.00,2.00,0.00,0.00,0.00,1.00
11:21:09,13,86.14,0.00,8.91,0.00,0.00,3.96,0.00,0.00,0.00,0.99
11:21:09,14,86.00,0.00,9.00,0.00,0.00,4.00,0.00,0.00,0.00,1.00
11:21:09,15,87.76,0.00,9.18,0.00,0.00,3.06,0.00,0.00,0.00,0.00
11:21:10,4,88.12,0.00,7.92,0.00,0.00,2.97,0.00,0.00,0.00,0.99
11:21:10,5,86.00,0.00,9.00,0.00,0.00,4.00,0.00,0.00,0.00,1.00
11:21:10,6,88.12,0.00,7.92,0.00,0.00,2.97,0.00,0.00,0.00,0.99
11:21:10,7,86.14,0.00,9.90,0.00,0.00,2.97,0.00,0.00,0.00,0.99
11:21:10,12,86.87,0.00,9.09,0.00,0.00,3.03,0.00,0.00,0.00,1.01
11:21:10,13,85.86,0.00,10.10,0.00,0.00,3.03,0.00,0.00,0.00,1.01
11:21:10,14,86.00,0.00,8.00,0.00,0.00,5.00,0.00,0.00,0.00,1.00
11:21:10,15,86.14,0.00,9.90,0.00,0.00,2.97,0.00,0.00,0.00,0.99
11:21:11,4,88.89,0.00,8.08,0.00,0.00,3.03,0.00,0.00,0.00,0.00
11:21:11,5,89.00,0.00,8.00,0.00,0.00,3.00,0.00,0.00,0.00,0.00
11:21:11,6,88.00,0.00,9.00,0.00,0.00,3.00,0.00,0.00,0.00,0.00
11:21:11,7,88.89,0.00,8.08,0.00,0.00,3.03,0.00,0.00,0.00,0.00
11:21:11,12,89.00,0.00,7.00,0.00,0.00,4.00,0.00,0.00,0.00,0.00
11:21:11,13,89.00,0.00,8.00,0.00,0.00,3.00,0.00,0.00,0.00,0.00
11:21:11,14,88.89,0.00,7.07,0.00,0.00,4.04,0.00,0.00,0.00,0.00
11:21:11,15,87.13,0.00,7.92,0.00,0.00,3.96,0.00,0.00,0.00,0.99
11:21:12,4,87.00,0.00,8.00,0.00,0.00,4.00,0.00,0.00,0.00,1.00
11:21:12,5,87.00,0.00,9.00,0.00,0.00,3.00,0.00,0.00,0.00,1.00
11:21:12,6,87.00,0.00,8.00,0.00,0.00,4.00,0.00,0.00,0.00,1.00
11:21:12,7,88.00,0.00,8.00,0.00,0.00,3.00,0.00,0.00,0.00,1.00
11:21:12,12,88.00,0.00,9.00,0.00,0.00,3.00,0.00,0.00,0.00,0.00
11:21:12,13,87.00,0.00,9.00,0.00,0.00,3.00,0.00,0.00,0.00,1.00
11:21:12,14,85.15,0.00,9.90,0.00,0.00,3.96,0.00,0.00,0.00,0.99
11:21:12,15,86.87,0.00,10.10,0.00,0.00,3.03,0.00,0.00,0.00,0.00
11:21:13,4,85.00,0.00,11.00,0.00,0.00,4.00,0.00,0.00,0.00,0.00
11:21:13,5,87.00,0.00,9.00,0.00,0.00,3.00,0.00,0.00,0.00,1.00
11:21:13,6,85.15,0.00,9.90,0.00,0.00,3.96,0.00,0.00,0.00,0.99
11:21:13,7,86.00,0.00,10.00,0.00,0.00,3.00,0.00,0.00,0.00,1.00
11:21:13,12,87.00,0.00,9.00,0.00,0.00,3.00,0.00,0.00,0.00,1.00
11:21:13,13,86.14,0.00,8.91,0.00,0.00,3.96,0.00,0.00,0.00,0.99
11:21:13,14,87.13,0.00,8.91,0.00,0.00,2.97,0.00,0.00,0.00,0.99
11:21:13,15,85.00,0.00,10.00,0.00,0.00,4.00,0.00,0.00,0.00,1.00
11:21:14,4,87.00,0.00,9.00,0.00,0.00,3.00,0.00,0.00,0.00,1.00
11:21:14,5,88.00,0.00,9.00,0.00,0.00,3.00,0.00,0.00,0.00,0.00
11:21:14,6,87.76,0.00,9.18,0.00,0.00,3.06,0.00,0.00,0.00,0.00
11:21:14,7,87.88,0.00,8.08,0.00,0.00,4.04,0.00,0.00,0.00,0.00
11:21:14,12,88.00,0.00,9.00,0.00,0.00,2.00,0.00,0.00,0.00,1.00
11:21:14,13,87.00,0.00,9.00,0.00,0.00,3.00,0.00,0.00,0.00,1.00
11:21:14,14,89.80,0.00,7.14,0.00,0.00,3.06,0.00,0.00,0.00,0.00
11:21:14,15,86.14,0.00,9.90,0.00,0.00,2.97,0.00,0.00,0.00,0.99
11:21:15,4,88.89,0.00,8.08,0.00,0.00,3.03,0.00,0.00,0.00,0.00
11:21:15,5,88.00,0.00,8.00,0.00,0.00,3.00,0.00,0.00,0.00,1.00
11:21:15,6,87.13,0.00,8.91,0.00,0.00,2.97,0.00,0.00,0.00,0.99
11:21:15,7,86.00,0.00,9.00,0.00,0.00,4.00,0.00,0.00,0.00,1.00
11:21:15,12,85.15,0.00,10.89,0.00,0.00,2.97,0.00,0.00,0.00,0.99
11:21:15,13,86.87,0.00,10.10,0.00,0.00,3.03,0.00,0.00,0.00,0.00
11:21:15,14,88.12,0.00,7.92,0.00,0.00,2.97,0.00,0.00,0.00,0.99
11:21:15,15,86.87,0.00,10.10,0.00,0.00,2.02,0.00,0.00,0.00,1.01
11:21:16,4,87.00,0.00,9.00,0.00,0.00,3.00,0.00,0.00,0.00,1.00
11:21:16,5,87.00,0.00,9.00,0.00,0.00,3.00,0.00,0.00,0.00,1.00
11:21:16,6,87.00,0.00,9.00,0.00,0.00,3.00,0.00,0.00,0.00,1.00
11:21:16,7,86.14,0.00,9.90,0.00,0.00,2.97,0.00,0.00,0.00,0.99
11:21:16,12,87.00,0.00,9.00,0.00,0.00,3.00,0.00,0.00,0.00,1.00
11:21:16,13,87.00,0.00,8.00,0.00,0.00,4.00,0.00,0.00,0.00,1.00
11:21:16,14,88.00,0.00,9.00,0.00,0.00,2.00,0.00,0.00,0.00,1.00
11:21:16,15,87.13,0.00,8.91,0.00,0.00,2.97,0.00,0.00,0.00,0.99
11:21:17,4,88.00,0.00,8.00,0.00,0.00,3.00,0.00,0.00,0.00,1.00
11:21:17,5,87.00,0.00,10.00,0.00,0.00,3.00,0.00,0.00,0.00,0.00
11:21:17,6,87.00,0.00,9.00,0.00,0.00,3.00,0.00,0.00,0.00,1.00
11:21:17,7,87.88,0.00,8.08,0.00,0.00,3.03,0.00,0.00,0.00,1.01
11:21:17,12,87.88,0.00,10.10,0.00,0.00,2.02,0.00,0.00,0.00,0.00
11:21:17,13,87.13,0.00,7.92,0.00,0.00,3.96,0.00,0.00,0.00,0.99
11:21:17,14,88.00,0.00,9.00,0.00,0.00,2.00,0.00,0.00,0.00,1.00
11:21:17,15,87.76,0.00,9.18,0.00,0.00,3.06,0.00,0.00,0.00,0.00
11:21:18,4,86.00,0.00,10.00,0.00,0.00,4.00,0.00,0.00,0.00,0.00
11:21:18,5,88.00,0.00,8.00,0.00,0.00,3.00,0.00,0.00,0.00,1.00
11:21:18,6,87.88,0.00,9.09,0.00,0.00,3.03,0.00,0.00,0.00,0.00
11:21:18,7,87.13,0.00,8.91,0.00,0.00,3.96,0.00,0.00,0.00,0.00
11:21:18,12,85.15,0.00,9.90,0.00,0.00,3.96,0.00,0.00,0.00,0.99
11:21:18,13,88.89,0.00,8.08,0.00,0.00,3.03,0.00,0.00,0.00,0.00
11:21:18,14,89.00,0.00,9.00,0.00,0.00,2.00,0.00,0.00,0.00,0.00
11:21:18,15,85.15,0.00,10.89,0.00,0.00,2.97,0.00,0.00,0.00,0.99
11:21:19,4,87.13,0.00,8.91,0.00,0.00,2.97,0.00,0.00,0.00,0.99
11:21:19,5,87.00,0.00,10.00,0.00,0.00,3.00,0.00,0.00,0.00,0.00
11:21:19,6,86.14,0.00,9.90,0.00,0.00,2.97,0.00,0.00,0.00,0.99
11:21:19,7,86.00,0.00,9.00,0.00,0.00,4.00,0.00,0.00,0.00,1.00
11:21:19,12,89.90,0.00,7.07,0.00,0.00,3.03,0.00,0.00,0.00,0.00
11:21:19,13,86.14,0.00,8.91,0.00,0.00,3.96,0.00,0.00,0.00,0.99
11:21:19,14,87.00,0.00,9.00,0.00,0.00,4.00,0.00,0.00,0.00,0.00
11:21:19,15,88.00,0.00,8.00,0.00,0.00,4.00,0.00,0.00,0.00,0.00
11:21:20,4,86.00,0.00,10.00,0.00,0.00,4.00,0.00,0.00,0.00,0.00
11:21:20,5,88.00,0.00,7.00,0.00,0.00,4.00,0.00,0.00,0.00,1.00
11:21:20,6,87.76,0.00,8.16,0.00,0.00,4.08,0.00,0.00,0.00,0.00
11:21:20,7,87.76,0.00,10.20,0.00,0.00,2.04,0.00,0.00,0.00,0.00
11:21:20,12,89.00,0.00,8.00,0.00,0.00,2.00,0.00,0.00,0.00,1.00
11:21:20,13,88.78,0.00,8.16,0.00,0.00,3.06,0.00,0.00,0.00,0.00
11:21:20,14,85.00,0.00,10.00,0.00,0.00,4.00,0.00,0.00,0.00,1.00
11:21:20,15,87.00,0.00,8.00,0.00,0.00,4.00,0.00,0.00,0.00,1.00
11:21:21,4,86.00,0.00,9.00,0.00,0.00,4.00,0.00,0.00,0.00,1.00
11:21:21,5,87.00,0.00,9.00,0.00,0.00,4.00,0.00,0.00,0.00,0.00
11:21:21,6,86.14,0.00,8.91,0.00,0.00,3.96,0.00,0.00,0.00,0.99
11:21:21,7,87.13,0.00,7.92,0.00,0.00,3.96,0.00,0.00,0.00,0.99
11:21:21,12,88.89,0.00,8.08,0.00,0.00,3.03,0.00,0.00,0.00,0.00
11:21:21,13,86.14,0.00,9.90,0.00,0.00,2.97,0.00,0.00,0.00,0.99
11:21:21,14,87.00,0.00,9.00,0.00,0.00,3.00,0.00,0.00,0.00,1.00
11:21:21,15,87.00,0.00,8.00,0.00,0.00,4.00,0.00,0.00,0.00,1.00
11:21:22,4,89.00,0.00,8.00,0.00,0.00,2.00,0.00,0.00,0.00,1.00
11:21:22,5,87.88,0.00,9.09,0.00,0.00,2.02,0.00,0.00,0.00,1.01
11:21:22,6,88.00,0.00,8.00,0.00,0.00,3.00,0.00,0.00,0.00,1.00
11:21:22,7,88.00,0.00,8.00,0.00,0.00,3.00,0.00,0.00,0.00,1.00
11:21:22,12,86.14,0.00,8.91,0.00,0.00,3.96,0.00,0.00,0.00,0.99
11:21:22,13,88.00,0.00,8.00,0.00,0.00,3.00,0.00,0.00,0.00,1.00
11:21:22,14,86.00,0.00,9.00,0.00,0.00,4.00,0.00,0.00,0.00,1.00
11:21:22,15,88.89,0.00,8.08,0.00,0.00,2.02,0.00,0.00,0.00,1.01
11:21:23,4,85.86,0.00,10.10,0.00,0.00,4.04,0.00,0.00,0.00,0.00
11:21:23,5,87.00,0.00,10.00,0.00,0.00,2.00,0.00,0.00,0.00,1.00
11:21:23,6,87.88,0.00,10.10,0.00,0.00,2.02,0.00,0.00,0.00,0.00
11:21:23,7,86.87,0.00,9.09,0.00,0.00,4.04,0.00,0.00,0.00,0.00
11:21:23,12,87.88,0.00,8.08,0.00,0.00,3.03,0.00,0.00,0.00,1.01
11:21:23,13,87.00,0.00,9.00,0.00,0.00,4.00,0.00,0.00,0.00,0.00
11:21:23,14,88.00,0.00,9.00,0.00,0.00,3.00,0.00,0.00,0.00,0.00
11:21:23,15,88.12,0.00,7.92,0.00,0.00,3.96,0.00,0.00,0.00,0.00
11:21:24,4,86.14,0.00,9.90,0.00,0.00,2.97,0.00,0.00,0.00,0.99
11:21:24,5,83.17,0.00,11.88,0.00,0.00,4.95,0.00,0.00,0.00,0.00
11:21:24,6,85.15,0.00,9.90,0.00,0.00,3.96,0.00,0.00,0.00,0.99
11:21:24,7,86.14,0.00,9.90,0.00,0.00,2.97,0.00,0.00,0.00,0.99
11:21:24,12,88.00,0.00,9.00,0.00,0.00,3.00,0.00,0.00,0.00,0.00
11:21:24,13,87.00,0.00,9.00,0.00,0.00,3.00,0.00,0.00,0.00,1.00
11:21:24,14,87.00,0.00,9.00,0.00,0.00,3.00,0.00,0.00,0.00,1.00
11:21:24,15,86.00,0.00,9.00,0.00,0.00,4.00,0.00,0.00,0.00,1.00
11:21:25,4,86.00,0.00,9.00,0.00,0.00,4.00,0.00,0.00,0.00,1.00
11:21:25,5,85.86,0.00,9.09,0.00,0.00,4.04,0.00,0.00,0.00,1.01
11:21:25,6,88.00,0.00,7.00,0.00,0.00,4.00,0.00,0.00,0.00,1.00
11:21:25,7,87.88,0.00,8.08,0.00,0.00,3.03,0.00,0.00,0.00,1.01
11:21:25,12,85.15,0.00,10.89,0.00,0.00,2.97,0.00,0.00,0.00,0.99
11:21:25,13,88.00,0.00,9.00,0.00,0.00,2.00,0.00,0.00,0.00,1.00
11:21:25,14,86.00,0.00,10.00,0.00,0.00,3.00,0.00,0.00,0.00,1.00
11:21:25,15,84.00,0.00,11.00,0.00,0.00,4.00,0.00,0.00,0.00,1.00
11:21:26,4,88.89,0.00,8.08,0.00,0.00,3.03,0.00,0.00,0.00,0.00
11:21:26,5,87.00,0.00,10.00,0.00,0.00,2.00,0.00,0.00,0.00,1.00
11:21:26,6,87.00,0.00,10.00,0.00,0.00,3.00,0.00,0.00,0.00,0.00
11:21:26,7,86.14,0.00,9.90,0.00,0.00,3.96,0.00,0.00,0.00,0.00
11:21:26,12,87.00,0.00,8.00,0.00,0.00,4.00,0.00,0.00,0.00,1.00
11:21:26,13,87.88,0.00,10.10,0.00,0.00,2.02,0.00,0.00,0.00,0.00
11:21:26,14,89.90,0.00,7.07,0.00,0.00,3.03,0.00,0.00,0.00,0.00
11:21:26,15,87.76,0.00,8.16,0.00,0.00,4.08,0.00,0.00,0.00,0.00
11:21:27,4,86.00,0.00,11.00,0.00,0.00,2.00,0.00,0.00,0.00,1.00
11:21:27,5,87.00,0.00,8.00,0.00,0.00,4.00,0.00,0.00,0.00,1.00
11:21:27,6,88.00,0.00,8.00,0.00,0.00,3.00,0.00,0.00,0.00,1.00
11:21:27,7,86.00,0.00,9.00,0.00,0.00,4.00,0.00,0.00,0.00,1.00
11:21:27,12,86.87,0.00,10.10,0.00,0.00,3.03,0.00,0.00,0.00,0.00
11:21:27,13,87.00,0.00,9.00,0.00,0.00,3.00,0.00,0.00,0.00,1.00
11:21:27,14,87.13,0.00,7.92,0.00,0.00,3.96,0.00,0.00,0.00,0.99
11:21:27,15,86.27,0.00,7.84,0.00,0.00,4.90,0.00,0.00,0.00,0.98
11:21:28,4,86.00,0.00,10.00,0.00,0.00,3.00,0.00,0.00,0.00,1.00
11:21:28,5,85.86,0.00,9.09,0.00,0.00,5.05,0.00,0.00,0.00,0.00
11:21:28,6,88.00,0.00,8.00,0.00,0.00,3.00,0.00,0.00,0.00,1.00
11:21:28,7,87.88,0.00,7.07,0.00,0.00,4.04,0.00,0.00,0.00,1.01
11:21:28,12,85.00,0.00,10.00,0.00,0.00,4.00,0.00,0.00,0.00,1.00
11:21:28,13,87.13,0.00,7.92,0.00,0.00,3.96,0.00,0.00,0.00,0.99
11:21:28,14,87.88,0.00,8.08,0.00,0.00,3.03,0.00,0.00,0.00,1.01
11:21:28,15,86.87,0.00,8.08,0.00,0.00,4.04,0.00,0.00,0.00,1.01
11:21:29,4,85.00,0.00,9.00,0.00,0.00,5.00,0.00,0.00,0.00,1.00
11:21:29,5,86.87,0.00,9.09,0.00,0.00,3.03,0.00,0.00,0.00,1.01
11:21:29,6,88.89,0.00,8.08,0.00,0.00,2.02,0.00,0.00,0.00,1.01
11:21:29,7,89.90,0.00,8.08,0.00,0.00,1.01,0.00,0.00,0.00,1.01
11:21:29,12,86.00,0.00,9.00,0.00,0.00,4.00,0.00,0.00,0.00,1.00
11:21:29,13,86.00,0.00,9.00,0.00,0.00,4.00,0.00,0.00,0.00,1.00
11:21:29,14,88.00,0.00,8.00,0.00,0.00,3.00,0.00,0.00,0.00,1.00
11:21:29,15,85.00,0.00,10.00,0.00,0.00,4.00,0.00,0.00,0.00,1.00
11:21:30,4,87.88,0.00,9.09,0.00,0.00,3.03,0.00,0.00,0.00,0.00
11:21:30,5,85.15,0.00,10.89,0.00,0.00,2.97,0.00,0.00,0.00,0.99
11:21:30,6,86.00,0.00,10.00,0.00,0.00,4.00,0.00,0.00,0.00,0.00
11:21:30,7,85.15,0.00,10.89,0.00,0.00,3.96,0.00,0.00,0.00,0.00
11:21:30,12,89.90,0.00,7.07,0.00,0.00,3.03,0.00,0.00,0.00,0.00
11:21:30,13,86.87,0.00,9.09,0.00,0.00,4.04,0.00,0.00,0.00,0.00
11:21:30,14,86.87,0.00,9.09,0.00,0.00,4.04,0.00,0.00,0.00,0.00
11:21:30,15,84.00,0.00,10.00,0.00,0.00,5.00,0.00,0.00,0.00,1.00
11:21:31,4,84.16,0.00,9.90,0.00,0.00,4.95,0.00,0.00,0.00,0.99
11:21:31,5,87.88,0.00,9.09,0.00,0.00,2.02,0.00,0.00,0.00,1.01
11:21:31,6,86.14,0.00,9.90,0.00,0.00,2.97,0.00,0.00,0.00,0.99
11:21:31,7,88.00,0.00,8.00,0.00,0.00,3.00,0.00,0.00,0.00,1.00
11:21:31,12,87.88,0.00,8.08,0.00,0.00,3.03,0.00,0.00,0.00,1.01
11:21:31,13,86.14,0.00,9.90,0.00,0.00,2.97,0.00,0.00,0.00,0.99
11:21:31,14,84.00,0.00,11.00,0.00,0.00,4.00,0.00,0.00,0.00,1.00
11:21:31,15,86.00,0.00,10.00,0.00,0.00,3.00,0.00,0.00,0.00,1.00
11:21:32,4,85.00,0.00,10.00,0.00,0.00,4.00,0.00,0.00,0.00,1.00
11:21:32,5,87.00,0.00,8.00,0.00,0.00,4.00,0.00,0.00,0.00,1.00
11:21:32,6,87.88,0.00,8.08,0.00,0.00,3.03,0.00,0.00,0.00,1.01
11:21:32,7,86.00,0.00,9.00,0.00,0.00,4.00,0.00,0.00,0.00,1.00
11:21:32,12,85.15,0.00,8.91,0.00,0.00,4.95,0.00,0.00,0.00,0.99
11:21:32,13,88.89,0.00,7.07,0.00,0.00,2.02,0.00,0.00,0.00,2.02
11:21:32,14,86.00,0.00,11.00,0.00,0.00,2.00,0.00,0.00,0.00,1.00
11:21:32,15,85.86,0.00,9.09,0.00,0.00,4.04,0.00,0.00,0.00,1.01
11:21:33,4,87.00,0.00,9.00,0.00,0.00,3.00,0.00,0.00,0.00,1.00
11:21:33,5,85.86,0.00,10.10,0.00,0.00,4.04,0.00,0.00,0.00,0.00
11:21:33,6,88.00,0.00,8.00,0.00,0.00,3.00,0.00,0.00,0.00,1.00
11:21:33,7,86.87,0.00,9.09,0.00,0.00,3.03,0.00,0.00,0.00,1.01
11:21:33,12,87.88,0.00,8.08,0.00,0.00,3.03,0.00,0.00,0.00,1.01
11:21:33,13,87.00,0.00,10.00,0.00,0.00,3.00,0.00,0.00,0.00,0.00
11:21:33,14,89.00,0.00,7.00,0.00,0.00,3.00,0.00,0.00,0.00,1.00
11:21:33,15,85.15,0.00,9.90,0.00,0.00,4.95,0.00,0.00,0.00,0.00
11:21:34,4,86.00,0.00,10.00,0.00,0.00,3.00,0.00,0.00,0.00,1.00
11:21:34,5,87.00,0.00,8.00,0.00,0.00,4.00,0.00,0.00,0.00,1.00
11:21:34,6,87.00,0.00,8.00,0.00,0.00,4.00,0.00,0.00,0.00,1.00
11:21:34,7,86.00,0.00,9.00,0.00,0.00,4.00,0.00,0.00,0.00,1.00
11:21:34,12,88.12,0.00,8.91,0.00,0.00,1.98,0.00,0.00,0.00,0.99
11:21:34,13,86.87,0.00,9.09,0.00,0.00,3.03,0.00,0.00,0.00,1.01
11:21:34,14,88.00,0.00,8.00,0.00,0.00,3.00,0.00,0.00,0.00,1.00
11:21:34,15,87.88,0.00,8.08,0.00,0.00,3.03,0.00,0.00,0.00,1.01
11:21:35,4,89.90,0.00,7.07,0.00,0.00,2.02,0.00,0.00,0.00,1.01
11:21:35,5,85.15,0.00,8.91,0.00,0.00,4.95,0.00,0.00,0.00,0.99
11:21:35,6,86.00,0.00,8.00,0.00,0.00,5.00,0.00,0.00,0.00,1.00
11:21:35,7,87.00,0.00,9.00,0.00,0.00,3.00,0.00,0.00,0.00,1.00
11:21:35,12,85.00,0.00,11.00,0.00,0.00,3.00,0.00,0.00,0.00,1.00
11:21:35,13,87.13,0.00,7.92,0.00,0.00,3.96,0.00,0.00,0.00,0.99
11:21:35,14,85.86,0.00,9.09,0.00,0.00,4.04,0.00,0.00,0.00,1.01
11:21:35,15,85.15,0.00,8.91,0.00,0.00,3.96,0.00,0.00,0.00,1.98
11:21:36,4,85.15,0.00,9.90,0.00,0.00,3.96,0.00,0.00,0.00,0.99
11:21:36,5,86.00,0.00,10.00,0.00,0.00,3.00,0.00,0.00,0.00,1.00
11:21:36,6,87.00,0.00,9.00,0.00,0.00,3.00,0.00,0.00,0.00,1.00
11:21:36,7,86.14,0.00,8.91,0.00,0.00,3.96,0.00,0.00,0.00,0.99
11:21:36,12,87.00,0.00,8.00,0.00,0.00,4.00,0.00,0.00,0.00,1.00
11:21:36,13,85.86,0.00,10.10,0.00,0.00,3.03,0.00,0.00,0.00,1.01
11:21:36,14,86.14,0.00,8.91,0.00,0.00,3.96,0.00,0.00,0.00,0.99
11:21:36,15,84.85,0.00,10.10,0.00,0.00,4.04,0.00,0.00,0.00,1.01
11:21:37,4,86.87,0.00,9.09,0.00,0.00,4.04,0.00,0.00,0.00,0.00
11:21:37,5,87.00,0.00,8.00,0.00,0.00,4.00,0.00,0.00,0.00,1.00
11:21:37,6,86.87,0.00,10.10,0.00,0.00,3.03,0.00,0.00,0.00,0.00
11:21:37,7,89.90,0.00,7.07,0.00,0.00,3.03,0.00,0.00,0.00,0.00
11:21:37,12,86.87,0.00,9.09,0.00,0.00,3.03,0.00,0.00,0.00,1.01
11:21:37,13,86.14,0.00,9.90,0.00,0.00,3.96,0.00,0.00,0.00,0.00
11:21:37,14,86.14,0.00,8.91,0.00,0.00,3.96,0.00,0.00,0.00,0.99
11:21:37,15,88.00,0.00,9.00,0.00,0.00,3.00,0.00,0.00,0.00,0.00
11:21:38,4,86.00,0.00,9.00,0.00,0.00,4.00,0.00,0.00,0.00,1.00
11:21:38,5,87.76,0.00,9.18,0.00,0.00,3.06,0.00,0.00,0.00,0.00
11:21:38,6,88.12,0.00,7.92,0.00,0.00,2.97,0.00,0.00,0.00,0.99
11:21:38,7,86.00,0.00,10.00,0.00,0.00,3.00,0.00,0.00,0.00,1.00
11:21:38,12,85.15,0.00,10.89,0.00,0.00,2.97,0.00,0.00,0.00,0.99
11:21:38,13,87.76,0.00,8.16,0.00,0.00,3.06,0.00,0.00,0.00,1.02
11:21:38,14,87.76,0.00,10.20,0.00,0.00,2.04,0.00,0.00,0.00,0.00
11:21:38,15,84.00,0.00,11.00,0.00,0.00,4.00,0.00,0.00,0.00,1.00
11:21:39,4,87.00,0.00,9.00,0.00,0.00,4.00,0.00,0.00,0.00,0.00
11:21:39,5,86.14,0.00,7.92,0.00,0.00,4.95,0.00,0.00,0.00,0.99
11:21:39,6,87.88,0.00,9.09,0.00,0.00,3.03,0.00,0.00,0.00,0.00
11:21:39,7,88.00,0.00,8.00,0.00,0.00,3.00,0.00,0.00,0.00,1.00
11:21:39,12,85.86,0.00,10.10,0.00,0.00,4.04,0.00,0.00,0.00,0.00
11:21:39,13,86.87,0.00,10.10,0.00,0.00,3.03,0.00,0.00,0.00,0.00
11:21:39,14,89.11,0.00,6.93,0.00,0.00,2.97,0.00,0.00,0.00,0.99
11:21:39,15,87.00,0.00,8.00,0.00,0.00,4.00,0.00,0.00,0.00,1.00
11:21:40,4,86.14,0.00,8.91,0.00,0.00,3.96,0.00,0.00,0.00,0.99
11:21:40,5,88.89,0.00,8.08,0.00,0.00,3.03,0.00,0.00,0.00,0.00
11:21:40,6,84.85,0.00,10.10,0.00,0.00,4.04,0.00,0.00,0.00,1.01
11:21:40,7,87.00,0.00,9.00,0.00,0.00,4.00,0.00,0.00,0.00,0.00
11:21:40,12,84.00,0.00,11.00,0.00,0.00,4.00,0.00,0.00,0.00,1.00
11:21:40,13,88.00,0.00,8.00,0.00,0.00,3.00,0.00,0.00,0.00,1.00
11:21:40,14,86.14,0.00,9.90,0.00,0.00,2.97,0.00,0.00,0.00,0.99
11:21:40,15,87.00,0.00,9.00,0.00,0.00,3.00,0.00,0.00,0.00,1.00
11:21:41,4,87.88,0.00,8.08,0.00,0.00,3.03,0.00,0.00,0.00,1.01
11:21:41,5,86.14,0.00,9.90,0.00,0.00,2.97,0.00,0.00,0.00,0.99
11:21:41,6,87.13,0.00,8.91,0.00,0.00,2.97,0.00,0.00,0.00,0.99
11:21:41,7,87.00,0.00,9.00,0.00,0.00,3.00,0.00,0.00,0.00,1.00
11:21:41,12,87.88,0.00,10.10,0.00,0.00,2.02,0.00,0.00,0.00,0.00
11:21:41,13,84.31,0.00,11.76,0.00,0.00,2.94,0.00,0.00,0.00,0.98
11:21:41,14,86.87,0.00,9.09,0.00,0.00,4.04,0.00,0.00,0.00,0.00
11:21:41,15,88.00,0.00,8.00,0.00,0.00,4.00,0.00,0.00,0.00,0.00
11:21:42,4,86.00,0.00,10.00,0.00,0.00,4.00,0.00,0.00,0.00,0.00
11:21:42,5,85.86,0.00,11.11,0.00,0.00,3.03,0.00,0.00,0.00,0.00
11:21:42,6,88.78,0.00,8.16,0.00,0.00,3.06,0.00,0.00,0.00,0.00
11:21:42,7,87.00,0.00,9.00,0.00,0.00,3.00,0.00,0.00,0.00,1.00
11:21:42,12,88.12,0.00,6.93,0.00,0.00,3.96,0.00,0.00,0.00,0.99
11:21:42,13,86.87,0.00,10.10,0.00,0.00,3.03,0.00,0.00,0.00,0.00
11:21:42,14,86.00,0.00,10.00,0.00,0.00,3.00,0.00,0.00,0.00,1.00
11:21:42,15,86.00,0.00,10.00,0.00,0.00,3.00,0.00,0.00,0.00,1.00
11:21:43,4,85.15,0.00,8.91,0.00,0.00,4.95,0.00,0.00,0.00,0.99
11:21:43,5,87.00,0.00,9.00,0.00,0.00,3.00,0.00,0.00,0.00,1.00
11:21:43,6,84.16,0.00,10.89,0.00,0.00,3.96,0.00,0.00,0.00,0.99
11:21:43,7,86.00,0.00,10.00,0.00,0.00,4.00,0.00,0.00,0.00,0.00
11:21:43,12,88.00,0.00,9.00,0.00,0.00,3.00,0.00,0.00,0.00,0.00
11:21:43,13,86.87,0.00,8.08,0.00,0.00,4.04,0.00,0.00,0.00,1.01
11:21:43,14,86.00,0.00,10.00,0.00,0.00,3.00,0.00,0.00,0.00,1.00
11:21:43,15,87.88,0.00,8.08,0.00,0.00,4.04,0.00,0.00,0.00,0.00
11:21:44,4,89.80,0.00,8.16,0.00,0.00,2.04,0.00,0.00,0.00,0.00
11:21:44,5,87.00,0.00,10.00,0.00,0.00,3.00,0.00,0.00,0.00,0.00
11:21:44,6,86.87,0.00,9.09,0.00,0.00,4.04,0.00,0.00,0.00,0.00
11:21:44,7,88.12,0.00,7.92,0.00,0.00,2.97,0.00,0.00,0.00,0.99
11:21:44,12,87.00,0.00,9.00,0.00,0.00,3.00,0.00,0.00,0.00,1.00
11:21:44,13,88.00,0.00,9.00,0.00,0.00,3.00,0.00,0.00,0.00,0.00
11:21:44,14,88.00,0.00,8.00,0.00,0.00,4.00,0.00,0.00,0.00,0.00
11:21:44,15,85.15,0.00,10.89,0.00,0.00,2.97,0.00,0.00,0.00,0.99
11:21:45,4,87.13,0.00,8.91,0.00,0.00,2.97,0.00,0.00,0.00,0.99
11:21:45,5,86.14,0.00,9.90,0.00,0.00,2.97,0.00,0.00,0.00,0.99
11:21:45,6,86.14,0.00,9.90,0.00,0.00,3.96,0.00,0.00,0.00,0.00
11:21:45,7,88.89,0.00,8.08,0.00,0.00,3.03,0.00,0.00,0.00,0.00
11:21:45,12,85.86,0.00,10.10,0.00,0.00,4.04,0.00,0.00,0.00,0.00
11:21:45,13,88.00,0.00,9.00,0.00,0.00,3.00,0.00,0.00,0.00,0.00
11:21:45,14,90.91,0.00,6.06,0.00,0.00,3.03,0.00,0.00,0.00,0.00
11:21:45,15,88.00,0.00,8.00,0.00,0.00,4.00,0.00,0.00,0.00,0.00
11:21:46,4,87.00,0.00,8.00,0.00,0.00,4.00,0.00,0.00,0.00,1.00
11:21:46,5,85.86,0.00,10.10,0.00,0.00,4.04,0.00,0.00,0.00,0.00
11:21:46,6,87.88,0.00,7.07,0.00,0.00,4.04,0.00,0.00,0.00,1.01
11:21:46,7,87.88,0.00,9.09,0.00,0.00,2.02,0.00,0.00,0.00,1.01
11:21:46,12,88.12,0.00,7.92,0.00,0.00,2.97,0.00,0.00,0.00,0.99
11:21:46,13,88.00,0.00,8.00,0.00,0.00,3.00,0.00,0.00,0.00,1.00
11:21:46,14,87.00,0.00,8.00,0.00,0.00,4.00,0.00,0.00,0.00,1.00
11:21:46,15,87.88,0.00,8.08,0.00,0.00,3.03,0.00,0.00,0.00,1.01
11:21:47,4,87.00,0.00,10.00,0.00,0.00,3.00,0.00,0.00,0.00,0.00
11:21:47,5,85.15,0.00,9.90,0.00,0.00,3.96,0.00,0.00,0.00,0.99
11:21:47,6,88.00,0.00,9.00,0.00,0.00,2.00,0.00,0.00,0.00,1.00
11:21:47,7,86.27,0.00,7.84,0.00,0.00,4.90,0.00,0.00,0.00,0.98
11:21:47,12,87.88,0.00,8.08,0.00,0.00,4.04,0.00,0.00,0.00,0.00
11:21:47,13,86.00,0.00,9.00,0.00,0.00,4.00,0.00,0.00,0.00,1.00
11:21:47,14,87.13,0.00,8.91,0.00,0.00,2.97,0.00,0.00,0.00,0.99
11:21:47,15,87.00,0.00,9.00,0.00,0.00,4.00,0.00,0.00,0.00,0.00
11:21:48,4,87.00,0.00,8.00,0.00,0.00,4.00,0.00,0.00,0.00,1.00
11:21:48,5,87.00,0.00,8.00,0.00,0.00,4.00,0.00,0.00,0.00,1.00
11:21:48,6,86.00,0.00,10.00,0.00,0.00,3.00,0.00,0.00,0.00,1.00
11:21:48,7,86.73,0.00,9.18,0.00,0.00,3.06,0.00,0.00,0.00,1.02
11:21:48,12,87.13,0.00,8.91,0.00,0.00,2.97,0.00,0.00,0.00,0.99
11:21:48,13,86.14,0.00,9.90,0.00,0.00,2.97,0.00,0.00,0.00,0.99
11:21:48,14,87.88,0.00,8.08,0.00,0.00,4.04,0.00,0.00,0.00,0.00
11:21:48,15,86.00,0.00,10.00,0.00,0.00,3.00,0.00,0.00,0.00,1.00
11:21:49,4,87.00,0.00,9.00,0.00,0.00,4.00,0.00,0.00,0.00,0.00
11:21:49,5,88.89,0.00,8.08,0.00,0.00,3.03,0.00,0.00,0.00,0.00
11:21:49,6,89.00,0.00,7.00,0.00,0.00,4.00,0.00,0.00,0.00,0.00
11:21:49,7,88.00,0.00,9.00,0.00,0.00,3.00,0.00,0.00,0.00,0.00
11:21:49,12,89.00,0.00,8.00,0.00,0.00,2.00,0.00,0.00,0.00,1.00
11:21:49,13,88.78,0.00,7.14,0.00,0.00,4.08,0.00,0.00,0.00,0.00
11:21:49,14,89.00,0.00,7.00,0.00,0.00,3.00,0.00,0.00,0.00,1.00
11:21:49,15,88.12,0.00,7.92,0.00,0.00,2.97,0.00,0.00,0.00,0.99
11:21:50,4,88.00,0.00,9.00,0.00,0.00,2.00,0.00,0.00,0.00,1.00
11:21:50,5,85.15,0.00,9.90,0.00,0.00,3.96,0.00,0.00,0.00,0.99
11:21:50,6,89.00,0.00,7.00,0.00,0.00,3.00,0.00,0.00,0.00,1.00
11:21:50,7,88.00,0.00,9.00,0.00,0.00,2.00,0.00,0.00,0.00,1.00
11:21:50,12,87.76,0.00,9.18,0.00,0.00,3.06,0.00,0.00,0.00,0.00
11:21:50,13,87.00,0.00,8.00,0.00,0.00,4.00,0.00,0.00,0.00,1.00
11:21:50,14,88.00,0.00,8.00,0.00,0.00,3.00,0.00,0.00,0.00,1.00
11:21:50,15,86.87,0.00,9.09,0.00,0.00,3.03,0.00,0.00,0.00,1.01
11:21:51,4,87.00,0.00,8.00,0.00,0.00,4.00,0.00,0.00,0.00,1.00
11:21:51,5,89.80,0.00,7.14,0.00,0.00,3.06,0.00,0.00,0.00,0.00
11:21:51,6,89.00,0.00,9.00,0.00,0.00,2.00,0.00,0.00,0.00,0.00
11:21:51,7,87.00,0.00,8.00,0.00,0.00,4.00,0.00,0.00,0.00,1.00
11:21:51,12,86.14,0.00,8.91,0.00,0.00,3.96,0.00,0.00,0.00,0.99
11:21:51,13,87.13,0.00,7.92,0.00,0.00,3.96,0.00,0.00,0.00,0.99
11:21:51,14,87.00,0.00,9.00,0.00,0.00,4.00,0.00,0.00,0.00,0.00
11:21:51,15,88.00,0.00,8.00,0.00,0.00,4.00,0.00,0.00,0.00,0.00
11:21:52,4,88.00,0.00,10.00,0.00,0.00,2.00,0.00,0.00,0.00,0.00
11:21:52,5,85.29,0.00,9.80,0.00,0.00,3.92,0.00,0.00,0.00,0.98
11:21:52,6,87.88,0.00,8.08,0.00,0.00,3.03,0.00,0.00,0.00,1.01
11:21:52,7,86.87,0.00,9.09,0.00,0.00,4.04,0.00,0.00,0.00,0.00
11:21:52,12,87.00,0.00,9.00,0.00,0.00,3.00,0.00,0.00,0.00,1.00
11:21:52,13,89.90,0.00,7.07,0.00,0.00,3.03,0.00,0.00,0.00,0.00
11:21:52,14,85.00,0.00,11.00,0.00,0.00,3.00,0.00,0.00,0.00,1.00
11:21:52,15,85.00,0.00,9.00,0.00,0.00,5.00,0.00,0.00,0.00,1.00
11:21:53,4,86.00,0.00,10.00,0.00,0.00,3.00,0.00,0.00,0.00,1.00
11:21:53,5,87.88,0.00,9.09,0.00,0.00,3.03,0.00,0.00,0.00,0.00
11:21:53,6,87.88,0.00,9.09,0.00,0.00,3.03,0.00,0.00,0.00,0.00
11:21:53,7,85.15,0.00,9.90,0.00,0.00,3.96,0.00,0.00,0.00,0.99
11:21:53,12,86.00,0.00,11.00,0.00,0.00,3.00,0.00,0.00,0.00,0.00
11:21:53,13,86.14,0.00,8.91,0.00,0.00,4.95,0.00,0.00,0.00,0.00
11:21:53,14,86.87,0.00,10.10,0.00,0.00,3.03,0.00,0.00,0.00,0.00
11:21:53,15,87.88,0.00,9.09,0.00,0.00,3.03,0.00,0.00,0.00,0.00
11:21:54,4,89.90,0.00,8.08,0.00,0.00,2.02,0.00,0.00,0.00,0.00
11:21:54,5,87.00,0.00,9.00,0.00,0.00,3.00,0.00,0.00,0.00,1.00
11:21:54,6,86.14,0.00,8.91,0.00,0.00,3.96,0.00,0.00,0.00,0.99
11:21:54,7,86.00,0.00,10.00,0.00,0.00,4.00,0.00,0.00,0.00,0.00
11:21:54,12,87.25,0.00,8.82,0.00,0.00,2.94,0.00,0.00,0.00,0.98
11:21:54,13,86.87,0.00,10.10,0.00,0.00,2.02,0.00,0.00,0.00,1.01
11:21:54,14,85.15,0.00,8.91,0.00,0.00,4.95,0.00,0.00,0.00,0.99
11:21:54,15,85.29,0.00,9.80,0.00,0.00,3.92,0.00,0.00,0.00,0.98
11:21:55,4,85.15,0.00,8.91,0.00,0.00,4.95,0.00,0.00,0.00,0.99
11:21:55,5,88.00,0.00,8.00,0.00,0.00,4.00,0.00,0.00,0.00,0.00
11:21:55,6,87.00,0.00,8.00,0.00,0.00,4.00,0.00,0.00,0.00,1.00
11:21:55,7,87.88,0.00,9.09,0.00,0.00,2.02,0.00,0.00,0.00,1.01
11:21:55,12,86.87,0.00,8.08,0.00,0.00,4.04,0.00,0.00,0.00,1.01
11:21:55,13,88.00,0.00,8.00,0.00,0.00,3.00,0.00,0.00,0.00,1.00
11:21:55,14,89.00,0.00,7.00,0.00,0.00,3.00,0.00,0.00,0.00,1.00
11:21:55,15,87.88,0.00,8.08,0.00,0.00,3.03,0.00,0.00,0.00,1.01
11:21:56,4,86.00,0.00,10.00,0.00,0.00,3.00,0.00,0.00,0.00,1.00
11:21:56,5,87.13,0.00,7.92,0.00,0.00,3.96,0.00,0.00,0.00,0.99
11:21:56,6,86.87,0.00,9.09,0.00,0.00,4.04,0.00,0.00,0.00,0.00
11:21:56,7,85.15,0.00,10.89,0.00,0.00,2.97,0.00,0.00,0.00,0.99
11:21:56,12,88.89,0.00,8.08,0.00,0.00,3.03,0.00,0.00,0.00,0.00
11:21:56,13,87.88,0.00,9.09,0.00,0.00,3.03,0.00,0.00,0.00,0.00
11:21:56,14,87.00,0.00,9.00,0.00,0.00,4.00,0.00,0.00,0.00,0.00
11:21:56,15,87.00,0.00,9.00,0.00,0.00,4.00,0.00,0.00,0.00,0.00
11:21:57,4,87.13,0.00,7.92,0.00,0.00,3.96,0.00,0.00,0.00,0.99
11:21:57,5,88.89,0.00,8.08,0.00,0.00,2.02,0.00,0.00,0.00,1.01
11:21:57,6,87.00,0.00,9.00,0.00,0.00,3.00,0.00,0.00,0.00,1.00
11:21:57,7,87.00,0.00,9.00,0.00,0.00,3.00,0.00,0.00,0.00,1.00
11:21:57,12,89.00,0.00,8.00,0.00,0.00,2.00,0.00,0.00,0.00,1.00
11:21:57,13,87.13,0.00,7.92,0.00,0.00,2.97,0.00,0.00,0.00,1.98
11:21:57,14,87.00,0.00,9.00,0.00,0.00,3.00,0.00,0.00,0.00,1.00
11:21:57,15,88.89,0.00,7.07,0.00,0.00,3.03,0.00,0.00,0.00,1.01
11:21:58,4,88.89,0.00,8.08,0.00,0.00,2.02,0.00,0.00,0.00,1.01
11:21:58,5,87.00,0.00,9.00,0.00,0.00,3.00,0.00,0.00,0.00,1.00
11:21:58,6,85.00,0.00,10.00,0.00,0.00,4.00,0.00,0.00,0.00,1.00
11:21:58,7,85.86,0.00,10.10,0.00,0.00,3.03,0.00,0.00,0.00,1.01
11:21:58,12,86.14,0.00,8.91,0.00,0.00,3.96,0.00,0.00,0.00,0.99
11:21:58,13,88.00,0.00,10.00,0.00,0.00,2.00,0.00,0.00,0.00,0.00
11:21:58,14,85.86,0.00,10.10,0.00,0.00,3.03,0.00,0.00,0.00,1.01
11:21:58,15,86.14,0.00,9.90,0.00,0.00,2.97,0.00,0.00,0.00,0.99
11:21:59,4,87.88,0.00,8.08,0.00,0.00,4.04,0.00,0.00,0.00,0.00
11:21:59,5,87.00,0.00,10.00,0.00,0.00,3.00,0.00,0.00,0.00,0.00
11:21:59,6,88.00,0.00,8.00,0.00,0.00,4.00,0.00,0.00,0.00,0.00
11:21:59,7,88.00,0.00,8.00,0.00,0.00,4.00,0.00,0.00,0.00,0.00
11:21:59,12,87.00,0.00,10.00,0.00,0.00,3.00,0.00,0.00,0.00,0.00
11:21:59,13,86.00,0.00,11.00,0.00,0.00,3.00,0.00,0.00,0.00,0.00
11:21:59,14,87.88,0.00,9.09,0.00,0.00,3.03,0.00,0.00,0.00,0.00
11:21:59,15,87.88,0.00,9.09,0.00,0.00,3.03,0.00,0.00,0.00,0.00
11:22:00,4,88.00,0.00,9.00,0.00,0.00,2.00,0.00,0.00,0.00,1.00
11:22:00,5,87.00,0.00,8.00,0.00,0.00,4.00,0.00,0.00,0.00,1.00
11:22:00,6,87.00,0.00,9.00,0.00,0.00,3.00,0.00,0.00,0.00,1.00
11:22:00,7,87.13,0.00,8.91,0.00,0.00,2.97,0.00,0.00,0.00,0.99
11:22:00,12,86.14,0.00,9.90,0.00,0.00,2.97,0.00,0.00,0.00,0.99
11:22:00,13,86.14,0.00,9.90,0.00,0.00,2.97,0.00,0.00,0.00,0.99
11:22:00,14,88.00,0.00,8.00,0.00,0.00,3.00,0.00,0.00,0.00,1.00
11:22:00,15,88.00,0.00,8.00,0.00,0.00,3.00,0.00,0.00,0.00,1.00
11:22:01,4,87.88,0.00,9.09,0.00,0.00,3.03,0.00,0.00,0.00,0.00
11:22:01,5,86.87,0.00,9.09,0.00,0.00,3.03,0.00,0.00,0.00,1.01
11:22:01,6,86.14,0.00,8.91,0.00,0.00,3.96,0.00,0.00,0.00,0.99
11:22:01,7,87.88,0.00,8.08,0.00,0.00,3.03,0.00,0.00,0.00,1.01
11:22:01,12,89.80,0.00,7.14,0.00,0.00,3.06,0.00,0.00,0.00,0.00
11:22:01,13,87.76,0.00,8.16,0.00,0.00,3.06,0.00,0.00,0.00,1.02
11:22:01,14,88.12,0.00,7.92,0.00,0.00,2.97,0.00,0.00,0.00,0.99
11:22:01,15,86.00,0.00,9.00,0.00,0.00,4.00,0.00,0.00,0.00,1.00
11:22:02,4,84.16,0.00,9.90,0.00,0.00,4.95,0.00,0.00,0.00,0.99
11:22:02,5,87.00,0.00,9.00,0.00,0.00,4.00,0.00,0.00,0.00,0.00
11:22:02,6,87.00,0.00,8.00,0.00,0.00,4.00,0.00,0.00,0.00,1.00
11:22:02,7,86.87,0.00,10.10,0.00,0.00,3.03,0.00,0.00,0.00,0.00
11:22:02,12,88.12,0.00,6.93,0.00,0.00,3.96,0.00,0.00,0.00,0.99
11:22:02,13,86.14,0.00,9.90,0.00,0.00,2.97,0.00,0.00,0.00,0.99
11:22:02,14,85.86,0.00,10.10,0.00,0.00,3.03,0.00,0.00,0.00,1.01
11:22:02,15,88.00,0.00,8.00,0.00,0.00,3.00,0.00,0.00,0.00,1.00
11:22:03,4,86.00,0.00,10.00,0.00,0.00,3.00,0.00,0.00,0.00,1.00
11:22:03,5,85.15,0.00,9.90,0.00,0.00,3.96,0.00,0.00,0.00,0.99
11:22:03,6,86.87,0.00,9.09,0.00,0.00,4.04,0.00,0.00,0.00,0.00
11:22:03,7,86.00,0.00,8.00,0.00,0.00,5.00,0.00,0.00,0.00,1.00
11:22:03,12,89.00,0.00,7.00,0.00,0.00,3.00,0.00,0.00,0.00,1.00
11:22:03,13,87.13,0.00,8.91,0.00,0.00,2.97,0.00,0.00,0.00,0.99
11:22:03,14,87.13,0.00,8.91,0.00,0.00,3.96,0.00,0.00,0.00,0.00
11:22:03,15,86.00,0.00,10.00,0.00,0.00,4.00,0.00,0.00,0.00,0.00
11:22:04,4,85.86,0.00,9.09,0.00,0.00,5.05,0.00,0.00,0.00,0.00
11:22:04,5,86.87,0.00,10.10,0.00,0.00,3.03,0.00,0.00,0.00,0.00
11:22:04,6,86.14,0.00,9.90,0.00,0.00,2.97,0.00,0.00,0.00,0.99
11:22:04,7,87.00,0.00,10.00,0.00,0.00,3.00,0.00,0.00,0.00,0.00
11:22:04,12,86.87,0.00,9.09,0.00,0.00,4.04,0.00,0.00,0.00,0.00
11:22:04,13,86.87,0.00,9.09,0.00,0.00,4.04,0.00,0.00,0.00,0.00
11:22:04,14,85.00,0.00,10.00,0.00,0.00,4.00,0.00,0.00,0.00,1.00
11:22:04,15,85.00,0.00,11.00,0.00,0.00,3.00,0.00,0.00,0.00,1.00
11:22:05,4,86.14,0.00,9.90,0.00,0.00,2.97,0.00,0.00,0.00,0.99
11:22:05,5,87.00,0.00,9.00,0.00,0.00,3.00,0.00,0.00,0.00,1.00
11:22:05,6,89.90,0.00,7.07,0.00,0.00,3.03,0.00,0.00,0.00,0.00
11:22:05,7,86.14,0.00,7.92,0.00,0.00,4.95,0.00,0.00,0.00,0.99
11:22:05,12,86.14,0.00,8.91,0.00,0.00,3.96,0.00,0.00,0.00,0.99
11:22:05,13,88.12,0.00,7.92,0.00,0.00,2.97,0.00,0.00,0.00,0.99
11:22:05,14,87.00,0.00,9.00,0.00,0.00,3.00,0.00,0.00,0.00,1.00
11:22:05,15,86.00,0.00,9.00,0.00,0.00,4.00,0.00,0.00,0.00,1.00
11:22:06,4,87.88,0.00,8.08,0.00,0.00,4.04,0.00,0.00,0.00,0.00
11:22:06,5,88.00,0.00,8.00,0.00,0.00,3.00,0.00,0.00,0.00,1.00
11:22:06,6,87.00,0.00,9.00,0.00,0.00,3.00,0.00,0.00,0.00,1.00
11:22:06,7,87.00,0.00,9.00,0.00,0.00,3.00,0.00,0.00,0.00,1.00
11:22:06,12,86.00,0.00,10.00,0.00,0.00,3.00,0.00,0.00,0.00,1.00
11:22:06,13,88.89,0.00,7.07,0.00,0.00,4.04,0.00,0.00,0.00,0.00
11:22:06,14,87.88,0.00,8.08,0.00,0.00,4.04,0.00,0.00,0.00,0.00
11:22:06,15,87.00,0.00,10.00,0.00,0.00,3.00,0.00,0.00,0.00,0.00
11:22:07,4,88.00,0.00,8.00,0.00,0.00,3.00,0.00,0.00,0.00,1.00
11:22:07,5,88.00,0.00,8.00,0.00,0.00,3.00,0.00,0.00,0.00,1.00
11:22:07,6,86.87,0.00,10.10,0.00,0.00,2.02,0.00,0.00,0.00,1.01
11:22:07,7,87.88,0.00,8.08,0.00,0.00,3.03,0.00,0.00,0.00,1.01
11:22:07,12,87.00,0.00,8.00,0.00,0.00,4.00,0.00,0.00,0.00,1.00
11:22:07,13,86.00,0.00,9.00,0.00,0.00,3.00,0.00,0.00,0.00,2.00
11:22:07,14,85.86,0.00,9.09,0.00,0.00,4.04,0.00,0.00,0.00,1.01
11:22:07,15,86.00,0.00,9.00,0.00,0.00,4.00,0.00,0.00,0.00,1.00
11:22:08,4,87.88,0.00,7.07,0.00,0.00,4.04,0.00,0.00,0.00,1.01
11:22:08,5,87.00,0.00,9.00,0.00,0.00,3.00,0.00,0.00,0.00,1.00
11:22:08,6,86.00,0.00,10.00,0.00,0.00,3.00,0.00,0.00,0.00,1.00
11:22:08,7,87.00,0.00,8.00,0.00,0.00,4.00,0.00,0.00,0.00,1.00
11:22:08,12,87.00,0.00,9.00,0.00,0.00,3.00,0.00,0.00,0.00,1.00
11:22:08,13,87.00,0.00,9.00,0.00,0.00,4.00,0.00,0.00,0.00,0.00
11:22:08,14,87.13,0.00,8.91,0.00,0.00,2.97,0.00,0.00,0.00,0.99
11:22:08,15,86.87,0.00,9.09,0.00,0.00,3.03,0.00,0.00,0.00,1.01
11:22:09,4,86.14,0.00,8.91,0.00,0.00,3.96,0.00,0.00,0.00,0.99
11:22:09,5,86.00,0.00,10.00,0.00,0.00,4.00,0.00,0.00,0.00,0.00
11:22:09,6,87.13,0.00,8.91,0.00,0.00,2.97,0.00,0.00,0.00,0.99
11:22:09,7,89.90,0.00,8.08,0.00,0.00,2.02,0.00,0.00,0.00,0.00
11:22:09,12,88.89,0.00,8.08,0.00,0.00,3.03,0.00,0.00,0.00,0.00
11:22:09,13,87.00,0.00,9.00,0.00,0.00,3.00,0.00,0.00,0.00,1.00
11:22:09,14,86.14,0.00,7.92,0.00,0.00,4.95,0.00,0.00,0.00,0.99
11:22:09,15,88.12,0.00,7.92,0.00,0.00,2.97,0.00,0.00,0.00,0.99
11:22:10,4,89.00,0.00,8.00,0.00,0.00,3.00,0.00,0.00,0.00,0.00
11:22:10,5,87.13,0.00,7.92,0.00,0.00,3.96,0.00,0.00,0.00,0.99
11:22:10,6,88.00,0.00,8.00,0.00,0.00,4.00,0.00,0.00,0.00,0.00
11:22:10,7,86.14,0.00,8.91,0.00,0.00,3.96,0.00,0.00,0.00,0.99
11:22:10,12,88.00,0.00,8.00,0.00,0.00,3.00,0.00,0.00,0.00,1.00
11:22:10,13,87.88,0.00,9.09,0.00,0.00,3.03,0.00,0.00,0.00,0.00
11:22:10,14,87.88,0.00,8.08,0.00,0.00,4.04,0.00,0.00,0.00,0.00
11:22:10,15,85.86,0.00,10.10,0.00,0.00,4.04,0.00,0.00,0.00,0.00
11:22:11,4,87.00,0.00,9.00,0.00,0.00,3.00,0.00,0.00,0.00,1.00
11:22:11,5,88.89,0.00,8.08,0.00,0.00,3.03,0.00,0.00,0.00,0.00
11:22:11,6,89.00,0.00,7.00,0.00,0.00,3.00,0.00,0.00,0.00,1.00
11:22:11,7,89.00,0.00,9.00,0.00,0.00,2.00,0.00,0.00,0.00,0.00
11:22:11,12,86.00,0.00,10.00,0.00,0.00,4.00,0.00,0.00,0.00,0.00
11:22:11,13,87.00,0.00,10.00,0.00,0.00,2.00,0.00,0.00,0.00,1.00
11:22:11,14,89.00,0.00,8.00,0.00,0.00,2.00,0.00,0.00,0.00,1.00
11:22:11,15,86.00,0.00,9.00,0.00,0.00,4.00,0.00,0.00,0.00,1.00
11:22:12,4,86.87,0.00,9.09,0.00,0.00,4.04,0.00,0.00,0.00,0.00
11:22:12,5,86.00,0.00,10.00,0.00,0.00,3.00,0.00,0.00,0.00,1.00
11:22:12,6,87.76,0.00,9.18,0.00,0.00,3.06,0.00,0.00,0.00,0.00
11:22:12,7,85.00,0.00,10.00,0.00,0.00,4.00,0.00,0.00,0.00,1.00
11:22:12,12,86.87,0.00,9.09,0.00,0.00,3.03,0.00,0.00,0.00,1.01
11:22:12,13,85.29,0.00,8.82,0.00,0.00,4.90,0.00,0.00,0.00,0.98
11:22:12,14,87.00,0.00,9.00,0.00,0.00,3.00,0.00,0.00,0.00,1.00
11:22:12,15,87.13,0.00,7.92,0.00,0.00,3.96,0.00,0.00,0.00,0.99
11:22:13,4,86.14,0.00,9.90,0.00,0.00,2.97,0.00,0.00,0.00,0.99
11:22:13,5,86.00,0.00,9.00,0.00,0.00,4.00,0.00,0.00,0.00,1.00
11:22:13,6,85.15,0.00,8.91,0.00,0.00,4.95,0.00,0.00,0.00,0.99
11:22:13,7,86.87,0.00,9.09,0.00,0.00,3.03,0.00,0.00,0.00,1.01
11:22:13,12,88.12,0.00,8.91,0.00,0.00,2.97,0.00,0.00,0.00,0.00
11:22:13,13,88.89,0.00,9.09,0.00,0.00,2.02,0.00,0.00,0.00,0.00
11:22:13,14,87.00,0.00,9.00,0.00,0.00,3.00,0.00,0.00,0.00,1.00
11:22:13,15,86.87,0.00,9.09,0.00,0.00,4.04,0.00,0.00,0.00,0.00
11:22:14,4,87.00,0.00,8.00,0.00,0.00,4.00,0.00,0.00,0.00,1.00
11:22:14,5,87.00,0.00,9.00,0.00,0.00,3.00,0.00,0.00,0.00,1.00
11:22:14,6,87.88,0.00,8.08,0.00,0.00,3.03,0.00,0.00,0.00,1.01
11:22:14,7,86.14,0.00,8.91,0.00,0.00,3.96,0.00,0.00,0.00,0.99
11:22:14,12,86.87,0.00,9.09,0.00,0.00,3.03,0.00,0.00,0.00,1.01
11:22:14,13,86.00,0.00,10.00,0.00,0.00,3.00,0.00,0.00,0.00,1.00
11:22:14,14,88.00,0.00,8.00,0.00,0.00,3.00,0.00,0.00,0.00,1.00
11:22:14,15,88.89,0.00,7.07,0.00,0.00,3.03,0.00,0.00,0.00,1.01
11:22:15,4,88.00,0.00,9.00,0.00,0.00,2.00,0.00,0.00,0.00,1.00
11:22:15,5,86.87,0.00,10.10,0.00,0.00,3.03,0.00,0.00,0.00,0.00
11:22:15,6,85.15,0.00,8.91,0.00,0.00,4.95,0.00,0.00,0.00,0.99
11:22:15,7,85.15,0.00,10.89,0.00,0.00,2.97,0.00,0.00,0.00,0.99
11:22:15,12,87.13,0.00,7.92,0.00,0.00,3.96,0.00,0.00,0.00,0.99
11:22:15,13,87.13,0.00,7.92,0.00,0.00,3.96,0.00,0.00,0.00,0.99
11:22:15,14,87.00,0.00,9.00,0.00,0.00,3.00,0.00,0.00,0.00,1.00
11:22:15,15,86.14,0.00,9.90,0.00,0.00,2.97,0.00,0.00,0.00,0.99
11:22:16,4,88.89,0.00,8.08,0.00,0.00,3.03,0.00,0.00,0.00,0.00
11:22:16,5,87.00,0.00,9.00,0.00,0.00,3.00,0.00,0.00,0.00,1.00
11:22:16,6,86.87,0.00,11.11,0.00,0.00,2.02,0.00,0.00,0.00,0.00
11:22:16,7,86.87,0.00,9.09,0.00,0.00,3.03,0.00,0.00,0.00,1.01
11:22:16,12,89.00,0.00,8.00,0.00,0.00,2.00,0.00,0.00,0.00,1.00
11:22:16,13,88.78,0.00,9.18,0.00,0.00,2.04,0.00,0.00,0.00,0.00
11:22:16,14,88.00,0.00,8.00,0.00,0.00,4.00,0.00,0.00,0.00,0.00
11:22:16,15,86.00,0.00,9.00,0.00,0.00,4.00,0.00,0.00,0.00,1.00
11:22:17,4,88.00,0.00,8.00,0.00,0.00,3.00,0.00,0.00,0.00,1.00
11:22:17,5,86.87,0.00,9.09,0.00,0.00,4.04,0.00,0.00,0.00,0.00
11:22:17,6,87.00,0.00,8.00,0.00,0.00,4.00,0.00,0.00,0.00,1.00
11:22:17,7,88.00,0.00,8.00,0.00,0.00,4.00,0.00,0.00,0.00,0.00
11:22:17,12,87.88,0.00,8.08,0.00,0.00,4.04,0.00,0.00,0.00,0.00
11:22:17,13,84.31,0.00,10.78,0.00,0.00,3.92,0.00,0.00,0.00,0.98
11:22:17,14,87.88,0.00,9.09,0.00,0.00,3.03,0.00,0.00,0.00,0.00
11:22:17,15,89.00,0.00,7.00,0.00,0.00,3.00,0.00,0.00,0.00,1.00
11:22:18,4,88.12,0.00,7.92,0.00,0.00,2.97,0.00,0.00,0.00,0.99
11:22:18,5,86.14,0.00,8.91,0.00,0.00,2.97,0.00,0.00,0.00,1.98
11:22:18,6,86.14,0.00,8.91,0.00,0.00,3.96,0.00,0.00,0.00,0.99
11:22:18,7,87.00,0.00,8.00,0.00,0.00,4.00,0.00,0.00,0.00,1.00
11:22:18,12,86.14,0.00,8.91,0.00,0.00,3.96,0.00,0.00,0.00,0.99
11:22:18,13,87.88,0.00,7.07,0.00,0.00,4.04,0.00,0.00,0.00,1.01
11:22:18,14,87.00,0.00,8.00,0.00,0.00,4.00,0.00,0.00,0.00,1.00
11:22:18,15,85.00,0.00,10.00,0.00,0.00,4.00,0.00,0.00,0.00,1.00
11:22:19,4,87.00,0.00,9.00,0.00,0.00,3.00,0.00,0.00,0.00,1.00
11:22:19,5,87.88,0.00,8.08,0.00,0.00,4.04,0.00,0.00,0.00,0.00
11:22:19,6,88.00,0.00,8.00,0.00,0.00,3.00,0.00,0.00,0.00,1.00
11:22:19,7,86.00,0.00,10.00,0.00,0.00,3.00,0.00,0.00,0.00,1.00
11:22:19,12,88.00,0.00,9.00,0.00,0.00,2.00,0.00,0.00,0.00,1.00
11:22:19,13,87.00,0.00,8.00,0.00,0.00,4.00,0.00,0.00,0.00,1.00
11:22:19,14,87.00,0.00,9.00,0.00,0.00,3.00,0.00,0.00,0.00,1.00
11:22:19,15,88.00,0.00,8.00,0.00,0.00,3.00,0.00,0.00,0.00,1.00
11:22:20,4,86.00,0.00,10.00,0.00,0.00,4.00,0.00,0.00,0.00,0.00
11:22:20,5,86.14,0.00,7.92,0.00,0.00,4.95,0.00,0.00,0.00,0.99
11:22:20,6,88.89,0.00,9.09,0.00,0.00,2.02,0.00,0.00,0.00,0.00
11:22:20,7,89.00,0.00,7.00,0.00,0.00,3.00,0.00,0.00,0.00,1.00
11:22:20,12,88.00,0.00,8.00,0.00,0.00,4.00,0.00,0.00,0.00,0.00
11:22:20,13,85.86,0.00,11.11,0.00,0.00,3.03,0.00,0.00,0.00,0.00
11:22:20,14,88.00,0.00,8.00,0.00,0.00,3.00,0.00,0.00,0.00,1.00
11:22:20,15,89.00,0.00,8.00,0.00,0.00,3.00,0.00,0.00,0.00,0.00
11:22:21,4,86.87,0.00,9.09,0.00,0.00,3.03,0.00,0.00,0.00,1.01
11:22:21,5,86.14,0.00,8.91,0.00,0.00,3.96,0.00,0.00,0.00,0.99
11:22:21,6,88.00,0.00,8.00,0.00,0.00,3.00,0.00,0.00,0.00,1.00
11:22:21,7,87.00,0.00,9.00,0.00,0.00,4.00,0.00,0.00,0.00,0.00
11:22:21,12,86.00,0.00,9.00,0.00,0.00,4.00,0.00,0.00,0.00,1.00
11:22:21,13,87.00,0.00,9.00,0.00,0.00,3.00,0.00,0.00,0.00,1.00
11:22:21,14,87.88,0.00,9.09,0.00,0.00,3.03,0.00,0.00,0.00,0.00
11:22:21,15,85.86,0.00,10.10,0.00,0.00,3.03,0.00,0.00,0.00,1.01
11:22:22,4,85.15,0.00,9.90,0.00,0.00,3.96,0.00,0.00,0.00,0.99
11:22:22,5,89.90,0.00,7.07,0.00,0.00,3.03,0.00,0.00,0.00,0.00
11:22:22,6,86.14,0.00,8.91,0.00,0.00,3.96,0.00,0.00,0.00,0.99
11:22:22,7,85.15,0.00,9.90,0.00,0.00,3.96,0.00,0.00,0.00,0.99
11:22:22,12,87.00,0.00,10.00,0.00,0.00,3.00,0.00,0.00,0.00,0.00
11:22:22,13,88.00,0.00,8.00,0.00,0.00,4.00,0.00,0.00,0.00,0.00
11:22:22,14,84.00,0.00,11.00,0.00,0.00,4.00,0.00,0.00,0.00,1.00
11:22:22,15,85.29,0.00,9.80,0.00,0.00,3.92,0.00,0.00,0.00,0.98
11:22:23,4,85.86,0.00,11.11,0.00,0.00,3.03,0.00,0.00,0.00,0.00
11:22:23,5,85.00,0.00,10.00,0.00,0.00,4.00,0.00,0.00,0.00,1.00
11:22:23,6,87.00,0.00,9.00,0.00,0.00,4.00,0.00,0.00,0.00,0.00
11:22:23,7,88.89,0.00,7.07,0.00,0.00,3.03,0.00,0.00,0.00,1.01
11:22:23,12,86.00,0.00,10.00,0.00,0.00,3.00,0.00,0.00,0.00,1.00
11:22:23,13,85.00,0.00,11.00,0.00,0.00,3.00,0.00,0.00,0.00,1.00
11:22:23,14,88.12,0.00,6.93,0.00,0.00,3.96,0.00,0.00,0.00,0.99
11:22:23,15,87.88,0.00,8.08,0.00,0.00,4.04,0.00,0.00,0.00,0.00
11:22:24,4,88.00,0.00,9.00,0.00,0.00,2.00,0.00,0.00,0.00,1.00
11:22:24,5,86.00,0.00,11.00,0.00,0.00,3.00,0.00,0.00,0.00,0.00
11:22:24,6,88.00,0.00,8.00,0.00,0.00,3.00,0.00,0.00,0.00,1.00
11:22:24,7,86.00,0.00,11.00,0.00,0.00,3.00,0.00,0.00,0.00,0.00
11:22:24,12,88.89,0.00,8.08,0.00,0.00,3.03,0.00,0.00,0.00,0.00
11:22:24,13,85.00,0.00,11.00,0.00,0.00,4.00,0.00,0.00,0.00,0.00
11:22:24,14,87.88,0.00,9.09,0.00,0.00,3.03,0.00,0.00,0.00,0.00
11:22:24,15,89.00,0.00,7.00,0.00,0.00,3.00,0.00,0.00,0.00,1.00
11:22:25,4,83.84,0.00,11.11,0.00,0.00,4.04,0.00,0.00,0.00,1.01
11:22:25,5,86.87,0.00,9.09,0.00,0.00,3.03,0.00,0.00,0.00,1.01
11:22:25,6,86.87,0.00,10.10,0.00,0.00,2.02,0.00,0.00,0.00,1.01
11:22:25,7,87.00,0.00,8.00,0.00,0.00,4.00,0.00,0.00,0.00,1.00
11:22:25,12,85.15,0.00,8.91,0.00,0.00,3.96,0.00,0.00,0.00,1.98
11:22:25,13,87.13,0.00,8.91,0.00,0.00,2.97,0.00,0.00,0.00,0.99
11:22:25,14,87.13,0.00,7.92,0.00,0.00,3.96,0.00,0.00,0.00,0.99
11:22:25,15,86.87,0.00,8.08,0.00,0.00,4.04,0.00,0.00,0.00,1.01
11:22:26,4,87.13,0.00,8.91,0.00,0.00,2.97,0.00,0.00,0.00,0.99
11:22:26,5,87.13,0.00,8.91,0.00,0.00,2.97,0.00,0.00,0.00,0.99
11:22:26,6,87.88,0.00,9.09,0.00,0.00,3.03,0.00,0.00,0.00,0.00
11:22:26,7,87.00,0.00,9.00,0.00,0.00,3.00,0.00,0.00,0.00,1.00
11:22:26,12,87.76,0.00,9.18,0.00,0.00,3.06,0.00,0.00,0.00,0.00
11:22:26,13,87.00,0.00,10.00,0.00,0.00,2.00,0.00,0.00,0.00,1.00
11:22:26,14,86.87,0.00,8.08,0.00,0.00,4.04,0.00,0.00,0.00,1.01
11:22:26,15,86.14,0.00,7.92,0.00,0.00,4.95,0.00,0.00,0.00,0.99
11:22:27,4,88.00,0.00,9.00,0.00,0.00,3.00,0.00,0.00,0.00,0.00
11:22:27,5,87.88,0.00,8.08,0.00,0.00,4.04,0.00,0.00,0.00,0.00
11:22:27,6,86.14,0.00,8.91,0.00,0.00,3.96,0.00,0.00,0.00,0.99
11:22:27,7,86.00,0.00,9.00,0.00,0.00,5.00,0.00,0.00,0.00,0.00
11:22:27,12,86.27,0.00,8.82,0.00,0.00,3.92,0.00,0.00,0.00,0.98
11:22:27,13,88.89,0.00,7.07,0.00,0.00,4.04,0.00,0.00,0.00,0.00
11:22:27,14,87.00,0.00,9.00,0.00,0.00,4.00,0.00,0.00,0.00,0.00
11:22:27,15,85.86,0.00,9.09,0.00,0.00,5.05,0.00,0.00,0.00,0.00
11:22:28,4,86.87,0.00,10.10,0.00,0.00,3.03,0.00,0.00,0.00,0.00
11:22:28,5,86.14,0.00,8.91,0.00,0.00,3.96,0.00,0.00,0.00,0.99
11:22:28,6,87.00,0.00,9.00,0.00,0.00,4.00,0.00,0.00,0.00,0.00
11:22:28,7,87.00,0.00,9.00,0.00,0.00,3.00,0.00,0.00,0.00,1.00
11:22:28,12,87.88,0.00,9.09,0.00,0.00,3.03,0.00,0.00,0.00,0.00
11:22:28,13,84.16,0.00,11.88,0.00,0.00,2.97,0.00,0.00,0.00,0.99
11:22:28,14,88.00,0.00,8.00,0.00,0.00,3.00,0.00,0.00,0.00,1.00
11:22:28,15,86.00,0.00,9.00,0.00,0.00,4.00,0.00,0.00,0.00,1.00
11:22:29,4,88.00,0.00,9.00,0.00,0.00,2.00,0.00,0.00,0.00,1.00
11:22:29,5,86.87,0.00,9.09,0.00,0.00,4.04,0.00,0.00,0.00,0.00
11:22:29,6,89.90,0.00,7.07,0.00,0.00,2.02,0.00,0.00,0.00,1.01
11:22:29,7,87.76,0.00,8.16,0.00,0.00,4.08,0.00,0.00,0.00,0.00
11:22:29,12,88.00,0.00,9.00,0.00,0.00,2.00,0.00,0.00,0.00,1.00
11:22:29,13,86.87,0.00,9.09,0.00,0.00,4.04,0.00,0.00,0.00,0.00
11:22:29,14,87.13,0.00,8.91,0.00,0.00,3.96,0.00,0.00,0.00,0.00
11:22:29,15,89.11,0.00,7.92,0.00,0.00,2.97,0.00,0.00,0.00,0.00
11:22:30,4,88.12,0.00,7.92,0.00,0.00,2.97,0.00,0.00,0.00,0.99
11:22:30,5,86.00,0.00,9.00,0.00,0.00,4.00,0.00,0.00,0.00,1.00
11:22:30,6,86.14,0.00,9.90,0.00,0.00,2.97,0.00,0.00,0.00,0.99
11:22:30,7,86.14,0.00,9.90,0.00,0.00,2.97,0.00,0.00,0.00,0.99
11:22:30,12,88.00,0.00,8.00,0.00,0.00,4.00,0.00,0.00,0.00,0.00
11:22:30,13,86.87,0.00,9.09,0.00,0.00,3.03,0.00,0.00,0.00,1.01
11:22:30,14,86.73,0.00,9.18,0.00,0.00,3.06,0.00,0.00,0.00,1.02
11:22:30,15,88.00,0.00,8.00,0.00,0.00,3.00,0.00,0.00,0.00,1.00
11:22:31,4,87.88,0.00,8.08,0.00,0.00,4.04,0.00,0.00,0.00,0.00
11:22:31,5,87.00,0.00,8.00,0.00,0.00,4.00,0.00,0.00,0.00,1.00
11:22:31,6,87.88,0.00,8.08,0.00,0.00,4.04,0.00,0.00,0.00,0.00
11:22:31,7,87.88,0.00,9.09,0.00,0.00,2.02,0.00,0.00,0.00,1.01
11:22:31,12,86.00,0.00,9.00,0.00,0.00,4.00,0.00,0.00,0.00,1.00
11:22:31,13,87.00,0.00,10.00,0.00,0.00,2.00,0.00,0.00,0.00,1.00
11:22:31,14,86.14,0.00,9.90,0.00,0.00,2.97,0.00,0.00,0.00,0.99
11:22:31,15,87.88,0.00,8.08,0.00,0.00,3.03,0.00,0.00,0.00,1.01
11:22:32,4,86.00,0.00,10.00,0.00,0.00,3.00,0.00,0.00,0.00,1.00
11:22:32,5,86.87,0.00,10.10,0.00,0.00,3.03,0.00,0.00,0.00,0.00
11:22:32,6,89.00,0.00,7.00,0.00,0.00,3.00,0.00,0.00,0.00,1.00
11:22:32,7,88.12,0.00,7.92,0.00,0.00,3.96,0.00,0.00,0.00,0.00
11:22:32,12,88.89,0.00,7.07,0.00,0.00,3.03,0.00,0.00,0.00,1.01
11:22:32,13,87.00,0.00,9.00,0.00,0.00,4.00,0.00,0.00,0.00,0.00
11:22:32,14,86.87,0.00,10.10,0.00,0.00,3.03,0.00,0.00,0.00,0.00
11:22:32,15,87.00,0.00,9.00,0.00,0.00,4.00,0.00,0.00,0.00,0.00
11:22:33,4,87.00,0.00,9.00,0.00,0.00,4.00,0.00,0.00,0.00,0.00
11:22:33,5,85.15,0.00,9.90,0.00,0.00,3.96,0.00,0.00,0.00,0.99
11:22:33,6,87.00,0.00,9.00,0.00,0.00,3.00,0.00,0.00,0.00,1.00
11:22:33,7,87.88,0.00,8.08,0.00,0.00,3.03,0.00,0.00,0.00,1.01
11:22:33,12,88.00,0.00,9.00,0.00,0.00,3.00,0.00,0.00,0.00,0.00
11:22:33,13,85.15,0.00,10.89,0.00,0.00,2.97,0.00,0.00,0.00,0.99
11:22:33,14,87.00,0.00,8.00,0.00,0.00,4.00,0.00,0.00,0.00,1.00
11:22:33,15,85.15,0.00,9.90,0.00,0.00,3.96,0.00,0.00,0.00,0.99
11:22:34,4,89.00,0.00,7.00,0.00,0.00,3.00,0.00,0.00,0.00,1.00
11:22:34,5,87.00,0.00,9.00,0.00,0.00,3.00,0.00,0.00,0.00,1.00
11:22:34,6,86.00,0.00,9.00,0.00,0.00,5.00,0.00,0.00,0.00,0.00
11:22:34,7,85.00,0.00,11.00,0.00,0.00,3.00,0.00,0.00,0.00,1.00
11:22:34,12,86.14,0.00,7.92,0.00,0.00,4.95,0.00,0.00,0.00,0.99
11:22:34,13,87.00,0.00,8.00,0.00,0.00,4.00,0.00,0.00,0.00,1.00
11:22:34,14,86.14,0.00,9.90,0.00,0.00,2.97,0.00,0.00,0.00,0.99
11:22:34,15,87.88,0.00,8.08,0.00,0.00,3.03,0.00,0.00,0.00,1.01
11:22:35,4,86.00,0.00,10.00,0.00,0.00,3.00,0.00,0.00,0.00,1.00
11:22:35,5,85.86,0.00,11.11,0.00,0.00,3.03,0.00,0.00,0.00,0.00
11:22:35,6,88.00,0.00,8.00,0.00,0.00,3.00,0.00,0.00,0.00,1.00
11:22:35,7,87.13,0.00,8.91,0.00,0.00,3.96,0.00,0.00,0.00,0.00
11:22:35,12,87.88,0.00,9.09,0.00,0.00,3.03,0.00,0.00,0.00,0.00
11:22:35,13,88.78,0.00,8.16,0.00,0.00,3.06,0.00,0.00,0.00,0.00
11:22:35,14,89.90,0.00,7.07,0.00,0.00,3.03,0.00,0.00,0.00,0.00
11:22:35,15,88.00,0.00,8.00,0.00,0.00,3.00,0.00,0.00,0.00,1.00
11:22:36,4,89.90,0.00,7.07,0.00,0.00,3.03,0.00,0.00,0.00,0.00
11:22:36,5,88.00,0.00,8.00,0.00,0.00,3.00,0.00,0.00,0.00,1.00
11:22:36,6,87.00,0.00,9.00,0.00,0.00,3.00,0.00,0.00,0.00,1.00
11:22:36,7,87.88,0.00,7.07,0.00,0.00,4.04,0.00,0.00,0.00,1.01
11:22:36,12,85.00,0.00,9.00,0.00,0.00,5.00,0.00,0.00,0.00,1.00
11:22:36,13,87.00,0.00,8.00,0.00,0.00,4.00,0.00,0.00,0.00,1.00
11:22:36,14,88.12,0.00,7.92,0.00,0.00,2.97,0.00,0.00,0.00,0.99
11:22:36,15,87.88,0.00,8.08,0.00,0.00,4.04,0.00,0.00,0.00,0.00
11:22:37,4,85.15,0.00,9.90,0.00,0.00,3.96,0.00,0.00,0.00,0.99
11:22:37,5,86.14,0.00,8.91,0.00,0.00,3.96,0.00,0.00,0.00,0.99
11:22:37,6,88.00,0.00,9.00,0.00,0.00,3.00,0.00,0.00,0.00,0.00
11:22:37,7,87.13,0.00,8.91,0.00,0.00,2.97,0.00,0.00,0.00,0.99
11:22:37,12,88.12,0.00,6.93,0.00,0.00,3.96,0.00,0.00,0.00,0.99
11:22:37,13,87.13,0.00,8.91,0.00,0.00,2.97,0.00,0.00,0.00,0.99
11:22:37,14,88.00,0.00,8.00,0.00,0.00,3.00,0.00,0.00,0.00,1.00
11:22:37,15,86.14,0.00,9.90,0.00,0.00,2.97,0.00,0.00,0.00,0.99
11:22:38,4,86.00,0.00,10.00,0.00,0.00,4.00,0.00,0.00,0.00,0.00
11:22:38,5,87.88,0.00,10.10,0.00,0.00,2.02,0.00,0.00,0.00,0.00
11:22:38,6,86.87,0.00,9.09,0.00,0.00,3.03,0.00,0.00,0.00,1.01
11:22:38,7,87.88,0.00,9.09,0.00,0.00,3.03,0.00,0.00,0.00,0.00
11:22:38,12,88.00,0.00,8.00,0.00,0.00,4.00,0.00,0.00,0.00,0.00
11:22:38,13,88.89,0.00,8.08,0.00,0.00,3.03,0.00,0.00,0.00,0.00
11:22:38,14,86.87,0.00,10.10,0.00,0.00,3.03,0.00,0.00,0.00,0.00
11:22:38,15,86.87,0.00,8.08,0.00,0.00,4.04,0.00,0.00,0.00,1.01
11:22:39,4,87.00,0.00,9.00,0.00,0.00,3.00,0.00,0.00,0.00,1.00
11:22:39,5,86.00,0.00,9.00,0.00,0.00,4.00,0.00,0.00,0.00,1.00
11:22:39,6,87.88,0.00,9.09,0.00,0.00,3.03,0.00,0.00,0.00,0.00
11:22:39,7,85.15,0.00,10.89,0.00,0.00,2.97,0.00,0.00,0.00,0.99
11:22:39,12,86.87,0.00,9.09,0.00,0.00,3.03,0.00,0.00,0.00,1.01
11:22:39,13,88.12,0.00,7.92,0.00,0.00,2.97,0.00,0.00,0.00,0.99
11:22:39,14,88.00,0.00,9.00,0.00,0.00,2.00,0.00,0.00,0.00,1.00
11:22:39,15,87.00,0.00,10.00,0.00,0.00,3.00,0.00,0.00,0.00,0.00
11:22:40,4,86.00,0.00,10.00,0.00,0.00,3.00,0.00,0.00,0.00,1.00
11:22:40,5,88.00,0.00,9.00,0.00,0.00,2.00,0.00,0.00,0.00,1.00
11:22:40,6,88.00,0.00,9.00,0.00,0.00,2.00,0.00,0.00,0.00,1.00
11:22:40,7,85.71,0.00,9.18,0.00,0.00,4.08,0.00,0.00,0.00,1.02
11:22:40,12,87.00,0.00,8.00,0.00,0.00,4.00,0.00,0.00,0.00,1.00
11:22:40,13,87.00,0.00,10.00,0.00,0.00,3.00,0.00,0.00,0.00,0.00
11:22:40,14,86.14,0.00,9.90,0.00,0.00,2.97,0.00,0.00,0.00,0.99
11:22:40,15,87.00,0.00,9.00,0.00,0.00,3.00,0.00,0.00,0.00,1.00
11:22:41,4,88.89,0.00,9.09,0.00,0.00,2.02,0.00,0.00,0.00,0.00
11:22:41,5,88.89,0.00,8.08,0.00,0.00,2.02,0.00,0.00,0.00,1.01
11:22:41,6,87.25,0.00,7.84,0.00,0.00,3.92,0.00,0.00,0.00,0.98
11:22:41,7,86.14,0.00,8.91,0.00,0.00,3.96,0.00,0.00,0.00,0.99
11:22:41,12,88.00,0.00,9.00,0.00,0.00,2.00,0.00,0.00,0.00,1.00
11:22:41,13,86.00,0.00,10.00,0.00,0.00,3.00,0.00,0.00,0.00,1.00
11:22:41,14,86.00,0.00,9.00,0.00,0.00,4.00,0.00,0.00,0.00,1.00
11:22:41,15,87.88,0.00,9.09,0.00,0.00,2.02,0.00,0.00,0.00,1.01
11:22:42,4,11.00,0.00,0.00,0.00,0.00,1.00,0.00,0.00,0.00,88.00
11:22:42,5,10.89,0.00,1.98,0.00,0.00,0.99,0.00,0.00,0.00,86.14
11:22:42,6,11.11,0.00,1.01,0.00,0.00,0.00,0.00,0.00,0.00,87.88
11:22:42,7,10.00,0.00,2.00,0.00,0.00,1.00,0.00,0.00,0.00,87.00
11:22:42,12,11.00,0.00,1.00,0.00,0.00,1.00,0.00,0.00,0.00,87.00
11:22:42,13,11.11,0.00,1.01,0.00,0.00,0.00,0.00,0.00,0.00,87.88
11:22:42,14,12.12,0.00,1.01,0.00,0.00,0.00,0.00,0.00,0.00,86.87
11:22:42,15,11.88,0.00,0.99,0.00,0.00,0.99,0.00,0.00,0.00,86.14
11:22:43,4,0.00,0.00,1.00,0.00,0.00,0.00,0.00,0.00,0.00,99.00
11:22:43,5,1.00,0.00,1.00,0.00,0.00,0.00,0.00,0.00,0.00,98.00
11:22:43,6,0.00,0.00,0.00,0.00,0.00,0.00,0.00,0.00,0.00,100.00
11:22:43,7,0.00,0.00,0.00,0.00,0.00,0.00,0.00,0.00,0.00,100.00
11:22:43,12,0.00,0.00,0.00,0.00,0.00,0.00,0.00,0.00,0.00,100.00
11:22:43,13,0.00,0.00,0.00,0.00,0.00,0.00,0.00,0.00,0.00,100.00
11:22:43,14,0.00,0.00,0.99,0.00,0.00,0.00,0.00,0.00,0.00,99.01
11:22:43,15,0.00,0.00,0.00,0.00,0.00,0.00,0.00,0.00,0.00,100.00
11:22:44,4,1.00,0.00,0.00,0.00,0.00,0.00,0.00,0.00,0.00,99.00
11:22:44,5,0.00,0.00,0.00,2.02,0.00,0.00,0.00,0.00,0.00,97.98
11:22:44,6,0.00,0.00,0.00,0.00,0.00,0.00,0.00,0.00,0.00,100.00
11:22:44,7,0.00,0.00,0.99,0.00,0.00,0.00,0.00,0.00,0.00,99.01
11:22:44,12,0.00,0.00,0.00,0.00,0.00,0.00,0.00,0.00,0.00,100.00
11:22:44,13,0.00,0.00,0.00,0.00,0.00,0.00,0.00,0.00,0.00,100.00
11:22:44,14,0.00,0.00,0.00,0.00,0.00,0.00,0.00,0.00,0.00,100.00
11:22:44,15,0.00,0.00,0.00,0.00,0.00,0.00,0.00,0.00,0.00,100.00
11:22:45,4,2.02,0.00,1.01,0.00,0.00,0.00,0.00,0.00,0.00,96.97
11:22:45,5,1.01,0.00,3.03,0.00,0.00,0.00,0.00,0.00,0.00,95.96
11:22:45,6,0.00,0.00,0.99,0.00,0.00,0.00,0.00,0.00,0.00,99.01
11:22:45,7,1.00,0.00,0.00,0.00,0.00,0.00,0.00,0.00,0.00,99.00
11:22:45,12,0.99,0.00,0.99,0.00,0.00,0.00,0.00,0.00,0.00,98.02
11:22:45,13,0.00,0.00,0.00,0.00,0.00,0.00,0.00,0.00,0.00,100.00
11:22:45,14,1.01,0.00,0.00,0.00,0.00,0.00,0.00,0.00,0.00,98.99
11:22:45,15,0.00,0.00,0.00,0.00,0.00,0.00,0.00,0.00,0.00,100.00
11:22:46,4,0.00,0.00,0.00,0.00,0.00,0.00,0.00,0.00,0.00,100.00
11:22:46,5,0.00,0.00,0.00,0.00,0.00,0.00,0.00,0.00,0.00,100.00
11:22:46,6,0.00,0.00,0.00,0.00,0.00,0.00,0.00,0.00,0.00,100.00
11:22:46,7,0.00,0.00,0.00,0.00,0.00,0.00,0.00,0.00,0.00,100.00
11:22:46,12,0.00,0.00,0.00,0.00,0.00,0.00,0.00,0.00,0.00,100.00
11:22:46,13,0.00,0.00,0.00,0.00,0.00,0.00,0.00,0.00,0.00,100.00
11:22:46,14,0.00,0.00,0.00,0.00,0.00,0.00,0.00,0.00,0.00,100.00
11:22:46,15,0.00,0.00,0.00,0.00,0.00,0.00,0.00,0.00,0.00,100.00
11:22:47,4,0.00,0.00,0.00,0.00,0.00,0.00,0.00,0.00,0.00,100.00
11:22:47,5,0.00,0.00,1.98,0.00,0.00,0.00,0.00,0.00,0.00,98.02
11:22:47,6,0.00,0.00,0.00,0.00,0.00,0.00,0.00,0.00,0.00,100.00
11:22:47,7,0.00,0.00,1.00,0.00,0.00,0.00,0.00,0.00,0.00,99.00
11:22:47,12,0.00,0.00,0.00,0.00,0.00,0.00,0.00,0.00,0.00,100.00
11:22:47,13,0.99,0.00,0.99,0.00,0.00,0.00,0.00,0.00,0.00,98.02
11:22:47,14,0.00,0.00,0.99,0.00,0.00,0.00,0.00,0.00,0.00,99.01
11:22:47,15,0.00,0.00,1.00,0.00,0.00,0.00,0.00,0.00,0.00,99.00
11:22:48,4,0.98,0.00,0.98,0.00,0.00,0.00,0.00,0.00,0.00,98.04
11:22:48,5,0.00,0.00,0.00,0.00,0.00,0.00,0.00,0.00,0.00,100.00
11:22:48,6,0.00,0.00,1.00,0.00,0.00,0.00,0.00,0.00,0.00,99.00
11:22:48,7,0.00,0.00,0.00,0.00,0.00,0.00,0.00,0.00,0.00,100.00
11:22:48,12,0.00,0.00,0.00,0.00,0.00,0.00,0.00,0.00,0.00,100.00
11:22:48,13,0.00,0.00,0.00,0.00,0.00,0.00,0.00,0.00,0.00,100.00
11:22:48,14,0.00,0.00,0.00,0.00,0.00,0.00,0.00,0.00,0.00,100.00
11:22:48,15,0.00,0.00,0.00,0.00,0.00,0.00,0.00,0.00,0.00,100.00
11:22:49,4,0.00,0.00,0.00,1.00,0.00,0.00,0.00,0.00,0.00,99.00
11:22:49,5,1.00,0.00,3.00,0.00,0.00,0.00,0.00,0.00,0.00,96.00
11:22:49,6,0.99,0.00,0.00,0.00,0.00,0.00,0.00,0.00,0.00,99.01
11:22:49,7,0.00,0.00,0.00,0.00,0.00,0.00,0.00,0.00,0.00,100.00
11:22:49,12,0.00,0.00,0.99,0.00,0.00,0.00,0.00,0.00,0.00,99.01
11:22:49,13,0.00,0.00,0.00,0.00,0.00,0.00,0.00,0.00,0.00,100.00
11:22:49,14,0.00,0.00,0.00,0.00,0.00,0.00,0.00,0.00,0.00,100.00
11:22:49,15,0.00,0.00,1.00,0.00,0.00,0.00,0.00,0.00,0.00,99.00
11:22:50,4,1.01,0.00,1.01,0.00,0.00,0.00,0.00,0.00,0.00,97.98
11:22:50,5,2.04,0.00,1.02,0.00,0.00,0.00,0.00,0.00,0.00,96.94
11:22:50,6,0.00,0.00,0.00,0.00,0.00,0.00,0.00,0.00,0.00,100.00
11:22:50,7,0.00,0.00,0.00,0.00,0.00,0.00,0.00,0.00,0.00,100.00
11:22:50,12,0.00,0.00,0.00,0.00,0.00,0.00,0.00,0.00,0.00,100.00
11:22:50,13,0.00,0.00,0.00,0.00,0.00,0.00,0.00,0.00,0.00,100.00
11:22:50,14,0.00,0.00,0.00,0.00,0.00,0.00,0.00,0.00,0.00,100.00
11:22:50,15,0.99,0.00,0.00,0.00,0.00,0.00,0.00,0.00,0.00,99.01
11:22:51,4,0.00,0.00,0.00,0.00,0.00,0.00,0.00,0.00,0.00,100.00
11:22:51,5,0.00,0.00,2.02,0.00,0.00,0.00,0.00,0.00,0.00,97.98
11:22:51,6,0.00,0.00,0.00,0.00,0.00,0.00,0.00,0.00,0.00,100.00
11:22:51,7,0.00,0.00,0.00,0.00,0.00,0.00,0.00,0.00,0.00,100.00
11:22:51,12,0.00,0.00,1.00,0.00,0.00,0.00,0.00,0.00,0.00,99.00
11:22:51,13,0.00,0.00,0.00,0.00,0.00,0.00,0.00,0.00,0.00,100.00
11:22:51,14,0.00,0.00,0.00,0.00,0.00,0.00,0.00,0.00,0.00,100.00
11:22:51,15,0.00,0.00,1.00,0.00,0.00,0.00,0.00,0.00,0.00,99.00
11:22:52,4,0.00,0.00,0.00,0.00,0.00,0.00,0.00,0.00,0.00,100.00
11:22:52,5,0.00,0.00,0.00,0.00,0.00,0.00,0.00,0.00,0.00,100.00
11:22:52,6,0.00,0.00,0.99,0.00,0.00,0.00,0.00,0.00,0.00,99.01
11:22:52,7,0.00,0.00,0.00,0.00,0.00,0.00,0.00,0.00,0.00,100.00
11:22:52,12,0.00,0.00,0.00,0.00,0.00,0.00,0.00,0.00,0.00,100.00
11:22:52,13,0.00,0.00,0.00,0.00,0.00,0.00,0.00,0.00,0.00,100.00
11:22:52,14,0.00,0.00,0.00,0.00,0.00,0.00,0.00,0.00,0.00,100.00
11:22:52,15,0.00,0.00,0.00,0.00,0.00,0.00,0.00,0.00,0.00,100.00
