11:31:18,CPU,%usr,%nice,%sys,%iowait,%irq,%soft,%steal,%guest,%gnice,%idle
11:31:19,4,49.50,0.00,8.91,1.98,0.00,1.98,0.00,0.00,0.00,37.62
11:31:19,5,42.27,0.00,6.19,0.00,0.00,2.06,0.00,0.00,0.00,49.48
11:31:19,6,40.40,0.00,5.05,0.00,0.00,2.02,0.00,0.00,0.00,52.53
11:31:19,7,41.84,0.00,4.08,0.00,0.00,1.02,0.00,0.00,0.00,53.06
11:31:19,12,40.00,0.00,5.00,0.00,0.00,1.00,0.00,0.00,0.00,54.00
11:31:19,13,43.43,0.00,6.06,0.00,0.00,1.01,0.00,0.00,0.00,49.49
11:31:19,14,38.78,0.00,7.14,0.00,0.00,0.00,0.00,0.00,0.00,54.08
11:31:19,15,39.39,0.00,5.05,0.00,0.00,2.02,0.00,0.00,0.00,53.54
11:31:20,4,89.69,0.00,6.19,0.00,0.00,3.09,0.00,0.00,0.00,1.03
11:31:20,5,87.88,0.00,8.08,0.00,0.00,2.02,0.00,0.00,0.00,2.02
11:31:20,6,85.00,0.00,9.00,0.00,0.00,4.00,0.00,0.00,0.00,2.00
11:31:20,7,86.00,0.00,9.00,0.00,0.00,2.00,0.00,0.00,0.00,3.00
11:31:20,12,86.00,0.00,8.00,0.00,0.00,4.00,0.00,0.00,0.00,2.00
11:31:20,13,84.16,0.00,9.90,0.00,0.00,3.96,0.00,0.00,0.00,1.98
11:31:20,14,87.00,0.00,6.00,0.00,0.00,5.00,0.00,0.00,0.00,2.00
11:31:20,15,85.86,0.00,8.08,0.00,0.00,4.04,0.00,0.00,0.00,2.02
11:31:21,4,87.25,0.00,7.84,0.00,0.00,2.94,0.00,0.00,0.00,1.96
11:31:21,5,85.15,0.00,7.92,0.00,0.00,4.95,0.00,0.00,0.00,1.98
11:31:21,6,87.00,0.00,8.00,0.00,0.00,3.00,0.00,0.00,0.00,2.00
11:31:21,7,85.15,0.00,9.90,0.00,0.00,3.96,0.00,0.00,0.00,0.99
11:31:21,12,87.00,0.00,10.00,0.00,0.00,2.00,0.00,0.00,0.00,1.00
11:31:21,13,86.87,0.00,9.09,0.00,0.00,3.03,0.00,0.00,0.00,1.01
11:31:21,14,86.00,0.00,9.00,0.00,0.00,3.00,0.00,0.00,0.00,2.00
11:31:21,15,88.00,0.00,8.00,0.00,0.00,2.00,0.00,0.00,0.00,2.00
11:31:22,4,86.87,0.00,8.08,0.00,0.00,3.03,0.00,0.00,0.00,2.02
11:31:22,5,87.00,0.00,9.00,0.00,0.00,3.00,0.00,0.00,0.00,1.00
11:31:22,6,85.86,0.00,9.09,0.00,0.00,3.03,0.00,0.00,0.00,2.02
11:31:22,7,87.88,0.00,7.07,0.00,0.00,3.03,0.00,0.00,0.00,2.02
11:31:22,12,85.86,0.00,9.09,0.00,0.00,3.03,0.00,0.00,0.00,2.02
11:31:22,13,85.00,0.00,9.00,0.00,0.00,4.00,0.00,0.00,0.00,2.00
11:31:22,14,85.00,0.00,10.00,0.00,0.00,3.00,0.00,0.00,0.00,2.00
11:31:22,15,85.00,0.00,9.00,0.00,0.00,4.00,0.00,0.00,0.00,2.00
11:31:23,4,86.87,0.00,9.09,0.00,0.00,3.03,0.00,0.00,0.00,1.01
11:31:23,5,82.00,0.00,11.00,0.00,0.00,5.00,0.00,0.00,0.00,2.00
11:31:23,6,86.14,0.00,8.91,0.00,0.00,2.97,0.00,0.00,0.00,1.98
11:31:23,7,86.87,0.00,8.08,0.00,0.00,3.03,0.00,0.00,0.00,2.02
11:31:23,12,87.13,0.00,7.92,0.00,0.00,2.97,0.00,0.00,0.00,1.98
11:31:23,13,85.00,0.00,10.00,0.00,0.00,3.00,0.00,0.00,0.00,2.00
11:31:23,14,87.00,0.00,8.00,0.00,0.00,3.00,0.00,0.00,0.00,2.00
11:31:23,15,87.00,0.00,8.00,0.00,0.00,3.00,0.00,0.00,0.00,2.00
11:31:24,4,86.14,0.00,8.91,0.00,0.00,2.97,0.00,0.00,0.00,1.98
11:31:24,5,87.00,0.00,8.00,0.00,0.00,3.00,0.00,0.00,0.00,2.00
11:31:24,6,87.88,0.00,8.08,0.00,0.00,3.03,0.00,0.00,0.00,1.01
11:31:24,7,86.00,0.00,9.00,0.00,0.00,3.00,0.00,0.00,0.00,2.00
11:31:24,12,87.76,0.00,9.18,0.00,0.00,2.04,0.00,0.00,0.00,1.02
11:31:24,13,85.15,0.00,8.91,0.00,0.00,3.96,0.00,0.00,0.00,1.98
11:31:24,14,86.14,0.00,8.91,0.00,0.00,2.97,0.00,0.00,0.00,1.98
11:31:24,15,86.73,0.00,9.18,0.00,0.00,3.06,0.00,0.00,0.00,1.02
11:31:25,4,87.88,0.00,7.07,0.00,0.00,3.03,0.00,0.00,0.00,2.02
11:31:25,5,84.00,0.00,10.00,0.00,0.00,4.00,0.00,0.00,0.00,2.00
11:31:25,6,87.00,0.00,8.00,0.00,0.00,3.00,0.00,0.00,0.00,2.00
11:31:25,7,85.15,0.00,8.91,0.00,0.00,3.96,0.00,0.00,0.00,1.98
11:31:25,12,85.00,0.00,9.00,0.00,0.00,4.00,0.00,0.00,0.00,2.00
11:31:25,13,87.00,0.00,7.00,0.00,0.00,4.00,0.00,0.00,0.00,2.00
11:31:25,14,87.76,0.00,9.18,0.00,0.00,2.04,0.00,0.00,0.00,1.02
11:31:25,15,86.14,0.00,7.92,0.00,0.00,3.96,0.00,0.00,0.00,1.98
11:31:26,4,85.00,0.00,10.00,0.00,0.00,4.00,0.00,0.00,0.00,1.00
11:31:26,5,88.89,0.00,8.08,0.00,0.00,2.02,0.00,0.00,0.00,1.01
11:31:26,6,86.87,0.00,9.09,0.00,0.00,3.03,0.00,0.00,0.00,1.01
11:31:26,7,87.00,0.00,9.00,0.00,0.00,3.00,0.00,0.00,0.00,1.00
11:31:26,12,85.15,0.00,8.91,0.00,0.00,3.96,0.00,0.00,0.00,1.98
11:31:26,13,85.00,0.00,9.00,0.00,0.00,4.00,0.00,0.00,0.00,2.00
11:31:26,14,84.16,0.00,8.91,0.00,0.00,4.95,0.00,0.00,0.00,1.98
11:31:26,15,84.00,0.00,11.00,0.00,0.00,3.00,0.00,0.00,0.00,2.00
11:31:27,4,84.16,0.00,9.90,0.00,0.00,3.96,0.00,0.00,0.00,1.98
11:31:27,5,86.00,0.00,10.00,0.00,0.00,3.00,0.00,0.00,0.00,1.00
11:31:27,6,86.00,0.00,9.00,0.00,0.00,3.00,0.00,0.00,0.00,2.00
11:31:27,7,87.88,0.00,8.08,0.00,0.00,3.03,0.00,0.00,0.00,1.01
11:31:27,12,84.85,0.00,9.09,0.00,0.00,4.04,0.00,0.00,0.00,2.02
11:31:27,13,85.86,0.00,10.10,0.00,0.00,3.03,0.00,0.00,0.00,1.01
11:31:27,14,85.86,0.00,10.10,0.00,0.00,3.03,0.00,0.00,0.00,1.01
11:31:27,15,87.00,0.00,9.00,0.00,0.00,2.00,0.00,0.00,0.00,2.00
11:31:28,4,87.76,0.00,9.18,0.00,0.00,2.04,0.00,0.00,0.00,1.02
11:31:28,5,85.86,0.00,9.09,0.00,0.00,3.03,0.00,0.00,0.00,2.02
11:31:28,6,87.00,0.00,8.00,0.00,0.00,4.00,0.00,0.00,0.00,1.00
11:31:28,7,86.14,0.00,8.91,0.00,0.00,2.97,0.00,0.00,0.00,1.98
11:31:28,12,87.00,0.00,8.00,0.00,0.00,3.00,0.00,0.00,0.00,2.00
11:31:28,13,85.86,0.00,9.09,0.00,0.00,3.03,0.00,0.00,0.00,2.02
11:31:28,14,85.00,0.00,10.00,0.00,0.00,3.00,0.00,0.00,0.00,2.00
11:31:28,15,86.00,0.00,9.00,0.00,0.00,3.00,0.00,0.00,0.00,2.00
11:31:29,4,86.00,0.00,9.00,0.00,0.00,3.00,0.00,0.00,0.00,2.00
11:31:29,5,87.00,0.00,9.00,0.00,0.00,3.00,0.00,0.00,0.00,1.00
11:31:29,6,88.00,0.00,9.00,0.00,0.00,1.00,0.00,0.00,0.00,2.00
11:31:29,7,85.86,0.00,8.08,0.00,0.00,4.04,0.00,0.00,0.00,2.02
11:31:29,12,88.00,0.00,8.00,0.00,0.00,3.00,0.00,0.00,0.00,1.00
11:31:29,13,85.00,0.00,10.00,0.00,0.00,3.00,0.00,0.00,0.00,2.00
11:31:29,14,86.87,0.00,8.08,0.00,0.00,3.03,0.00,0.00,0.00,2.02
11:31:29,15,87.00,0.00,8.00,0.00,0.00,3.00,0.00,0.00,0.00,2.00
11:31:30,4,85.86,0.00,9.09,0.00,0.00,4.04,0.00,0.00,0.00,1.01
11:31:30,5,86.87,0.00,8.08,0.00,0.00,3.03,0.00,0.00,0.00,2.02
11:31:30,6,84.85,0.00,11.11,0.00,0.00,3.03,0.00,0.00,0.00,1.01
11:31:30,7,86.87,0.00,9.09,0.00,0.00,3.03,0.00,0.00,0.00,1.01
11:31:30,12,85.15,0.00,9.90,0.00,0.00,2.97,0.00,0.00,0.00,1.98
11:31:30,13,86.87,0.00,9.09,0.00,0.00,3.03,0.00,0.00,0.00,1.01
11:31:30,14,86.14,0.00,8.91,0.00,0.00,2.97,0.00,0.00,0.00,1.98
11:31:30,15,87.88,0.00,8.08,0.00,0.00,3.03,0.00,0.00,0.00,1.01
11:31:31,4,86.14,0.00,7.92,0.00,0.00,3.96,0.00,0.00,0.00,1.98
11:31:31,5,87.88,0.00,9.09,0.00,0.00,2.02,0.00,0.00,0.00,1.01
11:31:31,6,85.15,0.00,8.91,0.00,0.00,3.96,0.00,0.00,0.00,1.98
11:31:31,7,85.15,0.00,9.90,0.00,0.00,2.97,0.00,0.00,0.00,1.98
11:31:31,12,87.88,0.00,8.08,0.00,0.00,3.03,0.00,0.00,0.00,1.01
11:31:31,13,85.29,0.00,8.82,0.00,0.00,3.92,0.00,0.00,0.00,1.96
11:31:31,14,87.88,0.00,9.09,0.00,0.00,2.02,0.00,0.00,0.00,1.01
11:31:31,15,84.00,0.00,11.00,0.00,0.00,3.00,0.00,0.00,0.00,2.00
11:31:32,4,87.00,0.00,9.00,0.00,0.00,2.00,0.00,0.00,0.00,2.00
11:31:32,5,84.00,0.00,10.00,0.00,0.00,4.00,0.00,0.00,0.00,2.00
11:31:32,6,86.00,0.00,9.00,0.00,0.00,3.00,0.00,0.00,0.00,2.00
11:31:32,7,86.87,0.00,7.07,0.00,0.00,4.04,0.00,0.00,0.00,2.02
11:31:32,12,86.00,0.00,9.00,0.00,0.00,3.00,0.00,0.00,0.00,2.00
11:31:32,13,85.71,0.00,10.20,0.00,0.00,3.06,0.00,0.00,0.00,1.02
11:31:32,14,84.85,0.00,9.09,0.00,0.00,4.04,0.00,0.00,0.00,2.02
11:31:32,15,86.87,0.00,9.09,0.00,0.00,3.03,0.00,0.00,0.00,1.01
11:31:33,4,83.00,0.00,10.00,0.00,0.00,6.00,0.00,0.00,0.00,1.00
11:31:33,5,85.15,0.00,9.90,0.00,0.00,2.97,0.00,0.00,0.00,1.98
11:31:33,6,86.87,0.00,9.09,0.00,0.00,3.03,0.00,0.00,0.00,1.01
11:31:33,7,84.00,0.00,9.00,0.00,0.00,5.00,0.00,0.00,0.00,2.00
11:31:33,12,87.88,0.00,7.07,0.00,0.00,3.03,0.00,0.00,0.00,2.02
11:31:33,13,86.14,0.00,8.91,0.00,0.00,2.97,0.00,0.00,0.00,1.98
11:31:33,14,86.87,0.00,9.09,0.00,0.00,3.03,0.00,0.00,0.00,1.01
11:31:33,15,87.00,0.00,8.00,0.00,0.00,3.00,0.00,0.00,0.00,2.00
11:31:34,4,86.00,0.00,8.00,0.00,0.00,3.00,0.00,0.00,0.00,3.00
11:31:34,5,84.00,0.00,10.00,0.00,0.00,4.00,0.00,0.00,0.00,2.00
11:31:34,6,84.85,0.00,9.09,0.00,0.00,3.03,0.00,0.00,0.00,3.03
11:31:34,7,86.00,0.00,8.00,0.00,0.00,4.00,0.00,0.00,0.00,2.00
11:31:34,12,85.00,0.00,9.00,0.00,0.00,4.00,0.00,0.00,0.00,2.00
11:31:34,13,85.86,0.00,9.09,0.00,0.00,4.04,0.00,0.00,0.00,1.01
11:31:34,14,85.15,0.00,7.92,0.00,0.00,3.96,0.00,0.00,0.00,2.97
11:31:34,15,83.17,0.00,10.89,0.00,0.00,3.96,0.00,0.00,0.00,1.98
11:31:35,4,86.00,0.00,9.00,0.00,0.00,3.00,0.00,0.00,0.00,2.00
11:31:35,5,86.87,0.00,8.08,0.00,0.00,3.03,0.00,0.00,0.00,2.02
11:31:35,6,87.00,0.00,8.00,0.00,0.00,3.00,0.00,0.00,0.00,2.00
11:31:35,7,85.86,0.00,9.09,0.00,0.00,3.03,0.00,0.00,0.00,2.02
11:31:35,12,88.00,0.00,7.00,0.00,0.00,3.00,0.00,0.00,0.00,2.00
11:31:35,13,86.00,0.00,9.00,0.00,0.00,3.00,0.00,0.00,0.00,2.00
11:31:35,14,87.00,0.00,9.00,0.00,0.00,2.00,0.00,0.00,0.00,2.00
11:31:35,15,87.76,0.00,7.14,0.00,0.00,3.06,0.00,0.00,0.00,2.04
11:31:36,4,86.87,0.00,8.08,0.00,0.00,3.03,0.00,0.00,0.00,2.02
11:31:36,5,85.86,0.00,9.09,0.00,0.00,4.04,0.00,0.00,0.00,1.01
11:31:36,6,87.76,0.00,8.16,0.00,0.00,3.06,0.00,0.00,0.00,1.02
11:31:36,7,85.86,0.00,9.09,0.00,0.00,3.03,0.00,0.00,0.00,2.02
11:31:36,12,88.78,0.00,7.14,0.00,0.00,3.06,0.00,0.00,0.00,1.02
11:31:36,13,86.87,0.00,8.08,0.00,0.00,3.03,0.00,0.00,0.00,2.02
11:31:36,14,85.00,0.00,9.00,0.00,0.00,4.00,0.00,0.00,0.00,2.00
11:31:36,15,84.16,0.00,9.90,0.00,0.00,2.97,0.00,0.00,0.00,2.97
11:31:37,4,86.00,0.00,9.00,0.00,0.00,3.00,0.00,0.00,0.00,2.00
11:31:37,5,86.00,0.00,9.00,0.00,0.00,3.00,0.00,0.00,0.00,2.00
11:31:37,6,85.15,0.00,7.92,0.00,0.00,4.95,0.00,0.00,0.00,1.98
11:31:37,7,85.15,0.00,9.90,0.00,0.00,2.97,0.00,0.00,0.00,1.98
11:31:37,12,86.14,0.00,7.92,0.00,0.00,3.96,0.00,0.00,0.00,1.98
11:31:37,13,88.00,0.00,8.00,0.00,0.00,2.00,0.00,0.00,0.00,2.00
11:31:37,14,87.88,0.00,8.08,0.00,0.00,3.03,0.00,0.00,0.00,1.01
11:31:37,15,89.00,0.00,7.00,0.00,0.00,3.00,0.00,0.00,0.00,1.00
11:31:38,4,85.86,0.00,9.09,0.00,0.00,4.04,0.00,0.00,0.00,1.01
11:31:38,5,84.85,0.00,11.11,0.00,0.00,3.03,0.00,0.00,0.00,1.01
11:31:38,6,87.00,0.00,8.00,0.00,0.00,3.00,0.00,0.00,0.00,2.00
11:31:38,7,85.86,0.00,9.09,0.00,0.00,3.03,0.00,0.00,0.00,2.02
11:31:38,12,83.84,0.00,11.11,0.00,0.00,3.03,0.00,0.00,0.00,2.02
11:31:38,13,86.14,0.00,8.91,0.00,0.00,2.97,0.00,0.00,0.00,1.98
11:31:38,14,87.88,0.00,8.08,0.00,0.00,2.02,0.00,0.00,0.00,2.02
11:31:38,15,87.00,0.00,7.00,0.00,0.00,4.00,0.00,0.00,0.00,2.00
11:31:39,4,85.00,0.00,9.00,0.00,0.00,4.00,0.00,0.00,0.00,2.00
11:31:39,5,86.00,0.00,8.00,0.00,0.00,4.00,0.00,0.00,0.00,2.00
11:31:39,6,86.00,0.00,8.00,0.00,0.00,4.00,0.00,0.00,0.00,2.00
11:31:39,7,85.86,0.00,8.08,0.00,0.00,4.04,0.00,0.00,0.00,2.02
11:31:39,12,87.13,0.00,7.92,0.00,0.00,2.97,0.00,0.00,0.00,1.98
11:31:39,13,85.00,0.00,9.00,0.00,0.00,4.00,0.00,0.00,0.00,2.00
11:31:39,14,86.14,0.00,9.90,0.00,0.00,1.98,0.00,0.00,0.00,1.98
11:31:39,15,86.00,0.00,9.00,0.00,0.00,3.00,0.00,0.00,0.00,2.00
11:31:40,4,89.00,0.00,7.00,0.00,0.00,2.00,0.00,0.00,0.00,2.00
11:31:40,5,85.00,0.00,10.00,0.00,0.00,3.00,0.00,0.00,0.00,2.00
11:31:40,6,86.00,0.00,8.00,0.00,0.00,4.00,0.00,0.00,0.00,2.00
11:31:40,7,87.00,0.00,8.00,0.00,0.00,3.00,0.00,0.00,0.00,2.00
11:31:40,12,86.00,0.00,10.00,0.00,0.00,3.00,0.00,0.00,0.00,1.00
11:31:40,13,88.89,0.00,7.07,0.00,0.00,3.03,0.00,0.00,0.00,1.01
11:31:40,14,86.87,0.00,8.08,0.00,0.00,3.03,0.00,0.00,0.00,2.02
11:31:40,15,85.86,0.00,9.09,0.00,0.00,3.03,0.00,0.00,0.00,2.02
11:31:41,4,85.86,0.00,10.10,0.00,0.00,2.02,0.00,0.00,0.00,2.02
11:31:41,5,86.00,0.00,8.00,0.00,0.00,4.00,0.00,0.00,0.00,2.00
11:31:41,6,86.73,0.00,9.18,0.00,0.00,3.06,0.00,0.00,0.00,1.02
11:31:41,7,86.87,0.00,9.09,0.00,0.00,2.02,0.00,0.00,0.00,2.02
11:31:41,12,85.00,0.00,9.00,0.00,0.00,4.00,0.00,0.00,0.00,2.00
11:31:41,13,85.00,0.00,9.00,0.00,0.00,3.00,0.00,0.00,0.00,3.00
11:31:41,14,84.16,0.00,9.90,0.00,0.00,3.96,0.00,0.00,0.00,1.98
11:31:41,15,85.00,0.00,9.00,0.00,0.00,4.00,0.00,0.00,0.00,2.00
11:31:42,4,86.14,0.00,8.91,0.00,0.00,2.97,0.00,0.00,0.00,1.98
11:31:42,5,88.89,0.00,7.07,0.00,0.00,2.02,0.00,0.00,0.00,2.02
11:31:42,6,87.13,0.00,7.92,0.00,0.00,2.97,0.00,0.00,0.00,1.98
11:31:42,7,84.16,0.00,10.89,0.00,0.00,2.97,0.00,0.00,0.00,1.98
11:31:42,12,86.87,0.00,9.09,0.00,0.00,2.02,0.00,0.00,0.00,2.02
11:31:42,13,86.87,0.00,9.09,0.00,0.00,3.03,0.00,0.00,0.00,1.01
11:31:42,14,88.78,0.00,8.16,0.00,0.00,2.04,0.00,0.00,0.00,1.02
11:31:42,15,87.00,0.00,8.00,0.00,0.00,3.00,0.00,0.00,0.00,2.00
11:31:43,4,86.73,0.00,9.18,0.00,0.00,3.06,0.00,0.00,0.00,1.02
11:31:43,5,85.00,0.00,11.00,0.00,0.00,3.00,0.00,0.00,0.00,1.00
11:31:43,6,86.14,0.00,9.90,0.00,0.00,1.98,0.00,0.00,0.00,1.98
11:31:43,7,85.86,0.00,10.10,0.00,0.00,3.03,0.00,0.00,0.00,1.01
11:31:43,12,89.00,0.00,7.00,0.00,0.00,3.00,0.00,0.00,0.00,1.00
11:31:43,13,86.00,0.00,9.00,0.00,0.00,4.00,0.00,0.00,0.00,1.00
11:31:43,14,83.33,0.00,11.76,0.00,0.00,2.94,0.00,0.00,0.00,1.96
11:31:43,15,83.00,0.00,13.00,0.00,0.00,3.00,0.00,0.00,0.00,1.00
11:31:44,4,86.14,0.00,8.91,0.00,0.00,3.96,0.00,0.00,0.00,0.99
11:31:44,5,86.00,0.00,8.00,0.00,0.00,5.00,0.00,0.00,0.00,1.00
11:31:44,6,86.00,0.00,9.00,0.00,0.00,4.00,0.00,0.00,0.00,1.00
11:31:44,7,87.00,0.00,10.00,0.00,0.00,2.00,0.00,0.00,0.00,1.00
11:31:44,12,87.00,0.00,8.00,0.00,0.00,4.00,0.00,0.00,0.00,1.00
11:31:44,13,85.29,0.00,9.80,0.00,0.00,2.94,0.00,0.00,0.00,1.96
11:31:44,14,86.87,0.00,9.09,0.00,0.00,3.03,0.00,0.00,0.00,1.01
11:31:44,15,86.00,0.00,9.00,0.00,0.00,4.00,0.00,0.00,0.00,1.00
11:31:45,4,87.00,0.00,7.00,0.00,0.00,4.00,0.00,0.00,0.00,2.00
11:31:45,5,86.00,0.00,9.00,0.00,0.00,3.00,0.00,0.00,0.00,2.00
11:31:45,6,88.00,0.00,8.00,0.00,0.00,3.00,0.00,0.00,0.00,1.00
11:31:45,7,85.15,0.00,9.90,0.00,0.00,2.97,0.00,0.00,0.00,1.98
11:31:45,12,86.87,0.00,9.09,0.00,0.00,2.02,0.00,0.00,0.00,2.02
11:31:45,13,85.86,0.00,9.09,0.00,0.00,4.04,0.00,0.00,0.00,1.01
11:31:45,14,86.14,0.00,8.91,0.00,0.00,2.97,0.00,0.00,0.00,1.98
11:31:45,15,85.00,0.00,9.00,0.00,0.00,4.00,0.00,0.00,0.00,2.00
11:31:46,4,88.00,0.00,8.00,0.00,0.00,2.00,0.00,0.00,0.00,2.00
11:31:46,5,87.88,0.00,8.08,0.00,0.00,3.03,0.00,0.00,0.00,1.01
11:31:46,6,85.86,0.00,8.08,0.00,0.00,4.04,0.00,0.00,0.00,2.02
11:31:46,7,87.00,0.00,8.00,0.00,0.00,3.00,0.00,0.00,0.00,2.00
11:31:46,12,86.14,0.00,9.90,0.00,0.00,1.98,0.00,0.00,0.00,1.98
11:31:46,13,86.87,0.00,8.08,0.00,0.00,3.03,0.00,0.00,0.00,2.02
11:31:46,14,86.00,0.00,9.00,0.00,0.00,3.00,0.00,0.00,0.00,2.00
11:31:46,15,85.00,0.00,9.00,0.00,0.00,4.00,0.00,0.00,0.00,2.00
11:31:47,4,86.00,0.00,10.00,0.00,0.00,2.00,0.00,0.00,0.00,2.00
11:31:47,5,86.00,0.00,8.00,0.00,0.00,4.00,0.00,0.00,0.00,2.00
11:31:47,6,87.00,0.00,8.00,0.00,0.00,3.00,0.00,0.00,0.00,2.00
11:31:47,7,86.87,0.00,8.08,0.00,0.00,3.03,0.00,0.00,0.00,2.02
11:31:47,12,85.86,0.00,9.09,0.00,0.00,3.03,0.00,0.00,0.00,2.02
11:31:47,13,86.14,0.00,8.91,0.00,0.00,2.97,0.00,0.00,0.00,1.98
11:31:47,14,85.15,0.00,9.90,0.00,0.00,2.97,0.00,0.00,0.00,1.98
11:31:47,15,85.86,0.00,8.08,0.00,0.00,4.04,0.00,0.00,0.00,2.02
11:31:48,4,84.85,0.00,10.10,0.00,0.00,3.03,0.00,0.00,0.00,2.02
11:31:48,5,87.00,0.00,8.00,0.00,0.00,3.00,0.00,0.00,0.00,2.00
11:31:48,6,87.00,0.00,8.00,0.00,0.00,3.00,0.00,0.00,0.00,2.00
11:31:48,7,85.00,0.00,9.00,0.00,0.00,4.00,0.00,0.00,0.00,2.00
11:31:48,12,84.85,0.00,10.10,0.00,0.00,3.03,0.00,0.00,0.00,2.02
11:31:48,13,86.00,0.00,9.00,0.00,0.00,3.00,0.00,0.00,0.00,2.00
11:31:48,14,85.86,0.00,9.09,0.00,0.00,3.03,0.00,0.00,0.00,2.02
11:31:48,15,83.00,0.00,11.00,0.00,0.00,4.00,0.00,0.00,0.00,2.00
11:31:49,4,86.00,0.00,9.00,0.00,0.00,3.00,0.00,0.00,0.00,2.00
11:31:49,5,87.00,0.00,8.00,0.00,0.00,3.00,0.00,0.00,0.00,2.00
11:31:49,6,85.86,0.00,10.10,0.00,0.00,3.03,0.00,0.00,0.00,1.01
11:31:49,7,84.85,0.00,10.10,0.00,0.00,4.04,0.00,0.00,0.00,1.01
11:31:49,12,86.14,0.00,7.92,0.00,0.00,3.96,0.00,0.00,0.00,1.98
11:31:49,13,87.88,0.00,8.08,0.00,0.00,3.03,0.00,0.00,0.00,1.01
11:31:49,14,85.00,0.00,11.00,0.00,0.00,3.00,0.00,0.00,0.00,1.00
11:31:49,15,87.13,0.00,7.92,0.00,0.00,2.97,0.00,0.00,0.00,1.98
11:31:50,4,86.73,0.00,9.18,0.00,0.00,3.06,0.00,0.00,0.00,1.02
11:31:50,5,86.87,0.00,9.09,0.00,0.00,3.03,0.00,0.00,0.00,1.01
11:31:50,6,86.87,0.00,8.08,0.00,0.00,3.03,0.00,0.00,0.00,2.02
11:31:50,7,87.00,0.00,8.00,0.00,0.00,3.00,0.00,0.00,0.00,2.00
11:31:50,12,86.87,0.00,8.08,0.00,0.00,3.03,0.00,0.00,0.00,2.02
11:31:50,13,84.85,0.00,10.10,0.00,0.00,3.03,0.00,0.00,0.00,2.02
11:31:50,14,84.16,0.00,9.90,0.00,0.00,3.96,0.00,0.00,0.00,1.98
11:31:50,15,86.00,0.00,9.00,0.00,0.00,3.00,0.00,0.00,0.00,2.00
11:31:51,4,84.31,0.00,8.82,0.00,0.00,3.92,0.00,0.00,0.00,2.94
11:31:51,5,84.16,0.00,8.91,0.00,0.00,3.96,0.00,0.00,0.00,2.97
11:31:51,6,85.15,0.00,8.91,0.00,0.00,3.96,0.00,0.00,0.00,1.98
11:31:51,7,85.00,0.00,9.00,0.00,0.00,3.00,0.00,0.00,0.00,3.00
11:31:51,12,85.15,0.00,8.91,0.00,0.00,3.96,0.00,0.00,0.00,1.98
11:31:51,13,86.00,0.00,9.00,0.00,0.00,3.00,0.00,0.00,0.00,2.00
11:31:51,14,86.73,0.00,7.14,0.00,0.00,4.08,0.00,0.00,0.00,2.04
11:31:51,15,86.87,0.00,8.08,0.00,0.00,3.03,0.00,0.00,0.00,2.02
11:31:52,4,86.87,0.00,8.08,0.00,0.00,3.03,0.00,0.00,0.00,2.02
11:31:52,5,86.00,0.00,9.00,0.00,0.00,3.00,0.00,0.00,0.00,2.00
11:31:52,6,84.00,0.00,10.00,0.00,0.00,3.00,0.00,0.00,0.00,3.00
11:31:52,7,86.00,0.00,9.00,0.00,0.00,3.00,0.00,0.00,0.00,2.00
11:31:52,12,84.85,0.00,10.10,0.00,0.00,3.03,0.00,0.00,0.00,2.02
11:31:52,13,84.16,0.00,9.90,0.00,0.00,2.97,0.00,0.00,0.00,2.97
11:31:52,14,82.35,0.00,10.78,0.00,0.00,3.92,0.00,0.00,0.00,2.94
11:31:52,15,84.00,0.00,11.00,0.00,0.00,3.00,0.00,0.00,0.00,2.00
11:31:53,4,86.87,0.00,7.07,0.00,0.00,4.04,0.00,0.00,0.00,2.02
11:31:53,5,88.78,0.00,8.16,0.00,0.00,2.04,0.00,0.00,0.00,1.02
11:31:53,6,83.00,0.00,11.00,0.00,0.00,4.00,0.00,0.00,0.00,2.00
11:31:53,7,87.00,0.00,9.00,0.00,0.00,2.00,0.00,0.00,0.00,2.00
11:31:53,12,84.16,0.00,9.90,0.00,0.00,3.96,0.00,0.00,0.00,1.98
11:31:53,13,86.00,0.00,9.00,0.00,0.00,3.00,0.00,0.00,0.00,2.00
11:31:53,14,85.86,0.00,8.08,0.00,0.00,4.04,0.00,0.00,0.00,2.02
11:31:53,15,85.00,0.00,10.00,0.00,0.00,3.00,0.00,0.00,0.00,2.00
11:31:54,4,88.00,0.00,8.00,0.00,0.00,3.00,0.00,0.00,0.00,1.00
11:31:54,5,84.16,0.00,9.90,0.00,0.00,3.96,0.00,0.00,0.00,1.98
11:31:54,6,86.00,0.00,9.00,0.00,0.00,4.00,0.00,0.00,0.00,1.00
11:31:54,7,85.00,0.00,9.00,0.00,0.00,4.00,0.00,0.00,0.00,2.00
11:31:54,12,87.88,0.00,9.09,0.00,0.00,2.02,0.00,0.00,0.00,1.01
11:31:54,13,84.69,0.00,11.22,0.00,0.00,3.06,0.00,0.00,0.00,1.02
11:31:54,14,86.87,0.00,9.09,0.00,0.00,3.03,0.00,0.00,0.00,1.01
11:31:54,15,87.00,0.00,8.00,0.00,0.00,3.00,0.00,0.00,0.00,2.00
11:31:55,4,83.17,0.00,10.89,0.00,0.00,3.96,0.00,0.00,0.00,1.98
11:31:55,5,87.00,0.00,8.00,0.00,0.00,4.00,0.00,0.00,0.00,1.00
11:31:55,6,87.00,0.00,8.00,0.00,0.00,3.00,0.00,0.00,0.00,2.00
11:31:55,7,87.88,0.00,8.08,0.00,0.00,3.03,0.00,0.00,0.00,1.01
11:31:55,12,85.15,0.00,7.92,0.00,0.00,4.95,0.00,0.00,0.00,1.98
11:31:55,13,84.31,0.00,9.80,0.00,0.00,3.92,0.00,0.00,0.00,1.96
11:31:55,14,88.12,0.00,6.93,0.00,0.00,2.97,0.00,0.00,0.00,1.98
11:31:55,15,84.85,0.00,9.09,0.00,0.00,5.05,0.00,0.00,0.00,1.01
11:31:56,4,86.87,0.00,9.09,0.00,0.00,3.03,0.00,0.00,0.00,1.01
11:31:56,5,85.00,0.00,10.00,0.00,0.00,3.00,0.00,0.00,0.00,2.00
11:31:56,6,87.88,0.00,7.07,0.00,0.00,4.04,0.00,0.00,0.00,1.01
11:31:56,7,86.00,0.00,8.00,0.00,0.00,4.00,0.00,0.00,0.00,2.00
11:31:56,12,86.73,0.00,8.16,0.00,0.00,3.06,0.00,0.00,0.00,2.04
11:31:56,13,86.73,0.00,9.18,0.00,0.00,3.06,0.00,0.00,0.00,1.02
11:31:56,14,83.00,0.00,12.00,0.00,0.00,3.00,0.00,0.00,0.00,2.00
11:31:56,15,87.00,0.00,8.00,0.00,0.00,3.00,0.00,0.00,0.00,2.00
11:31:57,4,84.85,0.00,10.10,0.00,0.00,3.03,0.00,0.00,0.00,2.02
11:31:57,5,86.00,0.00,9.00,0.00,0.00,4.00,0.00,0.00,0.00,1.00
11:31:57,6,86.00,0.00,8.00,0.00,0.00,4.00,0.00,0.00,0.00,2.00
11:31:57,7,87.00,0.00,7.00,0.00,0.00,4.00,0.00,0.00,0.00,2.00
11:31:57,12,87.25,0.00,7.84,0.00,0.00,2.94,0.00,0.00,0.00,1.96
11:31:57,13,84.16,0.00,8.91,0.00,0.00,4.95,0.00,0.00,0.00,1.98
11:31:57,14,85.86,0.00,10.10,0.00,0.00,3.03,0.00,0.00,0.00,1.01
11:31:57,15,87.88,0.00,7.07,0.00,0.00,3.03,0.00,0.00,0.00,2.02
11:31:58,4,87.00,0.00,8.00,0.00,0.00,3.00,0.00,0.00,0.00,2.00
11:31:58,5,85.86,0.00,9.09,0.00,0.00,3.03,0.00,0.00,0.00,2.02
11:31:58,6,85.15,0.00,8.91,0.00,0.00,3.96,0.00,0.00,0.00,1.98
11:31:58,7,85.15,0.00,9.90,0.00,0.00,2.97,0.00,0.00,0.00,1.98
11:31:58,12,85.86,0.00,8.08,0.00,0.00,4.04,0.00,0.00,0.00,2.02
11:31:58,13,86.87,0.00,8.08,0.00,0.00,3.03,0.00,0.00,0.00,2.02
11:31:58,14,86.14,0.00,7.92,0.00,0.00,2.97,0.00,0.00,0.00,2.97
11:31:58,15,87.13,0.00,7.92,0.00,0.00,2.97,0.00,0.00,0.00,1.98
11:31:59,4,86.87,0.00,8.08,0.00,0.00,3.03,0.00,0.00,0.00,2.02
11:31:59,5,85.15,0.00,9.90,0.00,0.00,2.97,0.00,0.00,0.00,1.98
11:31:59,6,85.15,0.00,9.90,0.00,0.00,2.97,0.00,0.00,0.00,1.98
11:31:59,7,85.86,0.00,9.09,0.00,0.00,4.04,0.00,0.00,0.00,1.01
11:31:59,12,88.89,0.00,8.08,0.00,0.00,2.02,0.00,0.00,0.00,1.01
11:31:59,13,85.00,0.00,10.00,0.00,0.00,3.00,0.00,0.00,0.00,2.00
11:31:59,14,87.88,0.00,8.08,0.00,0.00,3.03,0.00,0.00,0.00,1.01
11:31:59,15,86.00,0.00,10.00,0.00,0.00,2.00,0.00,0.00,0.00,2.00
11:32:00,4,86.14,0.00,8.91,0.00,0.00,3.96,0.00,0.00,0.00,0.99
11:32:00,5,87.76,0.00,8.16,0.00,0.00,3.06,0.00,0.00,0.00,1.02
11:32:00,6,86.60,0.00,10.31,0.00,0.00,2.06,0.00,0.00,0.00,1.03
11:32:00,7,87.88,0.00,7.07,0.00,0.00,3.03,0.00,0.00,0.00,2.02
11:32:00,12,85.00,0.00,11.00,0.00,0.00,2.00,0.00,0.00,0.00,2.00
11:32:00,13,85.00,0.00,11.00,0.00,0.00,3.00,0.00,0.00,0.00,1.00
11:32:00,14,84.00,0.00,10.00,0.00,0.00,4.00,0.00,0.00,0.00,2.00
11:32:00,15,86.87,0.00,8.08,0.00,0.00,3.03,0.00,0.00,0.00,2.02
11:32:01,4,85.00,0.00,9.00,0.00,0.00,4.00,0.00,0.00,0.00,2.00
11:32:01,5,86.14,0.00,8.91,0.00,0.00,3.96,0.00,0.00,0.00,0.99
11:32:01,6,85.15,0.00,9.90,0.00,0.00,2.97,0.00,0.00,0.00,1.98
11:32:01,7,87.00,0.00,8.00,0.00,0.00,3.00,0.00,0.00,0.00,2.00
11:32:01,12,86.27,0.00,8.82,0.00,0.00,3.92,0.00,0.00,0.00,0.98
11:32:01,13,89.00,0.00,7.00,0.00,0.00,2.00,0.00,0.00,0.00,2.00
11:32:01,14,86.00,0.00,10.00,0.00,0.00,3.00,0.00,0.00,0.00,1.00
11:32:01,15,86.27,0.00,7.84,0.00,0.00,3.92,0.00,0.00,0.00,1.96
11:32:02,4,85.86,0.00,9.09,0.00,0.00,4.04,0.00,0.00,0.00,1.01
11:32:02,5,86.87,0.00,9.09,0.00,0.00,2.02,0.00,0.00,0.00,2.02
11:32:02,6,87.00,0.00,8.00,0.00,0.00,3.00,0.00,0.00,0.00,2.00
11:32:02,7,88.00,0.00,7.00,0.00,0.00,3.00,0.00,0.00,0.00,2.00
11:32:02,12,83.84,0.00,10.10,0.00,0.00,4.04,0.00,0.00,0.00,2.02
11:32:02,13,88.00,0.00,8.00,0.00,0.00,2.00,0.00,0.00,0.00,2.00
11:32:02,14,87.00,0.00,8.00,0.00,0.00,3.00,0.00,0.00,0.00,2.00
11:32:02,15,86.73,0.00,8.16,0.00,0.00,3.06,0.00,0.00,0.00,2.04
11:32:03,4,85.00,0.00,9.00,0.00,0.00,4.00,0.00,0.00,0.00,2.00
11:32:03,5,85.00,0.00,10.00,0.00,0.00,3.00,0.00,0.00,0.00,2.00
11:32:03,6,85.00,0.00,11.00,0.00,0.00,3.00,0.00,0.00,0.00,1.00
11:32:03,7,86.00,0.00,9.00,0.00,0.00,3.00,0.00,0.00,0.00,2.00
11:32:03,12,85.00,0.00,10.00,0.00,0.00,3.00,0.00,0.00,0.00,2.00
11:32:03,13,87.00,0.00,9.00,0.00,0.00,3.00,0.00,0.00,0.00,1.00
11:32:03,14,86.00,0.00,9.00,0.00,0.00,3.00,0.00,0.00,0.00,2.00
11:32:03,15,85.86,0.00,9.09,0.00,0.00,4.04,0.00,0.00,0.00,1.01
11:32:04,4,87.00,0.00,8.00,0.00,0.00,3.00,0.00,0.00,0.00,2.00
11:32:04,5,87.00,0.00,8.00,0.00,0.00,3.00,0.00,0.00,0.00,2.00
11:32:04,6,83.17,0.00,10.89,0.00,0.00,2.97,0.00,0.00,0.00,2.97
11:32:04,7,84.00,0.00,10.00,0.00,0.00,4.00,0.00,0.00,0.00,2.00
11:32:04,12,87.00,0.00,8.00,0.00,0.00,3.00,0.00,0.00,0.00,2.00
11:32:04,13,86.00,0.00,9.00,0.00,0.00,2.00,0.00,0.00,0.00,3.00
11:32:04,14,85.86,0.00,9.09,0.00,0.00,3.03,0.00,0.00,0.00,2.02
11:32:04,15,85.15,0.00,8.91,0.00,0.00,2.97,0.00,0.00,0.00,2.97
11:32:05,4,87.00,0.00,8.00,0.00,0.00,3.00,0.00,0.00,0.00,2.00
11:32:05,5,84.85,0.00,10.10,0.00,0.00,3.03,0.00,0.00,0.00,2.02
11:32:05,6,84.85,0.00,9.09,0.00,0.00,4.04,0.00,0.00,0.00,2.02
11:32:05,7,84.85,0.00,10.10,0.00,0.00,3.03,0.00,0.00,0.00,2.02
11:32:05,12,87.00,0.00,7.00,0.00,0.00,3.00,0.00,0.00,0.00,3.00
11:32:05,13,85.00,0.00,9.00,0.00,0.00,4.00,0.00,0.00,0.00,2.00
11:32:05,14,85.00,0.00,10.00,0.00,0.00,3.00,0.00,0.00,0.00,2.00
11:32:05,15,84.00,0.00,9.00,0.00,0.00,5.00,0.00,0.00,0.00,2.00
11:32:06,4,86.00,0.00,8.00,0.00,0.00,4.00,0.00,0.00,0.00,2.00
11:32:06,5,85.00,0.00,9.00,0.00,0.00,4.00,0.00,0.00,0.00,2.00
11:32:06,6,87.00,0.00,9.00,0.00,0.00,3.00,0.00,0.00,0.00,1.00
11:32:06,7,87.00,0.00,8.00,0.00,0.00,3.00,0.00,0.00,0.00,2.00
11:32:06,12,85.29,0.00,9.80,0.00,0.00,3.92,0.00,0.00,0.00,0.98
11:32:06,13,87.00,0.00,9.00,0.00,0.00,3.00,0.00,0.00,0.00,1.00
11:32:06,14,86.00,0.00,9.00,0.00,0.00,3.00,0.00,0.00,0.00,2.00
11:32:06,15,85.00,0.00,10.00,0.00,0.00,3.00,0.00,0.00,0.00,2.00
11:32:07,4,85.00,0.00,10.00,0.00,0.00,3.00,0.00,0.00,0.00,2.00
11:32:07,5,88.00,0.00,8.00,0.00,0.00,3.00,0.00,0.00,0.00,1.00
11:32:07,6,85.00,0.00,10.00,0.00,0.00,3.00,0.00,0.00,0.00,2.00
11:32:07,7,85.00,0.00,10.00,0.00,0.00,3.00,0.00,0.00,0.00,2.00
11:32:07,12,85.86,0.00,9.09,0.00,0.00,3.03,0.00,0.00,0.00,2.02
11:32:07,13,84.85,0.00,10.10,0.00,0.00,3.03,0.00,0.00,0.00,2.02
11:32:07,14,87.88,0.00,8.08,0.00,0.00,3.03,0.00,0.00,0.00,1.01
11:32:07,15,85.86,0.00,10.10,0.00,0.00,3.03,0.00,0.00,0.00,1.01
11:32:08,4,87.00,0.00,9.00,0.00,0.00,2.00,0.00,0.00,0.00,2.00
11:32:08,5,85.00,0.00,9.00,0.00,0.00,4.00,0.00,0.00,0.00,2.00
11:32:08,6,85.86,0.00,9.09,0.00,0.00,4.04,0.00,0.00,0.00,1.01
11:32:08,7,87.76,0.00,8.16,0.00,0.00,3.06,0.00,0.00,0.00,1.02
11:32:08,12,87.00,0.00,8.00,0.00,0.00,3.00,0.00,0.00,0.00,2.00
11:32:08,13,85.15,0.00,9.90,0.00,0.00,2.97,0.00,0.00,0.00,1.98
11:32:08,14,86.00,0.00,10.00,0.00,0.00,2.00,0.00,0.00,0.00,2.00
11:32:08,15,85.00,0.00,9.00,0.00,0.00,4.00,0.00,0.00,0.00,2.00
11:32:09,4,87.00,0.00,9.00,0.00,0.00,3.00,0.00,0.00,0.00,1.00
11:32:09,5,86.87,0.00,10.10,0.00,0.00,2.02,0.00,0.00,0.00,1.01
11:32:09,6,85.15,0.00,9.90,0.00,0.00,2.97,0.00,0.00,0.00,1.98
11:32:09,7,88.00,0.00,8.00,0.00,0.00,2.00,0.00,0.00,0.00,2.00
11:32:09,12,85.86,0.00,9.09,0.00,0.00,4.04,0.00,0.00,0.00,1.01
11:32:09,13,86.00,0.00,10.00,0.00,0.00,3.00,0.00,0.00,0.00,1.00
11:32:09,14,86.14,0.00,7.92,0.00,0.00,3.96,0.00,0.00,0.00,1.98
11:32:09,15,85.00,0.00,10.00,0.00,0.00,3.00,0.00,0.00,0.00,2.00
11:32:10,4,86.87,0.00,8.08,0.00,0.00,3.03,0.00,0.00,0.00,2.02
11:32:10,5,87.88,0.00,7.07,0.00,0.00,3.03,0.00,0.00,0.00,2.02
11:32:10,6,85.00,0.00,9.00,0.00,0.00,4.00,0.00,0.00,0.00,2.00
11:32:10,7,85.15,0.00,9.90,0.00,0.00,2.97,0.00,0.00,0.00,1.98
11:32:10,12,86.87,0.00,8.08,0.00,0.00,3.03,0.00,0.00,0.00,2.02
11:32:10,13,88.00,0.00,7.00,0.00,0.00,3.00,0.00,0.00,0.00,2.00
11:32:10,14,88.78,0.00,8.16,0.00,0.00,2.04,0.00,0.00,0.00,1.02
11:32:10,15,85.00,0.00,10.00,0.00,0.00,3.00,0.00,0.00,0.00,2.00
11:32:11,4,86.14,0.00,9.90,0.00,0.00,2.97,0.00,0.00,0.00,0.99
11:32:11,5,85.15,0.00,9.90,0.00,0.00,2.97,0.00,0.00,0.00,1.98
11:32:11,6,89.00,0.00,8.00,0.00,0.00,2.00,0.00,0.00,0.00,1.00
11:32:11,7,85.86,0.00,10.10,0.00,0.00,3.03,0.00,0.00,0.00,1.01
11:32:11,12,86.14,0.00,7.92,0.00,0.00,3.96,0.00,0.00,0.00,1.98
11:32:11,13,86.87,0.00,10.10,0.00,0.00,2.02,0.00,0.00,0.00,1.01
11:32:11,14,84.00,0.00,10.00,0.00,0.00,4.00,0.00,0.00,0.00,2.00
11:32:11,15,86.87,0.00,9.09,0.00,0.00,3.03,0.00,0.00,0.00,1.01
11:32:12,4,86.87,0.00,8.08,0.00,0.00,3.03,0.00,0.00,0.00,2.02
11:32:12,5,85.86,0.00,9.09,0.00,0.00,4.04,0.00,0.00,0.00,1.01
11:32:12,6,86.87,0.00,8.08,0.00,0.00,3.03,0.00,0.00,0.00,2.02
11:32:12,7,86.00,0.00,8.00,0.00,0.00,4.00,0.00,0.00,0.00,2.00
11:32:12,12,86.00,0.00,8.00,0.00,0.00,4.00,0.00,0.00,0.00,2.00
11:32:12,13,85.00,0.00,10.00,0.00,0.00,3.00,0.00,0.00,0.00,2.00
11:32:12,14,84.00,0.00,11.00,0.00,0.00,3.00,0.00,0.00,0.00,2.00
11:32:12,15,86.00,0.00,9.00,0.00,0.00,3.00,0.00,0.00,0.00,2.00
11:32:13,4,85.00,0.00,10.00,0.00,0.00,4.00,0.00,0.00,0.00,1.00
11:32:13,5,85.15,0.00,8.91,0.00,0.00,3.96,0.00,0.00,0.00,1.98
11:32:13,6,86.14,0.00,8.91,0.00,0.00,2.97,0.00,0.00,0.00,1.98
11:32:13,7,85.86,0.00,10.10,0.00,0.00,2.02,0.00,0.00,0.00,2.02
11:32:13,12,87.00,0.00,9.00,0.00,0.00,2.00,0.00,0.00,0.00,2.00
11:32:13,13,87.00,0.00,8.00,0.00,0.00,3.00,0.00,0.00,0.00,2.00
11:32:13,14,87.00,0.00,8.00,0.00,0.00,4.00,0.00,0.00,0.00,1.00
11:32:13,15,85.15,0.00,8.91,0.00,0.00,3.96,0.00,0.00,0.00,1.98
11:32:14,4,87.88,0.00,8.08,0.00,0.00,2.02,0.00,0.00,0.00,2.02
11:32:14,5,86.87,0.00,9.09,0.00,0.00,2.02,0.00,0.00,0.00,2.02
11:32:14,6,87.76,0.00,8.16,0.00,0.00,2.04,0.00,0.00,0.00,2.04
11:32:14,7,87.00,0.00,8.00,0.00,0.00,3.00,0.00,0.00,0.00,2.00
11:32:14,12,86.87,0.00,8.08,0.00,0.00,3.03,0.00,0.00,0.00,2.02
11:32:14,13,85.00,0.00,10.00,0.00,0.00,3.00,0.00,0.00,0.00,2.00
11:32:14,14,86.00,0.00,8.00,0.00,0.00,4.00,0.00,0.00,0.00,2.00
11:32:14,15,85.00,0.00,9.00,0.00,0.00,4.00,0.00,0.00,0.00,2.00
11:32:15,4,85.15,0.00,8.91,0.00,0.00,3.96,0.00,0.00,0.00,1.98
11:32:15,5,86.00,0.00,10.00,0.00,0.00,3.00,0.00,0.00,0.00,1.00
11:32:15,6,85.15,0.00,9.90,0.00,0.00,3.96,0.00,0.00,0.00,0.99
11:32:15,7,87.00,0.00,9.00,0.00,0.00,3.00,0.00,0.00,0.00,1.00
11:32:15,12,86.87,0.00,9.09,0.00,0.00,3.03,0.00,0.00,0.00,1.01
11:32:15,13,87.00,0.00,8.00,0.00,0.00,4.00,0.00,0.00,0.00,1.00
11:32:15,14,86.00,0.00,8.00,0.00,0.00,4.00,0.00,0.00,0.00,2.00
11:32:15,15,85.00,0.00,9.00,0.00,0.00,4.00,0.00,0.00,0.00,2.00
11:32:16,4,85.86,0.00,9.09,0.00,0.00,4.04,0.00,0.00,0.00,1.01
11:32:16,5,86.00,0.00,9.00,0.00,0.00,3.00,0.00,0.00,0.00,2.00
11:32:16,6,86.87,0.00,9.09,0.00,0.00,2.02,0.00,0.00,0.00,2.02
11:32:16,7,87.00,0.00,7.00,0.00,0.00,4.00,0.00,0.00,0.00,2.00
11:32:16,12,87.13,0.00,7.92,0.00,0.00,2.97,0.00,0.00,0.00,1.98
11:32:16,13,86.14,0.00,8.91,0.00,0.00,2.97,0.00,0.00,0.00,1.98
11:32:16,14,88.00,0.00,8.00,0.00,0.00,3.00,0.00,0.00,0.00,1.00
11:32:16,15,87.88,0.00,8.08,0.00,0.00,3.03,0.00,0.00,0.00,1.01
11:32:17,4,85.86,0.00,10.10,0.00,0.00,3.03,0.00,0.00,0.00,1.01
11:32:17,5,88.00,0.00,8.00,0.00,0.00,3.00,0.00,0.00,0.00,1.00
11:32:17,6,88.12,0.00,7.92,0.00,0.00,2.97,0.00,0.00,0.00,0.99
11:32:17,7,88.00,0.00,8.00,0.00,0.00,3.00,0.00,0.00,0.00,1.00
11:32:17,12,87.88,0.00,8.08,0.00,0.00,3.03,0.00,0.00,0.00,1.01
11:32:17,13,85.86,0.00,9.09,0.00,0.00,4.04,0.00,0.00,0.00,1.01
11:32:17,14,88.00,0.00,9.00,0.00,0.00,2.00,0.00,0.00,0.00,1.00
11:32:17,15,86.00,0.00,10.00,0.00,0.00,3.00,0.00,0.00,0.00,1.00
11:32:18,4,85.15,0.00,8.91,0.00,0.00,3.96,0.00,0.00,0.00,1.98
11:32:18,5,87.76,0.00,8.16,0.00,0.00,3.06,0.00,0.00,0.00,1.02
11:32:18,6,86.87,0.00,8.08,0.00,0.00,3.03,0.00,0.00,0.00,2.02
11:32:18,7,86.87,0.00,8.08,0.00,0.00,4.04,0.00,0.00,0.00,1.01
11:32:18,12,84.00,0.00,10.00,0.00,0.00,4.00,0.00,0.00,0.00,2.00
11:32:18,13,85.00,0.00,11.00,0.00,0.00,3.00,0.00,0.00,0.00,1.00
11:32:18,14,87.00,0.00,8.00,0.00,0.00,3.00,0.00,0.00,0.00,2.00
11:32:18,15,86.00,0.00,8.00,0.00,0.00,4.00,0.00,0.00,0.00,2.00
11:32:19,4,86.00,0.00,9.00,0.00,0.00,3.00,0.00,0.00,0.00,2.00
11:32:19,5,84.16,0.00,9.90,0.00,0.00,3.96,0.00,0.00,0.00,1.98
11:32:19,6,86.87,0.00,9.09,0.00,0.00,3.03,0.00,0.00,0.00,1.01
11:32:19,7,86.87,0.00,9.09,0.00,0.00,2.02,0.00,0.00,0.00,2.02
11:32:19,12,84.00,0.00,11.00,0.00,0.00,3.00,0.00,0.00,0.00,2.00
11:32:19,13,87.00,0.00,8.00,0.00,0.00,3.00,0.00,0.00,0.00,2.00
11:32:19,14,86.00,0.00,8.00,0.00,0.00,4.00,0.00,0.00,0.00,2.00
11:32:19,15,85.86,0.00,9.09,0.00,0.00,3.03,0.00,0.00,0.00,2.02
11:32:20,4,83.84,0.00,10.10,0.00,0.00,4.04,0.00,0.00,0.00,2.02
11:32:20,5,86.73,0.00,8.16,0.00,0.00,3.06,0.00,0.00,0.00,2.04
11:32:20,6,84.00,0.00,10.00,0.00,0.00,4.00,0.00,0.00,0.00,2.00
11:32:20,7,83.84,0.00,10.10,0.00,0.00,4.04,0.00,0.00,0.00,2.02
11:32:20,12,85.00,0.00,9.00,0.00,0.00,4.00,0.00,0.00,0.00,2.00
11:32:20,13,87.00,0.00,8.00,0.00,0.00,3.00,0.00,0.00,0.00,2.00
11:32:20,14,86.00,0.00,8.00,0.00,0.00,4.00,0.00,0.00,0.00,2.00
11:32:20,15,85.15,0.00,8.91,0.00,0.00,3.96,0.00,0.00,0.00,1.98
11:32:21,4,86.87,0.00,8.08,0.00,0.00,4.04,0.00,0.00,0.00,1.01
11:32:21,5,84.31,0.00,9.80,0.00,0.00,3.92,0.00,0.00,0.00,1.96
11:32:21,6,87.00,0.00,9.00,0.00,0.00,2.00,0.00,0.00,0.00,2.00
11:32:21,7,85.15,0.00,9.90,0.00,0.00,2.97,0.00,0.00,0.00,1.98
11:32:21,12,85.86,0.00,8.08,0.00,0.00,5.05,0.00,0.00,0.00,1.01
11:32:21,13,86.00,0.00,9.00,0.00,0.00,3.00,0.00,0.00,0.00,2.00
11:32:21,14,84.85,0.00,10.10,0.00,0.00,3.03,0.00,0.00,0.00,2.02
11:32:21,15,86.00,0.00,8.00,0.00,0.00,4.00,0.00,0.00,0.00,2.00
11:32:22,4,83.17,0.00,10.89,0.00,0.00,3.96,0.00,0.00,0.00,1.98
11:32:22,5,86.73,0.00,9.18,0.00,0.00,3.06,0.00,0.00,0.00,1.02
11:32:22,6,84.00,0.00,11.00,0.00,0.00,4.00,0.00,0.00,0.00,1.00
11:32:22,7,87.76,0.00,8.16,0.00,0.00,3.06,0.00,0.00,0.00,1.02
11:32:22,12,86.14,0.00,7.92,0.00,0.00,3.96,0.00,0.00,0.00,1.98
11:32:22,13,85.86,0.00,10.10,0.00,0.00,3.03,0.00,0.00,0.00,1.01
11:32:22,14,85.15,0.00,9.90,0.00,0.00,3.96,0.00,0.00,0.00,0.99
11:32:22,15,84.00,0.00,10.00,0.00,0.00,4.00,0.00,0.00,0.00,2.00
11:32:23,4,89.00,0.00,7.00,0.00,0.00,3.00,0.00,0.00,0.00,1.00
11:32:23,5,83.17,0.00,12.87,0.00,0.00,2.97,0.00,0.00,0.00,0.99
11:32:23,6,86.14,0.00,8.91,0.00,0.00,2.97,0.00,0.00,0.00,1.98
11:32:23,7,83.33,0.00,10.78,0.00,0.00,3.92,0.00,0.00,0.00,1.96
11:32:23,12,87.13,0.00,8.91,0.00,0.00,2.97,0.00,0.00,0.00,0.99
11:32:23,13,87.76,0.00,9.18,0.00,0.00,2.04,0.00,0.00,0.00,1.02
11:32:23,14,87.00,0.00,9.00,0.00,0.00,2.00,0.00,0.00,0.00,2.00
11:32:23,15,87.88,0.00,9.09,0.00,0.00,2.02,0.00,0.00,0.00,1.01
11:32:24,4,85.71,0.00,9.18,0.00,0.00,3.06,0.00,0.00,0.00,2.04
11:32:24,5,86.73,0.00,8.16,0.00,0.00,3.06,0.00,0.00,0.00,2.04
11:32:24,6,87.76,0.00,7.14,0.00,0.00,3.06,0.00,0.00,0.00,2.04
11:32:24,7,85.71,0.00,9.18,0.00,0.00,3.06,0.00,0.00,0.00,2.04
11:32:24,12,85.86,0.00,9.09,0.00,0.00,3.03,0.00,0.00,0.00,2.02
11:32:24,13,85.15,0.00,8.91,0.00,0.00,2.97,0.00,0.00,0.00,2.97
11:32:24,14,85.71,0.00,9.18,0.00,0.00,3.06,0.00,0.00,0.00,2.04
11:32:24,15,87.00,0.00,7.00,0.00,0.00,3.00,0.00,0.00,0.00,3.00
11:32:25,4,86.00,0.00,9.00,0.00,0.00,3.00,0.00,0.00,0.00,2.00
11:32:25,5,88.00,0.00,8.00,0.00,0.00,2.00,0.00,0.00,0.00,2.00
11:32:25,6,85.15,0.00,8.91,0.00,0.00,3.96,0.00,0.00,0.00,1.98
11:32:25,7,85.15,0.00,8.91,0.00,0.00,3.96,0.00,0.00,0.00,1.98
11:32:25,12,85.86,0.00,9.09,0.00,0.00,3.03,0.00,0.00,0.00,2.02
11:32:25,13,86.73,0.00,9.18,0.00,0.00,3.06,0.00,0.00,0.00,1.02
11:32:25,14,86.00,0.00,9.00,0.00,0.00,3.00,0.00,0.00,0.00,2.00
11:32:25,15,85.00,0.00,9.00,0.00,0.00,4.00,0.00,0.00,0.00,2.00
11:32:26,4,86.00,0.00,8.00,0.00,0.00,3.00,0.00,0.00,0.00,3.00
11:32:26,5,84.85,0.00,9.09,0.00,0.00,4.04,0.00,0.00,0.00,2.02
11:32:26,6,87.00,0.00,8.00,0.00,0.00,3.00,0.00,0.00,0.00,2.00
11:32:26,7,87.00,0.00,8.00,0.00,0.00,3.00,0.00,0.00,0.00,2.00
11:32:26,12,86.00,0.00,9.00,0.00,0.00,3.00,0.00,0.00,0.00,2.00
11:32:26,13,85.15,0.00,8.91,0.00,0.00,2.97,0.00,0.00,0.00,2.97
11:32:26,14,87.00,0.00,9.00,0.00,0.00,2.00,0.00,0.00,0.00,2.00
11:32:26,15,86.87,0.00,8.08,0.00,0.00,3.03,0.00,0.00,0.00,2.02
11:32:27,4,88.00,0.00,8.00,0.00,0.00,3.00,0.00,0.00,0.00,1.00
11:32:27,5,86.00,0.00,9.00,0.00,0.00,3.00,0.00,0.00,0.00,2.00
11:32:27,6,85.86,0.00,9.09,0.00,0.00,4.04,0.00,0.00,0.00,1.01
11:32:27,7,86.00,0.00,9.00,0.00,0.00,3.00,0.00,0.00,0.00,2.00
11:32:27,12,86.00,0.00,8.00,0.00,0.00,4.00,0.00,0.00,0.00,2.00
11:32:27,13,86.87,0.00,9.09,0.00,0.00,3.03,0.00,0.00,0.00,1.01
11:32:27,14,85.86,0.00,9.09,0.00,0.00,3.03,0.00,0.00,0.00,2.02
11:32:27,15,88.00,0.00,8.00,0.00,0.00,3.00,0.00,0.00,0.00,1.00
11:32:28,4,86.00,0.00,10.00,0.00,0.00,3.00,0.00,0.00,0.00,1.00
11:32:28,5,87.88,0.00,8.08,0.00,0.00,3.03,0.00,0.00,0.00,1.01
11:32:28,6,87.13,0.00,7.92,0.00,0.00,2.97,0.00,0.00,0.00,1.98
11:32:28,7,86.87,0.00,10.10,0.00,0.00,2.02,0.00,0.00,0.00,1.01
11:32:28,12,84.85,0.00,10.10,0.00,0.00,4.04,0.00,0.00,0.00,1.01
11:32:28,13,85.86,0.00,10.10,0.00,0.00,3.03,0.00,0.00,0.00,1.01
11:32:28,14,87.13,0.00,8.91,0.00,0.00,2.97,0.00,0.00,0.00,0.99
11:32:28,15,84.16,0.00,11.88,0.00,0.00,1.98,0.00,0.00,0.00,1.98
11:32:29,4,86.00,0.00,9.00,0.00,0.00,4.00,0.00,0.00,0.00,1.00
11:32:29,5,88.00,0.00,8.00,0.00,0.00,3.00,0.00,0.00,0.00,1.00
11:32:29,6,87.00,0.00,9.00,0.00,0.00,3.00,0.00,0.00,0.00,1.00
11:32:29,7,83.17,0.00,10.89,0.00,0.00,4.95,0.00,0.00,0.00,0.99
11:32:29,12,83.17,0.00,11.88,0.00,0.00,3.96,0.00,0.00,0.00,0.99
11:32:29,13,86.00,0.00,10.00,0.00,0.00,3.00,0.00,0.00,0.00,1.00
11:32:29,14,87.00,0.00,8.00,0.00,0.00,4.00,0.00,0.00,0.00,1.00
11:32:29,15,86.00,0.00,9.00,0.00,0.00,4.00,0.00,0.00,0.00,1.00
11:32:30,4,85.00,0.00,10.00,0.00,0.00,3.00,0.00,0.00,0.00,2.00
11:32:30,5,86.14,0.00,8.91,0.00,0.00,2.97,0.00,0.00,0.00,1.98
11:32:30,6,86.73,0.00,9.18,0.00,0.00,3.06,0.00,0.00,0.00,1.02
11:32:30,7,86.87,0.00,8.08,0.00,0.00,3.03,0.00,0.00,0.00,2.02
11:32:30,12,86.87,0.00,8.08,0.00,0.00,4.04,0.00,0.00,0.00,1.01
11:32:30,13,85.15,0.00,9.90,0.00,0.00,2.97,0.00,0.00,0.00,1.98
11:32:30,14,87.88,0.00,7.07,0.00,0.00,3.03,0.00,0.00,0.00,2.02
11:32:30,15,86.87,0.00,8.08,0.00,0.00,3.03,0.00,0.00,0.00,2.02
11:32:31,4,87.00,0.00,8.00,0.00,0.00,3.00,0.00,0.00,0.00,2.00
11:32:31,5,86.73,0.00,8.16,0.00,0.00,4.08,0.00,0.00,0.00,1.02
11:32:31,6,86.14,0.00,8.91,0.00,0.00,2.97,0.00,0.00,0.00,1.98
11:32:31,7,86.00,0.00,9.00,0.00,0.00,3.00,0.00,0.00,0.00,2.00
11:32:31,12,84.16,0.00,8.91,0.00,0.00,3.96,0.00,0.00,0.00,2.97
11:32:31,13,85.86,0.00,9.09,0.00,0.00,3.03,0.00,0.00,0.00,2.02
11:32:31,14,87.00,0.00,8.00,0.00,0.00,3.00,0.00,0.00,0.00,2.00
11:32:31,15,86.00,0.00,9.00,0.00,0.00,3.00,0.00,0.00,0.00,2.00
11:32:32,4,88.00,0.00,7.00,0.00,0.00,3.00,0.00,0.00,0.00,2.00
11:32:32,5,84.16,0.00,9.90,0.00,0.00,3.96,0.00,0.00,0.00,1.98
11:32:32,6,85.86,0.00,10.10,0.00,0.00,2.02,0.00,0.00,0.00,2.02
11:32:32,7,87.88,0.00,7.07,0.00,0.00,3.03,0.00,0.00,0.00,2.02
11:32:32,12,85.86,0.00,8.08,0.00,0.00,4.04,0.00,0.00,0.00,2.02
11:32:32,13,87.13,0.00,7.92,0.00,0.00,2.97,0.00,0.00,0.00,1.98
11:32:32,14,86.00,0.00,9.00,0.00,0.00,3.00,0.00,0.00,0.00,2.00
11:32:32,15,87.00,0.00,7.00,0.00,0.00,4.00,0.00,0.00,0.00,2.00
11:32:33,4,85.71,0.00,10.20,0.00,0.00,3.06,0.00,0.00,0.00,1.02
11:32:33,5,86.87,0.00,9.09,0.00,0.00,3.03,0.00,0.00,0.00,1.01
11:32:33,6,85.15,0.00,10.89,0.00,0.00,2.97,0.00,0.00,0.00,0.99
11:32:33,7,84.85,0.00,10.10,0.00,0.00,4.04,0.00,0.00,0.00,1.01
11:32:33,12,88.00,0.00,8.00,0.00,0.00,3.00,0.00,0.00,0.00,1.00
11:32:33,13,85.71,0.00,11.22,0.00,0.00,2.04,0.00,0.00,0.00,1.02
11:32:33,14,87.88,0.00,7.07,0.00,0.00,4.04,0.00,0.00,0.00,1.01
11:32:33,15,84.00,0.00,10.00,0.00,0.00,4.00,0.00,0.00,0.00,2.00
11:32:34,4,87.00,0.00,8.00,0.00,0.00,4.00,0.00,0.00,0.00,1.00
11:32:34,5,85.86,0.00,10.10,0.00,0.00,3.03,0.00,0.00,0.00,1.01
11:32:34,6,85.86,0.00,9.09,0.00,0.00,4.04,0.00,0.00,0.00,1.01
11:32:34,7,85.00,0.00,11.00,0.00,0.00,2.00,0.00,0.00,0.00,2.00
11:32:34,12,86.73,0.00,9.18,0.00,0.00,3.06,0.00,0.00,0.00,1.02
11:32:34,13,86.14,0.00,7.92,0.00,0.00,4.95,0.00,0.00,0.00,0.99
11:32:34,14,86.87,0.00,9.09,0.00,0.00,3.03,0.00,0.00,0.00,1.01
11:32:34,15,86.87,0.00,9.09,0.00,0.00,3.03,0.00,0.00,0.00,1.01
11:32:35,4,87.00,0.00,9.00,0.00,0.00,2.00,0.00,0.00,0.00,2.00
11:32:35,5,84.00,0.00,10.00,0.00,0.00,4.00,0.00,0.00,0.00,2.00
11:32:35,6,90.00,0.00,5.00,0.00,0.00,3.00,0.00,0.00,0.00,2.00
11:32:35,7,86.14,0.00,8.91,0.00,0.00,2.97,0.00,0.00,0.00,1.98
11:32:35,12,86.00,0.00,8.00,0.00,0.00,4.00,0.00,0.00,0.00,2.00
11:32:35,13,83.84,0.00,10.10,0.00,0.00,4.04,0.00,0.00,0.00,2.02
11:32:35,14,84.85,0.00,9.09,0.00,0.00,4.04,0.00,0.00,0.00,2.02
11:32:35,15,86.00,0.00,9.00,0.00,0.00,3.00,0.00,0.00,0.00,2.00
11:32:36,4,86.14,0.00,7.92,0.00,0.00,3.96,0.00,0.00,0.00,1.98
11:32:36,5,86.14,0.00,7.92,0.00,0.00,3.96,0.00,0.00,0.00,1.98
11:32:36,6,87.13,0.00,7.92,0.00,0.00,2.97,0.00,0.00,0.00,1.98
11:32:36,7,86.00,0.00,10.00,0.00,0.00,3.00,0.00,0.00,0.00,1.00
11:32:36,12,85.00,0.00,10.00,0.00,0.00,3.00,0.00,0.00,0.00,2.00
11:32:36,13,86.14,0.00,8.91,0.00,0.00,2.97,0.00,0.00,0.00,1.98
11:32:36,14,86.14,0.00,9.90,0.00,0.00,1.98,0.00,0.00,0.00,1.98
11:32:36,15,85.00,0.00,10.00,0.00,0.00,4.00,0.00,0.00,0.00,1.00
11:32:37,4,87.88,0.00,8.08,0.00,0.00,3.03,0.00,0.00,0.00,1.01
11:32:37,5,86.00,0.00,9.00,0.00,0.00,4.00,0.00,0.00,0.00,1.00
11:32:37,6,86.87,0.00,9.09,0.00,0.00,3.03,0.00,0.00,0.00,1.01
11:32:37,7,86.14,0.00,8.91,0.00,0.00,2.97,0.00,0.00,0.00,1.98
11:32:37,12,87.00,0.00,8.00,0.00,0.00,4.00,0.00,0.00,0.00,1.00
11:32:37,13,87.76,0.00,8.16,0.00,0.00,3.06,0.00,0.00,0.00,1.02
11:32:37,14,86.87,0.00,9.09,0.00,0.00,3.03,0.00,0.00,0.00,1.01
11:32:37,15,84.16,0.00,10.89,0.00,0.00,2.97,0.00,0.00,0.00,1.98
11:32:38,4,86.14,0.00,7.92,0.00,0.00,3.96,0.00,0.00,0.00,1.98
11:32:38,5,88.78,0.00,7.14,0.00,0.00,2.04,0.00,0.00,0.00,2.04
11:32:38,6,85.00,0.00,10.00,0.00,0.00,3.00,0.00,0.00,0.00,2.00
11:32:38,7,86.73,0.00,9.18,0.00,0.00,3.06,0.00,0.00,0.00,1.02
11:32:38,12,88.12,0.00,6.93,0.00,0.00,2.97,0.00,0.00,0.00,1.98
11:32:38,13,83.17,0.00,9.90,0.00,0.00,4.95,0.00,0.00,0.00,1.98
11:32:38,14,87.13,0.00,8.91,0.00,0.00,1.98,0.00,0.00,0.00,1.98
11:32:38,15,86.14,0.00,8.91,0.00,0.00,2.97,0.00,0.00,0.00,1.98
11:32:39,4,87.88,0.00,10.10,0.00,0.00,1.01,0.00,0.00,0.00,1.01
11:32:39,5,87.13,0.00,8.91,0.00,0.00,2.97,0.00,0.00,0.00,0.99
11:32:39,6,86.87,0.00,9.09,0.00,0.00,3.03,0.00,0.00,0.00,1.01
11:32:39,7,83.17,0.00,10.89,0.00,0.00,3.96,0.00,0.00,0.00,1.98
11:32:39,12,88.00,0.00,8.00,0.00,0.00,3.00,0.00,0.00,0.00,1.00
11:32:39,13,88.89,0.00,8.08,0.00,0.00,2.02,0.00,0.00,0.00,1.01
11:32:39,14,87.00,0.00,9.00,0.00,0.00,3.00,0.00,0.00,0.00,1.00
11:32:39,15,86.87,0.00,8.08,0.00,0.00,4.04,0.00,0.00,0.00,1.01
11:32:40,4,85.00,0.00,10.00,0.00,0.00,4.00,0.00,0.00,0.00,1.00
11:32:40,5,87.88,0.00,9.09,0.00,0.00,2.02,0.00,0.00,0.00,1.01
11:32:40,6,87.00,0.00,8.00,0.00,0.00,4.00,0.00,0.00,0.00,1.00
11:32:40,7,85.86,0.00,10.10,0.00,0.00,3.03,0.00,0.00,0.00,1.01
11:32:40,12,86.73,0.00,9.18,0.00,0.00,2.04,0.00,0.00,0.00,2.04
11:32:40,13,88.00,0.00,8.00,0.00,0.00,2.00,0.00,0.00,0.00,2.00
11:32:40,14,86.00,0.00,11.00,0.00,0.00,1.00,0.00,0.00,0.00,2.00
11:32:40,15,84.00,0.00,10.00,0.00,0.00,4.00,0.00,0.00,0.00,2.00
11:32:41,4,85.86,0.00,9.09,0.00,0.00,3.03,0.00,0.00,0.00,2.02
11:32:41,5,84.16,0.00,9.90,0.00,0.00,3.96,0.00,0.00,0.00,1.98
11:32:41,6,87.00,0.00,9.00,0.00,0.00,2.00,0.00,0.00,0.00,2.00
11:32:41,7,85.15,0.00,9.90,0.00,0.00,2.97,0.00,0.00,0.00,1.98
11:32:41,12,85.15,0.00,9.90,0.00,0.00,3.96,0.00,0.00,0.00,0.99
11:32:41,13,87.00,0.00,8.00,0.00,0.00,4.00,0.00,0.00,0.00,1.00
11:32:41,14,87.76,0.00,8.16,0.00,0.00,3.06,0.00,0.00,0.00,1.02
11:32:41,15,86.87,0.00,10.10,0.00,0.00,2.02,0.00,0.00,0.00,1.01
11:32:42,4,86.00,0.00,9.00,0.00,0.00,4.00,0.00,0.00,0.00,1.00
11:32:42,5,85.86,0.00,10.10,0.00,0.00,2.02,0.00,0.00,0.00,2.02
11:32:42,6,86.87,0.00,8.08,0.00,0.00,4.04,0.00,0.00,0.00,1.01
11:32:42,7,86.87,0.00,9.09,0.00,0.00,3.03,0.00,0.00,0.00,1.01
11:32:42,12,87.00,0.00,8.00,0.00,0.00,3.00,0.00,0.00,0.00,2.00
11:32:42,13,85.00,0.00,10.00,0.00,0.00,3.00,0.00,0.00,0.00,2.00
11:32:42,14,86.14,0.00,7.92,0.00,0.00,3.96,0.00,0.00,0.00,1.98
11:32:42,15,87.00,0.00,8.00,0.00,0.00,3.00,0.00,0.00,0.00,2.00
11:32:43,4,84.85,0.00,7.07,0.00,0.00,3.03,0.00,0.00,0.00,5.05
11:32:43,5,83.84,0.00,9.09,0.00,0.00,2.02,0.00,0.00,0.00,5.05
11:32:43,6,82.00,0.00,9.00,0.00,0.00,3.00,0.00,0.00,0.00,6.00
11:32:43,7,82.65,0.00,8.16,0.00,0.00,3.06,0.00,0.00,0.00,6.12
11:32:43,12,81.82,0.00,10.10,0.00,0.00,3.03,0.00,0.00,0.00,5.05
11:32:43,13,80.81,0.00,10.10,0.00,0.00,4.04,0.00,0.00,0.00,5.05
11:32:43,14,82.65,0.00,9.18,0.00,0.00,3.06,0.00,0.00,0.00,5.10
11:32:43,15,81.82,0.00,10.10,0.00,0.00,3.03,0.00,0.00,0.00,5.05
11:32:44,4,84.00,0.00,9.00,0.00,0.00,4.00,0.00,0.00,0.00,3.00
11:32:44,5,85.86,0.00,9.09,0.00,0.00,3.03,0.00,0.00,0.00,2.02
11:32:44,6,86.87,0.00,8.08,0.00,0.00,3.03,0.00,0.00,0.00,2.02
11:32:44,7,85.15,0.00,8.91,0.00,0.00,2.97,0.00,0.00,0.00,2.97
11:32:44,12,84.85,0.00,10.10,0.00,0.00,3.03,0.00,0.00,0.00,2.02
11:32:44,13,83.17,0.00,8.91,0.00,0.00,4.95,0.00,0.00,0.00,2.97
11:32:44,14,86.00,0.00,8.00,0.00,0.00,3.00,0.00,0.00,0.00,3.00
11:32:44,15,86.14,0.00,7.92,0.00,0.00,2.97,0.00,0.00,0.00,2.97
11:32:45,4,87.88,0.00,9.09,0.00,0.00,2.02,0.00,0.00,0.00,1.01
11:32:45,5,86.87,0.00,9.09,0.00,0.00,3.03,0.00,0.00,0.00,1.01
11:32:45,6,85.86,0.00,9.09,0.00,0.00,3.03,0.00,0.00,0.00,2.02
11:32:45,7,88.89,0.00,7.07,0.00,0.00,3.03,0.00,0.00,0.00,1.01
11:32:45,12,84.00,0.00,9.00,0.00,0.00,5.00,0.00,0.00,0.00,2.00
11:32:45,13,85.86,0.00,11.11,0.00,0.00,2.02,0.00,0.00,0.00,1.01
11:32:45,14,86.00,0.00,10.00,0.00,0.00,3.00,0.00,0.00,0.00,1.00
11:32:45,15,87.76,0.00,8.16,0.00,0.00,3.06,0.00,0.00,0.00,1.02
11:32:46,4,84.31,0.00,9.80,0.00,0.00,3.92,0.00,0.00,0.00,1.96
11:32:46,5,85.15,0.00,8.91,0.00,0.00,3.96,0.00,0.00,0.00,1.98
11:32:46,6,86.00,0.00,9.00,0.00,0.00,3.00,0.00,0.00,0.00,2.00
11:32:46,7,88.12,0.00,7.92,0.00,0.00,1.98,0.00,0.00,0.00,1.98
11:32:46,12,86.87,0.00,8.08,0.00,0.00,3.03,0.00,0.00,0.00,2.02
11:32:46,13,83.00,0.00,11.00,0.00,0.00,4.00,0.00,0.00,0.00,2.00
11:32:46,14,84.00,0.00,10.00,0.00,0.00,4.00,0.00,0.00,0.00,2.00
11:32:46,15,85.29,0.00,8.82,0.00,0.00,3.92,0.00,0.00,0.00,1.96
11:32:47,4,87.76,0.00,7.14,0.00,0.00,3.06,0.00,0.00,0.00,2.04
11:32:47,5,85.86,0.00,9.09,0.00,0.00,2.02,0.00,0.00,0.00,3.03
11:32:47,6,87.88,0.00,7.07,0.00,0.00,3.03,0.00,0.00,0.00,2.02
11:32:47,7,85.71,0.00,9.18,0.00,0.00,3.06,0.00,0.00,0.00,2.04
11:32:47,12,87.13,0.00,7.92,0.00,0.00,2.97,0.00,0.00,0.00,1.98
11:32:47,13,85.15,0.00,7.92,0.00,0.00,4.95,0.00,0.00,0.00,1.98
11:32:47,14,84.85,0.00,8.08,0.00,0.00,5.05,0.00,0.00,0.00,2.02
11:32:47,15,85.86,0.00,9.09,0.00,0.00,2.02,0.00,0.00,0.00,3.03
11:32:48,4,84.16,0.00,10.89,0.00,0.00,2.97,0.00,0.00,0.00,1.98
11:32:48,5,86.87,0.00,9.09,0.00,0.00,3.03,0.00,0.00,0.00,1.01
11:32:48,6,85.15,0.00,8.91,0.00,0.00,3.96,0.00,0.00,0.00,1.98
11:32:48,7,84.85,0.00,9.09,0.00,0.00,4.04,0.00,0.00,0.00,2.02
11:32:48,12,87.00,0.00,7.00,0.00,0.00,4.00,0.00,0.00,0.00,2.00
11:32:48,13,86.87,0.00,8.08,0.00,0.00,3.03,0.00,0.00,0.00,2.02
11:32:48,14,85.00,0.00,9.00,0.00,0.00,4.00,0.00,0.00,0.00,2.00
11:32:48,15,87.00,0.00,8.00,0.00,0.00,3.00,0.00,0.00,0.00,2.00
11:32:49,4,85.00,0.00,9.00,0.00,0.00,4.00,0.00,0.00,0.00,2.00
11:32:49,5,85.15,0.00,8.91,0.00,0.00,3.96,0.00,0.00,0.00,1.98
11:32:49,6,88.78,0.00,8.16,0.00,0.00,2.04,0.00,0.00,0.00,1.02
11:32:49,7,85.15,0.00,8.91,0.00,0.00,3.96,0.00,0.00,0.00,1.98
11:32:49,12,86.87,0.00,8.08,0.00,0.00,4.04,0.00,0.00,0.00,1.01
11:32:49,13,85.00,0.00,10.00,0.00,0.00,4.00,0.00,0.00,0.00,1.00
11:32:49,14,88.00,0.00,9.00,0.00,0.00,2.00,0.00,0.00,0.00,1.00
11:32:49,15,87.76,0.00,8.16,0.00,0.00,3.06,0.00,0.00,0.00,1.02
11:32:50,4,86.00,0.00,10.00,0.00,0.00,3.00,0.00,0.00,0.00,1.00
11:32:50,5,86.00,0.00,10.00,0.00,0.00,3.00,0.00,0.00,0.00,1.00
11:32:50,6,85.15,0.00,8.91,0.00,0.00,3.96,0.00,0.00,0.00,1.98
11:32:50,7,85.86,0.00,10.10,0.00,0.00,3.03,0.00,0.00,0.00,1.01
11:32:50,12,86.87,0.00,8.08,0.00,0.00,4.04,0.00,0.00,0.00,1.01
11:32:50,13,89.90,0.00,7.07,0.00,0.00,2.02,0.00,0.00,0.00,1.01
11:32:50,14,87.88,0.00,8.08,0.00,0.00,2.02,0.00,0.00,0.00,2.02
11:32:50,15,84.00,0.00,10.00,0.00,0.00,4.00,0.00,0.00,0.00,2.00
11:32:51,4,86.87,0.00,9.09,0.00,0.00,3.03,0.00,0.00,0.00,1.01
11:32:51,5,85.86,0.00,9.09,0.00,0.00,3.03,0.00,0.00,0.00,2.02
11:32:51,6,88.89,0.00,8.08,0.00,0.00,2.02,0.00,0.00,0.00,1.01
11:32:51,7,85.15,0.00,8.91,0.00,0.00,3.96,0.00,0.00,0.00,1.98
11:32:51,12,85.86,0.00,10.10,0.00,0.00,3.03,0.00,0.00,0.00,1.01
11:32:51,13,85.00,0.00,9.00,0.00,0.00,4.00,0.00,0.00,0.00,2.00
11:32:51,14,86.73,0.00,9.18,0.00,0.00,3.06,0.00,0.00,0.00,1.02
11:32:51,15,86.00,0.00,9.00,0.00,0.00,3.00,0.00,0.00,0.00,2.00
11:32:52,4,86.00,0.00,9.00,0.00,0.00,3.00,0.00,0.00,0.00,2.00
11:32:52,5,87.00,0.00,9.00,0.00,0.00,3.00,0.00,0.00,0.00,1.00
11:32:52,6,85.15,0.00,8.91,0.00,0.00,3.96,0.00,0.00,0.00,1.98
11:32:52,7,87.00,0.00,8.00,0.00,0.00,3.00,0.00,0.00,0.00,2.00
11:32:52,12,85.15,0.00,8.91,0.00,0.00,3.96,0.00,0.00,0.00,1.98
11:32:52,13,84.16,0.00,9.90,0.00,0.00,4.95,0.00,0.00,0.00,0.99
11:32:52,14,85.15,0.00,9.90,0.00,0.00,2.97,0.00,0.00,0.00,1.98
11:32:52,15,88.00,0.00,9.00,0.00,0.00,2.00,0.00,0.00,0.00,1.00
11:32:53,4,86.00,0.00,9.00,0.00,0.00,3.00,0.00,0.00,0.00,2.00
11:32:53,5,87.00,0.00,8.00,0.00,0.00,3.00,0.00,0.00,0.00,2.00
11:32:53,6,86.87,0.00,9.09,0.00,0.00,3.03,0.00,0.00,0.00,1.01
11:32:53,7,87.88,0.00,7.07,0.00,0.00,4.04,0.00,0.00,0.00,1.01
11:32:53,12,86.14,0.00,7.92,0.00,0.00,3.96,0.00,0.00,0.00,1.98
11:32:53,13,86.14,0.00,7.92,0.00,0.00,3.96,0.00,0.00,0.00,1.98
11:32:53,14,84.00,0.00,10.00,0.00,0.00,4.00,0.00,0.00,0.00,2.00
11:32:53,15,87.00,0.00,8.00,0.00,0.00,3.00,0.00,0.00,0.00,2.00
11:32:54,4,85.00,0.00,11.00,0.00,0.00,3.00,0.00,0.00,0.00,1.00
11:32:54,5,86.00,0.00,9.00,0.00,0.00,3.00,0.00,0.00,0.00,2.00
11:32:54,6,85.00,0.00,10.00,0.00,0.00,3.00,0.00,0.00,0.00,2.00
11:32:54,7,87.00,0.00,8.00,0.00,0.00,3.00,0.00,0.00,0.00,2.00
11:32:54,12,85.86,0.00,9.09,0.00,0.00,3.03,0.00,0.00,0.00,2.02
11:32:54,13,87.76,0.00,7.14,0.00,0.00,3.06,0.00,0.00,0.00,2.04
11:32:54,14,87.88,0.00,8.08,0.00,0.00,3.03,0.00,0.00,0.00,1.01
11:32:54,15,86.87,0.00,9.09,0.00,0.00,3.03,0.00,0.00,0.00,1.01
11:32:55,4,84.00,0.00,9.00,0.00,0.00,4.00,0.00,0.00,0.00,3.00
11:32:55,5,85.15,0.00,8.91,0.00,0.00,3.96,0.00,0.00,0.00,1.98
11:32:55,6,86.87,0.00,8.08,0.00,0.00,3.03,0.00,0.00,0.00,2.02
11:32:55,7,87.00,0.00,8.00,0.00,0.00,3.00,0.00,0.00,0.00,2.00
11:32:55,12,86.73,0.00,9.18,0.00,0.00,2.04,0.00,0.00,0.00,2.04
11:32:55,13,85.15,0.00,9.90,0.00,0.00,2.97,0.00,0.00,0.00,1.98
11:32:55,14,84.00,0.00,9.00,0.00,0.00,4.00,0.00,0.00,0.00,3.00
11:32:55,15,84.16,0.00,9.90,0.00,0.00,2.97,0.00,0.00,0.00,2.97
11:32:56,4,88.00,0.00,8.00,0.00,0.00,3.00,0.00,0.00,0.00,1.00
11:32:56,5,85.86,0.00,10.10,0.00,0.00,3.03,0.00,0.00,0.00,1.01
11:32:56,6,84.16,0.00,9.90,0.00,0.00,3.96,0.00,0.00,0.00,1.98
11:32:56,7,86.00,0.00,10.00,0.00,0.00,2.00,0.00,0.00,0.00,2.00
11:32:56,12,84.16,0.00,9.90,0.00,0.00,3.96,0.00,0.00,0.00,1.98
11:32:56,13,83.00,0.00,12.00,0.00,0.00,3.00,0.00,0.00,0.00,2.00
11:32:56,14,89.00,0.00,7.00,0.00,0.00,2.00,0.00,0.00,0.00,2.00
11:32:56,15,85.71,0.00,10.20,0.00,0.00,3.06,0.00,0.00,0.00,1.02
11:32:57,4,83.00,0.00,10.00,0.00,0.00,4.00,0.00,0.00,0.00,3.00
11:32:57,5,87.00,0.00,8.00,0.00,0.00,2.00,0.00,0.00,0.00,3.00
11:32:57,6,84.00,0.00,10.00,0.00,0.00,3.00,0.00,0.00,0.00,3.00
11:32:57,7,85.00,0.00,8.00,0.00,0.00,4.00,0.00,0.00,0.00,3.00
11:32:57,12,85.86,0.00,9.09,0.00,0.00,3.03,0.00,0.00,0.00,2.02
11:32:57,13,85.71,0.00,9.18,0.00,0.00,3.06,0.00,0.00,0.00,2.04
11:32:57,14,87.00,0.00,8.00,0.00,0.00,3.00,0.00,0.00,0.00,2.00
11:32:57,15,81.19,0.00,10.89,0.00,0.00,4.95,0.00,0.00,0.00,2.97
11:32:58,4,86.87,0.00,9.09,0.00,0.00,3.03,0.00,0.00,0.00,1.01
11:32:58,5,85.86,0.00,9.09,0.00,0.00,4.04,0.00,0.00,0.00,1.01
11:32:58,6,85.00,0.00,9.00,0.00,0.00,4.00,0.00,0.00,0.00,2.00
11:32:58,7,88.00,0.00,8.00,0.00,0.00,3.00,0.00,0.00,0.00,1.00
11:32:58,12,87.13,0.00,7.92,0.00,0.00,2.97,0.00,0.00,0.00,1.98
11:32:58,13,89.00,0.00,7.00,0.00,0.00,2.00,0.00,0.00,0.00,2.00
11:32:58,14,87.88,0.00,8.08,0.00,0.00,2.02,0.00,0.00,0.00,2.02
11:32:58,15,86.87,0.00,9.09,0.00,0.00,2.02,0.00,0.00,0.00,2.02
11:32:59,4,87.13,0.00,7.92,0.00,0.00,2.97,0.00,0.00,0.00,1.98
11:32:59,5,87.00,0.00,7.00,0.00,0.00,4.00,0.00,0.00,0.00,2.00
11:32:59,6,86.87,0.00,8.08,0.00,0.00,3.03,0.00,0.00,0.00,2.02
11:32:59,7,83.00,0.00,11.00,0.00,0.00,4.00,0.00,0.00,0.00,2.00
11:32:59,12,87.00,0.00,9.00,0.00,0.00,2.00,0.00,0.00,0.00,2.00
11:32:59,13,87.00,0.00,8.00,0.00,0.00,3.00,0.00,0.00,0.00,2.00
11:32:59,14,86.14,0.00,8.91,0.00,0.00,2.97,0.00,0.00,0.00,1.98
11:32:59,15,86.00,0.00,9.00,0.00,0.00,3.00,0.00,0.00,0.00,2.00
11:33:00,4,86.00,0.00,9.00,0.00,0.00,4.00,0.00,0.00,0.00,1.00
11:33:00,5,85.15,0.00,9.90,0.00,0.00,2.97,0.00,0.00,0.00,1.98
11:33:00,6,86.14,0.00,8.91,0.00,0.00,3.96,0.00,0.00,0.00,0.99
11:33:00,7,86.00,0.00,8.00,0.00,0.00,4.00,0.00,0.00,0.00,2.00
11:33:00,12,87.00,0.00,8.00,0.00,0.00,4.00,0.00,0.00,0.00,1.00
11:33:00,13,86.87,0.00,9.09,0.00,0.00,3.03,0.00,0.00,0.00,1.01
11:33:00,14,86.00,0.00,9.00,0.00,0.00,4.00,0.00,0.00,0.00,1.00
11:33:00,15,86.00,0.00,8.00,0.00,0.00,4.00,0.00,0.00,0.00,2.00
11:33:01,4,86.87,0.00,8.08,0.00,0.00,3.03,0.00,0.00,0.00,2.02
11:33:01,5,85.71,0.00,9.18,0.00,0.00,4.08,0.00,0.00,0.00,1.02
11:33:01,6,85.00,0.00,10.00,0.00,0.00,3.00,0.00,0.00,0.00,2.00
11:33:01,7,86.00,0.00,10.00,0.00,0.00,2.00,0.00,0.00,0.00,2.00
11:33:01,12,86.00,0.00,9.00,0.00,0.00,3.00,0.00,0.00,0.00,2.00
11:33:01,13,85.15,0.00,8.91,0.00,0.00,3.96,0.00,0.00,0.00,1.98
11:33:01,14,86.00,0.00,8.00,0.00,0.00,4.00,0.00,0.00,0.00,2.00
11:33:01,15,85.00,0.00,10.00,0.00,0.00,3.00,0.00,0.00,0.00,2.00
11:33:02,4,87.13,0.00,7.92,0.00,0.00,3.96,0.00,0.00,0.00,0.99
11:33:02,5,85.15,0.00,9.90,0.00,0.00,2.97,0.00,0.00,0.00,1.98
11:33:02,6,85.86,0.00,10.10,0.00,0.00,3.03,0.00,0.00,0.00,1.01
11:33:02,7,86.87,0.00,9.09,0.00,0.00,3.03,0.00,0.00,0.00,1.01
11:33:02,12,87.00,0.00,9.00,0.00,0.00,3.00,0.00,0.00,0.00,1.00
11:33:02,13,86.00,0.00,9.00,0.00,0.00,4.00,0.00,0.00,0.00,1.00
11:33:02,14,87.00,0.00,9.00,0.00,0.00,2.00,0.00,0.00,0.00,2.00
11:33:02,15,87.00,0.00,8.00,0.00,0.00,4.00,0.00,0.00,0.00,1.00
11:33:03,4,86.87,0.00,9.09,0.00,0.00,2.02,0.00,0.00,0.00,2.02
11:33:03,5,88.00,0.00,8.00,0.00,0.00,3.00,0.00,0.00,0.00,1.00
11:33:03,6,86.87,0.00,9.09,0.00,0.00,2.02,0.00,0.00,0.00,2.02
11:33:03,7,84.85,0.00,10.10,0.00,0.00,3.03,0.00,0.00,0.00,2.02
11:33:03,12,86.00,0.00,8.00,0.00,0.00,4.00,0.00,0.00,0.00,2.00
11:33:03,13,86.00,0.00,9.00,0.00,0.00,3.00,0.00,0.00,0.00,2.00
11:33:03,14,87.88,0.00,8.08,0.00,0.00,3.03,0.00,0.00,0.00,1.01
11:33:03,15,83.17,0.00,9.90,0.00,0.00,3.96,0.00,0.00,0.00,2.97
11:33:04,4,85.00,0.00,10.00,0.00,0.00,3.00,0.00,0.00,0.00,2.00
11:33:04,5,87.00,0.00,8.00,0.00,0.00,3.00,0.00,0.00,0.00,2.00
11:33:04,6,86.00,0.00,9.00,0.00,0.00,4.00,0.00,0.00,0.00,1.00
11:33:04,7,86.14,0.00,7.92,0.00,0.00,3.96,0.00,0.00,0.00,1.98
11:33:04,12,86.87,0.00,8.08,0.00,0.00,4.04,0.00,0.00,0.00,1.01
11:33:04,13,86.00,0.00,9.00,0.00,0.00,3.00,0.00,0.00,0.00,2.00
11:33:04,14,85.15,0.00,9.90,0.00,0.00,2.97,0.00,0.00,0.00,1.98
11:33:04,15,84.85,0.00,9.09,0.00,0.00,4.04,0.00,0.00,0.00,2.02
11:33:05,4,85.86,0.00,9.09,0.00,0.00,3.03,0.00,0.00,0.00,2.02
11:33:05,5,85.86,0.00,9.09,0.00,0.00,4.04,0.00,0.00,0.00,1.01
11:33:05,6,86.00,0.00,8.00,0.00,0.00,4.00,0.00,0.00,0.00,2.00
11:33:05,7,85.71,0.00,10.20,0.00,0.00,2.04,0.00,0.00,0.00,2.04
11:33:05,12,85.15,0.00,8.91,0.00,0.00,3.96,0.00,0.00,0.00,1.98
11:33:05,13,86.87,0.00,9.09,0.00,0.00,2.02,0.00,0.00,0.00,2.02
11:33:05,14,87.00,0.00,7.00,0.00,0.00,4.00,0.00,0.00,0.00,2.00
11:33:05,15,86.00,0.00,9.00,0.00,0.00,3.00,0.00,0.00,0.00,2.00
11:33:06,4,86.00,0.00,9.00,0.00,0.00,4.00,0.00,0.00,0.00,1.00
11:33:06,5,86.14,0.00,9.90,0.00,0.00,1.98,0.00,0.00,0.00,1.98
11:33:06,6,85.15,0.00,9.90,0.00,0.00,2.97,0.00,0.00,0.00,1.98
11:33:06,7,85.15,0.00,8.91,0.00,0.00,3.96,0.00,0.00,0.00,1.98
11:33:06,12,85.00,0.00,9.00,0.00,0.00,4.00,0.00,0.00,0.00,2.00
11:33:06,13,84.16,0.00,8.91,0.00,0.00,4.95,0.00,0.00,0.00,1.98
11:33:06,14,87.00,0.00,8.00,0.00,0.00,3.00,0.00,0.00,0.00,2.00
11:33:06,15,85.86,0.00,9.09,0.00,0.00,3.03,0.00,0.00,0.00,2.02
11:33:07,4,85.15,0.00,9.90,0.00,0.00,2.97,0.00,0.00,0.00,1.98
11:33:07,5,86.87,0.00,8.08,0.00,0.00,4.04,0.00,0.00,0.00,1.01
11:33:07,6,86.73,0.00,9.18,0.00,0.00,3.06,0.00,0.00,0.00,1.02
11:33:07,7,87.88,0.00,9.09,0.00,0.00,2.02,0.00,0.00,0.00,1.01
11:33:07,12,87.00,0.00,9.00,0.00,0.00,3.00,0.00,0.00,0.00,1.00
11:33:07,13,86.87,0.00,9.09,0.00,0.00,3.03,0.00,0.00,0.00,1.01
11:33:07,14,86.87,0.00,10.10,0.00,0.00,2.02,0.00,0.00,0.00,1.01
11:33:07,15,86.00,0.00,10.00,0.00,0.00,3.00,0.00,0.00,0.00,1.00
11:33:08,4,86.87,0.00,8.08,0.00,0.00,4.04,0.00,0.00,0.00,1.01
11:33:08,5,86.00,0.00,10.00,0.00,0.00,2.00,0.00,0.00,0.00,2.00
11:33:08,6,85.00,0.00,10.00,0.00,0.00,3.00,0.00,0.00,0.00,2.00
11:33:08,7,84.00,0.00,11.00,0.00,0.00,3.00,0.00,0.00,0.00,2.00
11:33:08,12,87.00,0.00,8.00,0.00,0.00,3.00,0.00,0.00,0.00,2.00
11:33:08,13,85.86,0.00,9.09,0.00,0.00,4.04,0.00,0.00,0.00,1.01
11:33:08,14,83.17,0.00,9.90,0.00,0.00,4.95,0.00,0.00,0.00,1.98
11:33:08,15,85.15,0.00,8.91,0.00,0.00,3.96,0.00,0.00,0.00,1.98
11:33:09,4,87.76,0.00,8.16,0.00,0.00,3.06,0.00,0.00,0.00,1.02
11:33:09,5,85.15,0.00,9.90,0.00,0.00,3.96,0.00,0.00,0.00,0.99
11:33:09,6,85.15,0.00,9.90,0.00,0.00,3.96,0.00,0.00,0.00,0.99
11:33:09,7,87.88,0.00,8.08,0.00,0.00,3.03,0.00,0.00,0.00,1.01
11:33:09,12,87.00,0.00,9.00,0.00,0.00,3.00,0.00,0.00,0.00,1.00
11:33:09,13,86.14,0.00,8.91,0.00,0.00,2.97,0.00,0.00,0.00,1.98
11:33:09,14,86.87,0.00,9.09,0.00,0.00,3.03,0.00,0.00,0.00,1.01
11:33:09,15,87.88,0.00,8.08,0.00,0.00,3.03,0.00,0.00,0.00,1.01
11:33:10,4,84.31,0.00,9.80,0.00,0.00,3.92,0.00,0.00,0.00,1.96
11:33:10,5,83.84,0.00,11.11,0.00,0.00,4.04,0.00,0.00,0.00,1.01
11:33:10,6,86.00,0.00,9.00,0.00,0.00,3.00,0.00,0.00,0.00,2.00
11:33:10,7,86.00,0.00,9.00,0.00,0.00,3.00,0.00,0.00,0.00,2.00
11:33:10,12,85.86,0.00,9.09,0.00,0.00,4.04,0.00,0.00,0.00,1.01
11:33:10,13,84.69,0.00,10.20,0.00,0.00,4.08,0.00,0.00,0.00,1.02
11:33:10,14,87.13,0.00,7.92,0.00,0.00,2.97,0.00,0.00,0.00,1.98
11:33:10,15,87.13,0.00,7.92,0.00,0.00,2.97,0.00,0.00,0.00,1.98
11:33:11,4,87.88,0.00,8.08,0.00,0.00,3.03,0.00,0.00,0.00,1.01
11:33:11,5,86.87,0.00,9.09,0.00,0.00,2.02,0.00,0.00,0.00,2.02
11:33:11,6,86.87,0.00,9.09,0.00,0.00,3.03,0.00,0.00,0.00,1.01
11:33:11,7,85.86,0.00,9.09,0.00,0.00,4.04,0.00,0.00,0.00,1.01
11:33:11,12,86.14,0.00,8.91,0.00,0.00,2.97,0.00,0.00,0.00,1.98
11:33:11,13,85.15,0.00,7.92,0.00,0.00,4.95,0.00,0.00,0.00,1.98
11:33:11,14,87.76,0.00,8.16,0.00,0.00,3.06,0.00,0.00,0.00,1.02
11:33:11,15,87.00,0.00,9.00,0.00,0.00,3.00,0.00,0.00,0.00,1.00
11:33:12,4,86.00,0.00,9.00,0.00,0.00,3.00,0.00,0.00,0.00,2.00
11:33:12,5,86.00,0.00,9.00,0.00,0.00,3.00,0.00,0.00,0.00,2.00
11:33:12,6,83.00,0.00,10.00,0.00,0.00,5.00,0.00,0.00,0.00,2.00
11:33:12,7,86.00,0.00,9.00,0.00,0.00,3.00,0.00,0.00,0.00,2.00
11:33:12,12,86.00,0.00,9.00,0.00,0.00,3.00,0.00,0.00,0.00,2.00
11:33:12,13,85.86,0.00,10.10,0.00,0.00,3.03,0.00,0.00,0.00,1.01
11:33:12,14,86.00,0.00,9.00,0.00,0.00,3.00,0.00,0.00,0.00,2.00
11:33:12,15,86.00,0.00,8.00,0.00,0.00,4.00,0.00,0.00,0.00,2.00
11:33:13,4,87.00,0.00,8.00,0.00,0.00,3.00,0.00,0.00,0.00,2.00
11:33:13,5,86.00,0.00,8.00,0.00,0.00,5.00,0.00,0.00,0.00,1.00
11:33:13,6,86.00,0.00,9.00,0.00,0.00,3.00,0.00,0.00,0.00,2.00
11:33:13,7,87.00,0.00,7.00,0.00,0.00,4.00,0.00,0.00,0.00,2.00
11:33:13,12,84.85,0.00,10.10,0.00,0.00,3.03,0.00,0.00,0.00,2.02
11:33:13,13,86.14,0.00,8.91,0.00,0.00,2.97,0.00,0.00,0.00,1.98
11:33:13,14,85.29,0.00,8.82,0.00,0.00,3.92,0.00,0.00,0.00,1.96
11:33:13,15,84.16,0.00,8.91,0.00,0.00,4.95,0.00,0.00,0.00,1.98
11:33:14,4,84.00,0.00,11.00,0.00,0.00,4.00,0.00,0.00,0.00,1.00
11:33:14,5,86.87,0.00,9.09,0.00,0.00,3.03,0.00,0.00,0.00,1.01
11:33:14,6,88.78,0.00,8.16,0.00,0.00,2.04,0.00,0.00,0.00,1.02
11:33:14,7,86.00,0.00,9.00,0.00,0.00,3.00,0.00,0.00,0.00,2.00
11:33:14,12,88.89,0.00,7.07,0.00,0.00,3.03,0.00,0.00,0.00,1.01
11:33:14,13,87.88,0.00,8.08,0.00,0.00,3.03,0.00,0.00,0.00,1.01
11:33:14,14,86.73,0.00,9.18,0.00,0.00,3.06,0.00,0.00,0.00,1.02
11:33:14,15,87.00,0.00,8.00,0.00,0.00,3.00,0.00,0.00,0.00,2.00
11:33:15,4,85.86,0.00,9.09,0.00,0.00,3.03,0.00,0.00,0.00,2.02
11:33:15,5,85.00,0.00,9.00,0.00,0.00,4.00,0.00,0.00,0.00,2.00
11:33:15,6,84.16,0.00,10.89,0.00,0.00,2.97,0.00,0.00,0.00,1.98
11:33:15,7,85.00,0.00,9.00,0.00,0.00,4.00,0.00,0.00,0.00,2.00
11:33:15,12,85.00,0.00,10.00,0.00,0.00,3.00,0.00,0.00,0.00,2.00
11:33:15,13,84.16,0.00,9.90,0.00,0.00,3.96,0.00,0.00,0.00,1.98
11:33:15,14,86.00,0.00,8.00,0.00,0.00,4.00,0.00,0.00,0.00,2.00
11:33:15,15,88.00,0.00,7.00,0.00,0.00,3.00,0.00,0.00,0.00,2.00
11:33:16,4,87.00,0.00,8.00,0.00,0.00,3.00,0.00,0.00,0.00,2.00
11:33:16,5,85.15,0.00,8.91,0.00,0.00,3.96,0.00,0.00,0.00,1.98
11:33:16,6,86.87,0.00,8.08,0.00,0.00,3.03,0.00,0.00,0.00,2.02
11:33:16,7,87.00,0.00,8.00,0.00,0.00,3.00,0.00,0.00,0.00,2.00
11:33:16,12,87.00,0.00,7.00,0.00,0.00,4.00,0.00,0.00,0.00,2.00
11:33:16,13,85.86,0.00,9.09,0.00,0.00,3.03,0.00,0.00,0.00,2.02
11:33:16,14,89.00,0.00,7.00,0.00,0.00,2.00,0.00,0.00,0.00,2.00
11:33:16,15,85.86,0.00,9.09,0.00,0.00,3.03,0.00,0.00,0.00,2.02
11:33:17,4,86.00,0.00,9.00,0.00,0.00,3.00,0.00,0.00,0.00,2.00
11:33:17,5,86.00,0.00,8.00,0.00,0.00,4.00,0.00,0.00,0.00,2.00
11:33:17,6,87.13,0.00,7.92,0.00,0.00,2.97,0.00,0.00,0.00,1.98
11:33:17,7,86.87,0.00,8.08,0.00,0.00,3.03,0.00,0.00,0.00,2.02
11:33:17,12,84.16,0.00,10.89,0.00,0.00,2.97,0.00,0.00,0.00,1.98
11:33:17,13,87.13,0.00,7.92,0.00,0.00,2.97,0.00,0.00,0.00,1.98
11:33:17,14,85.15,0.00,8.91,0.00,0.00,3.96,0.00,0.00,0.00,1.98
11:33:17,15,85.00,0.00,10.00,0.00,0.00,4.00,0.00,0.00,0.00,1.00
11:33:18,4,86.00,0.00,10.00,0.00,0.00,3.00,0.00,0.00,0.00,1.00
11:33:18,5,87.88,0.00,9.09,0.00,0.00,2.02,0.00,0.00,0.00,1.01
11:33:18,6,87.88,0.00,9.09,0.00,0.00,2.02,0.00,0.00,0.00,1.01
11:33:18,7,85.86,0.00,9.09,0.00,0.00,4.04,0.00,0.00,0.00,1.01
11:33:18,12,86.14,0.00,8.91,0.00,0.00,3.96,0.00,0.00,0.00,0.99
11:33:18,13,87.00,0.00,8.00,0.00,0.00,3.00,0.00,0.00,0.00,2.00
11:33:18,14,87.88,0.00,8.08,0.00,0.00,3.03,0.00,0.00,0.00,1.01
11:33:18,15,88.00,0.00,7.00,0.00,0.00,3.00,0.00,0.00,0.00,2.00
11:33:19,4,47.00,0.00,4.00,0.00,0.00,1.00,0.00,0.00,0.00,48.00
11:33:19,5,45.00,0.00,5.00,0.00,0.00,2.00,0.00,0.00,0.00,48.00
11:33:19,6,45.45,0.00,5.05,0.00,0.00,1.01,0.00,0.00,0.00,48.48
11:33:19,7,43.56,0.00,5.94,0.00,0.00,1.98,0.00,0.00,0.00,48.51
11:33:19,12,45.45,0.00,4.04,0.00,0.00,2.02,0.00,0.00,0.00,48.48
11:33:19,13,45.45,0.00,5.05,0.00,0.00,1.01,0.00,0.00,0.00,48.48
11:33:19,14,46.00,0.00,5.00,0.00,0.00,2.00,0.00,0.00,0.00,47.00
11:33:19,15,43.00,0.00,7.00,0.00,0.00,2.00,0.00,0.00,0.00,48.00
11:33:20,4,0.00,0.00,0.00,0.00,0.00,0.00,0.00,0.00,0.00,100.00
11:33:20,5,0.00,0.00,1.01,0.00,0.00,0.00,0.00,0.00,0.00,98.99
11:33:20,6,0.99,0.00,0.00,0.00,0.00,0.00,0.00,0.00,0.00,99.01
11:33:20,7,0.00,0.00,0.00,0.00,0.00,0.00,0.00,0.00,0.00,100.00
11:33:20,12,0.00,0.00,1.00,0.00,0.00,0.00,0.00,0.00,0.00,99.00
11:33:20,13,0.00,0.00,0.99,0.00,0.00,0.00,0.00,0.00,0.00,99.01
11:33:20,14,0.00,0.00,0.00,0.00,0.00,0.00,0.00,0.00,0.00,100.00
11:33:20,15,0.00,0.00,0.00,0.00,0.00,0.00,0.00,0.00,0.00,100.00
11:33:21,4,0.00,0.00,1.00,0.00,0.00,0.00,0.00,0.00,0.00,99.00
11:33:21,5,0.00,0.00,1.00,0.00,0.00,0.00,0.00,0.00,0.00,99.00
11:33:21,6,0.00,0.00,0.00,0.00,0.00,0.00,0.00,0.00,0.00,100.00
11:33:21,7,0.00,0.00,0.00,0.00,0.00,0.00,0.00,0.00,0.00,100.00
11:33:21,12,0.00,0.00,0.00,0.00,0.00,0.00,0.00,0.00,0.00,100.00
11:33:21,13,0.00,0.00,0.00,0.00,0.00,0.00,0.00,0.00,0.00,100.00
11:33:21,14,0.00,0.00,0.00,0.00,0.00,0.00,0.00,0.00,0.00,100.00
11:33:21,15,1.00,0.00,0.00,0.00,0.00,0.00,0.00,0.00,0.00,99.00
11:33:22,4,0.00,0.00,0.00,0.00,0.00,0.00,0.00,0.00,0.00,100.00
11:33:22,5,0.00,0.00,0.00,0.00,0.00,0.00,0.00,0.00,0.00,100.00
11:33:22,6,0.00,0.00,0.99,0.00,0.00,0.00,0.00,0.00,0.00,99.01
11:33:22,7,0.00,0.00,0.00,0.00,0.00,0.00,0.00,0.00,0.00,100.00
11:33:22,12,0.00,0.00,0.00,0.00,0.00,0.00,0.00,0.00,0.00,100.00
11:33:22,13,0.00,0.00,0.00,0.00,0.00,0.00,0.00,0.00,0.00,100.00
11:33:22,14,0.00,0.00,0.00,0.00,0.00,0.00,0.00,0.00,0.00,100.00
11:33:22,15,0.00,0.00,0.00,0.00,0.00,0.00,0.00,0.00,0.00,100.00
11:33:23,4,0.00,0.00,1.00,0.00,0.00,0.00,0.00,0.00,0.00,99.00
11:33:23,5,0.00,0.00,0.99,0.00,0.00,0.00,0.00,0.00,0.00,99.01
11:33:23,6,0.00,0.00,0.00,0.00,0.00,0.00,0.00,0.00,0.00,100.00
11:33:23,7,0.00,0.00,0.00,0.00,0.00,0.00,0.00,0.00,0.00,100.00
11:33:23,12,0.00,0.00,0.00,0.00,0.00,0.00,0.00,0.00,0.00,100.00
11:33:23,13,0.00,0.00,0.00,0.00,0.00,0.00,0.00,0.00,0.00,100.00
11:33:23,14,0.00,0.00,0.00,0.00,0.00,0.00,0.00,0.00,0.00,100.00
11:33:23,15,0.00,0.00,0.00,0.00,0.00,0.00,0.00,0.00,0.00,100.00
11:33:24,4,1.00,0.00,0.00,0.00,0.00,0.00,0.00,0.00,0.00,99.00
11:33:24,5,1.01,0.00,0.00,0.00,0.00,0.00,0.00,0.00,0.00,98.99
11:33:24,6,2.02,0.00,0.00,0.00,0.00,0.00,0.00,0.00,0.00,97.98
11:33:24,7,1.00,0.00,0.00,0.00,0.00,0.00,0.00,0.00,0.00,99.00
11:33:24,12,0.99,0.00,0.99,0.00,0.00,0.00,0.00,0.00,0.00,98.02
11:33:24,13,0.00,0.00,1.00,0.00,0.00,0.00,0.00,0.00,0.00,99.00
11:33:24,14,0.00,0.00,1.00,0.00,0.00,0.00,0.00,0.00,0.00,99.00
11:33:24,15,0.00,0.00,1.00,0.00,0.00,0.00,0.00,0.00,0.00,99.00
11:33:25,4,0.00,0.00,1.00,0.00,0.00,0.00,0.00,0.00,0.00,99.00
11:33:25,5,0.99,0.00,0.99,0.00,0.00,0.00,0.00,0.00,0.00,98.02
11:33:25,6,0.00,0.00,0.99,0.00,0.00,0.00,0.00,0.00,0.00,99.01
11:33:25,7,0.00,0.00,0.00,0.00,0.00,0.00,0.00,0.00,0.00,100.00
11:33:25,12,0.00,0.00,0.00,0.00,0.00,0.00,0.00,0.00,0.00,100.00
11:33:25,13,0.00,0.00,0.00,0.00,0.00,0.00,0.00,0.00,0.00,100.00
11:33:25,14,0.00,0.00,0.00,0.00,0.00,0.00,0.00,0.00,0.00,100.00
11:33:25,15,0.00,0.00,0.00,0.00,0.00,0.00,0.00,0.00,0.00,100.00
11:33:26,4,0.00,0.00,0.00,0.00,0.00,0.00,0.00,0.00,0.00,100.00
11:33:26,5,0.00,0.00,1.00,0.00,0.00,0.00,0.00,0.00,0.00,99.00
11:33:26,6,0.00,0.00,0.00,0.00,0.00,0.00,0.00,0.00,0.00,100.00
11:33:26,7,0.00,0.00,1.00,0.00,0.00,0.00,0.00,0.00,0.00,99.00
11:33:26,12,0.00,0.00,0.00,0.00,0.00,0.00,0.00,0.00,0.00,100.00
11:33:26,13,0.00,0.00,0.00,0.00,0.00,0.00,0.00,0.00,0.00,100.00
11:33:26,14,0.00,0.00,0.00,0.00,0.00,0.00,0.00,0.00,0.00,100.00
11:33:26,15,0.00,0.00,0.00,0.00,0.00,0.00,0.00,0.00,0.00,100.00
11:33:27,4,0.00,0.00,0.00,0.00,0.00,0.00,0.00,0.00,0.00,100.00
11:33:27,5,0.00,0.00,0.00,0.00,0.00,0.00,0.00,0.00,0.00,100.00
11:33:27,6,0.00,0.00,0.00,0.00,0.00,0.00,0.00,0.00,0.00,100.00
11:33:27,7,0.00,0.00,0.00,0.00,0.00,0.00,0.00,0.00,0.00,100.00
11:33:27,12,0.00,0.00,0.00,0.00,0.00,0.00,0.00,0.00,0.00,100.00
11:33:27,13,0.00,0.00,0.00,0.00,0.00,0.00,0.00,0.00,0.00,100.00
11:33:27,14,0.00,0.00,0.00,0.00,0.00,0.00,0.00,0.00,0.00,100.00
11:33:27,15,0.00,0.00,0.99,0.00,0.00,0.00,0.00,0.00,0.00,99.01
11:33:28,4,0.00,0.00,0.00,0.00,0.00,0.00,0.00,0.00,0.00,100.00
11:33:28,5,0.00,0.00,1.00,0.00,0.00,0.00,0.00,0.00,0.00,99.00
11:33:28,6,0.00,0.00,0.00,0.00,0.00,0.00,0.00,0.00,0.00,100.00
11:33:28,7,0.00,0.00,0.00,0.00,0.00,0.00,0.00,0.00,0.00,100.00
11:33:28,12,0.00,0.00,0.00,0.00,0.00,0.00,0.00,0.00,0.00,100.00
11:33:28,13,0.00,0.00,0.00,0.00,0.00,0.00,0.00,0.00,0.00,100.00
11:33:28,14,0.00,0.00,0.00,0.00,0.00,0.00,0.00,0.00,0.00,100.00
11:33:28,15,0.00,0.00,0.00,0.00,0.00,0.00,0.00,0.00,0.00,100.00
11:33:29,4,1.98,0.00,0.99,0.00,0.00,0.00,0.00,0.00,0.00,97.03
11:33:29,5,3.00,0.00,1.00,0.00,0.00,0.00,0.00,0.00,0.00,96.00
11:33:29,6,0.00,0.00,0.00,0.00,0.00,0.00,0.00,0.00,0.00,100.00
11:33:29,7,0.00,0.00,0.00,0.00,0.00,0.00,0.00,0.00,0.00,100.00
11:33:29,12,0.00,0.00,0.99,0.00,0.00,0.00,0.00,0.00,0.00,99.01
11:33:29,13,0.00,0.00,1.00,0.00,0.00,0.00,0.00,0.00,0.00,99.00
11:33:29,14,0.00,0.00,0.00,0.00,0.00,0.00,0.00,0.00,0.00,100.00
11:33:29,15,1.00,0.00,1.00,0.00,0.00,0.00,0.00,0.00,0.00,98.00
