21:04:15,CPU,%usr,%nice,%sys,%iowait,%irq,%soft,%steal,%guest,%gnice,%idle
21:04:16,4,35.35,0.00,5.05,0.00,0.00,1.01,0.00,0.00,0.00,58.59
21:04:16,5,38.14,0.00,4.12,0.00,0.00,1.03,0.00,0.00,0.00,56.70
21:04:16,6,33.67,0.00,4.08,0.00,0.00,2.04,0.00,0.00,0.00,60.20
21:04:16,7,27.55,0.00,4.08,0.00,0.00,2.04,0.00,0.00,0.00,66.33
21:04:16,12,36.36,0.00,4.04,0.00,0.00,1.01,0.00,0.00,0.00,58.59
21:04:16,13,35.35,0.00,6.06,0.00,0.00,3.03,0.00,0.00,0.00,55.56
21:04:16,14,36.00,0.00,4.00,0.00,0.00,2.00,0.00,0.00,0.00,58.00
21:04:16,15,29.90,0.00,2.06,0.00,0.00,1.03,0.00,0.00,0.00,67.01
21:04:17,4,59.41,0.00,6.93,0.00,0.00,1.98,0.00,0.00,0.00,31.68
21:04:17,5,59.00,0.00,7.00,0.00,0.00,3.00,0.00,0.00,0.00,31.00
21:04:17,6,57.43,0.00,7.92,0.00,0.00,1.98,0.00,0.00,0.00,32.67
21:04:17,7,58.59,0.00,6.06,0.00,0.00,2.02,0.00,0.00,0.00,33.33
21:04:17,12,59.41,0.00,5.94,0.00,0.00,2.97,0.00,0.00,0.00,31.68
21:04:17,13,60.00,0.00,7.00,0.00,0.00,3.00,0.00,0.00,0.00,30.00
21:04:17,14,60.00,0.00,6.00,0.00,0.00,2.00,0.00,0.00,0.00,32.00
21:04:17,15,57.84,0.00,6.86,0.00,0.00,2.94,0.00,0.00,0.00,32.35
21:04:18,4,62.63,0.00,6.06,0.00,0.00,3.03,0.00,0.00,0.00,28.28
21:04:18,5,60.20,0.00,8.16,0.00,0.00,2.04,0.00,0.00,0.00,29.59
21:04:18,6,57.14,0.00,7.14,0.00,0.00,5.10,0.00,0.00,0.00,30.61
21:04:18,7,58.00,0.00,7.00,0.00,0.00,3.00,0.00,0.00,0.00,32.00
21:04:18,12,60.40,0.00,8.91,0.00,0.00,2.97,0.00,0.00,0.00,27.72
21:04:18,13,61.22,0.00,7.14,0.00,0.00,2.04,0.00,0.00,0.00,29.59
21:04:18,14,60.40,0.00,6.93,0.00,0.00,2.97,0.00,0.00,0.00,29.70
21:04:18,15,59.00,0.00,6.00,0.00,0.00,3.00,0.00,0.00,0.00,32.00
21:04:19,4,62.38,0.00,8.91,0.00,0.00,1.98,0.00,0.00,0.00,26.73
21:04:19,5,60.00,0.00,9.00,0.00,0.00,3.00,0.00,0.00,0.00,28.00
21:04:19,6,59.80,0.00,7.84,0.00,0.00,2.94,0.00,0.00,0.00,29.41
21:04:19,7,58.82,0.00,6.86,0.00,0.00,3.92,0.00,0.00,0.00,30.39
21:04:19,12,62.24,0.00,9.18,0.00,0.00,2.04,0.00,0.00,0.00,26.53
21:04:19,13,63.37,0.00,7.92,0.00,0.00,2.97,0.00,0.00,0.00,25.74
21:04:19,14,60.61,0.00,8.08,0.00,0.00,3.03,0.00,0.00,0.00,28.28
21:04:19,15,57.43,0.00,8.91,0.00,0.00,2.97,0.00,0.00,0.00,30.69
21:04:20,4,60.40,0.00,5.94,0.00,0.00,3.96,0.00,0.00,0.00,29.70
21:04:20,5,62.38,0.00,7.92,0.00,0.00,1.98,0.00,0.00,0.00,27.72
21:04:20,6,58.82,0.00,7.84,0.00,0.00,3.92,0.00,0.00,0.00,29.41
21:04:20,7,58.42,0.00,6.93,0.00,0.00,2.97,0.00,0.00,0.00,31.68
21:04:20,12,60.61,0.00,8.08,0.00,0.00,3.03,0.00,0.00,0.00,28.28
21:04:20,13,63.00,0.00,7.00,0.00,0.00,3.00,0.00,0.00,0.00,27.00
21:04:20,14,61.62,0.00,6.06,0.00,0.00,2.02,0.00,0.00,0.00,30.30
21:04:20,15,58.00,0.00,7.00,0.00,0.00,2.00,0.00,0.00,0.00,33.00
21:04:21,4,58.82,0.00,8.82,0.00,0.00,2.94,0.00,0.00,0.00,29.41
21:04:21,5,61.17,0.00,7.77,0.00,0.00,2.91,0.00,0.00,0.00,28.16
21:04:21,6,59.60,0.00,6.06,0.00,0.00,2.02,0.00,0.00,0.00,32.32
21:04:21,7,57.14,0.00,6.12,0.00,0.00,3.06,0.00,0.00,0.00,33.67
21:04:21,12,62.00,0.00,7.00,0.00,0.00,2.00,0.00,0.00,0.00,29.00
21:04:21,13,62.38,0.00,6.93,0.00,0.00,2.97,0.00,0.00,0.00,27.72
21:04:21,14,60.78,0.00,7.84,0.00,0.00,1.96,0.00,0.00,0.00,29.41
21:04:21,15,59.00,0.00,7.00,0.00,0.00,3.00,0.00,0.00,0.00,31.00
21:04:22,4,60.82,0.00,6.19,0.00,0.00,2.06,0.00,0.00,0.00,30.93
21:04:22,5,61.62,0.00,6.06,0.00,0.00,3.03,0.00,0.00,0.00,29.29
21:04:22,6,60.00,0.00,8.00,0.00,0.00,3.00,0.00,0.00,0.00,29.00
21:04:22,7,59.00,0.00,6.00,0.00,0.00,3.00,0.00,0.00,0.00,32.00
21:04:22,12,61.00,0.00,7.00,0.00,0.00,3.00,0.00,0.00,0.00,29.00
21:04:22,13,62.63,0.00,7.07,0.00,0.00,2.02,0.00,0.00,0.00,28.28
21:04:22,14,59.60,0.00,7.07,0.00,0.00,4.04,0.00,0.00,0.00,29.29
21:04:22,15,59.60,0.00,8.08,0.00,0.00,2.02,0.00,0.00,0.00,30.30
21:04:23,4,62.00,0.00,6.00,0.00,0.00,3.00,0.00,0.00,0.00,29.00
21:04:23,5,60.20,0.00,7.14,0.00,0.00,3.06,0.00,0.00,0.00,29.59
21:04:23,6,58.82,0.00,7.84,0.00,0.00,2.94,0.00,0.00,0.00,30.39
21:04:23,7,57.58,0.00,7.07,0.00,0.00,3.03,0.00,0.00,0.00,32.32
21:04:23,12,61.39,0.00,5.94,0.00,0.00,2.97,0.00,0.00,0.00,29.70
21:04:23,13,63.00,0.00,6.00,0.00,0.00,3.00,0.00,0.00,0.00,28.00
21:04:23,14,60.00,0.00,6.00,0.00,0.00,4.00,0.00,0.00,0.00,30.00
21:04:23,15,60.40,0.00,4.95,0.00,0.00,3.96,0.00,0.00,0.00,30.69
21:04:24,4,61.62,0.00,7.07,0.00,0.00,3.03,0.00,0.00,0.00,28.28
21:04:24,5,63.37,0.00,6.93,0.00,0.00,1.98,0.00,0.00,0.00,27.72
21:04:24,6,60.20,0.00,7.14,0.00,0.00,2.04,0.00,0.00,0.00,30.61
21:04:24,7,58.16,0.00,8.16,0.00,0.00,2.04,0.00,0.00,0.00,31.63
21:04:24,12,62.24,0.00,6.12,0.00,0.00,3.06,0.00,0.00,0.00,28.57
21:04:24,13,61.39,0.00,7.92,0.00,0.00,2.97,0.00,0.00,0.00,27.72
21:04:24,14,62.63,0.00,6.06,0.00,0.00,2.02,0.00,0.00,0.00,29.29
21:04:24,15,59.41,0.00,8.91,0.00,0.00,1.98,0.00,0.00,0.00,29.70
21:04:25,4,61.76,0.00,6.86,0.00,0.00,2.94,0.00,0.00,0.00,28.43
21:04:25,5,61.00,0.00,7.00,0.00,0.00,3.00,0.00,0.00,0.00,29.00
21:04:25,6,60.00,0.00,7.00,0.00,0.00,3.00,0.00,0.00,0.00,30.00
21:04:25,7,57.28,0.00,7.77,0.00,0.00,2.91,0.00,0.00,0.00,32.04
21:04:25,12,61.39,0.00,6.93,0.00,0.00,2.97,0.00,0.00,0.00,28.71
21:04:25,13,62.00,0.00,7.00,0.00,0.00,3.00,0.00,0.00,0.00,28.00
21:04:25,14,58.42,0.00,7.92,0.00,0.00,3.96,0.00,0.00,0.00,29.70
21:04:25,15,59.41,0.00,5.94,0.00,0.00,2.97,0.00,0.00,0.00,31.68
21:04:26,4,59.41,0.00,6.93,0.00,0.00,3.96,0.00,0.00,0.00,29.70
21:04:26,5,60.61,0.00,8.08,0.00,0.00,3.03,0.00,0.00,0.00,28.28
21:04:26,6,58.00,0.00,8.00,0.00,0.00,3.00,0.00,0.00,0.00,31.00
21:04:26,7,61.00,0.00,5.00,0.00,0.00,3.00,0.00,0.00,0.00,31.00
21:04:26,12,61.00,0.00,8.00,0.00,0.00,3.00,0.00,0.00,0.00,28.00
21:04:26,13,59.41,0.00,7.92,0.00,0.00,3.96,0.00,0.00,0.00,28.71
21:04:26,14,60.61,0.00,6.06,0.00,0.00,4.04,0.00,0.00,0.00,29.29
21:04:26,15,58.00,0.00,8.00,0.00,0.00,3.00,0.00,0.00,0.00,31.00
21:04:27,4,62.00,0.00,7.00,0.00,0.00,2.00,0.00,0.00,0.00,29.00
21:04:27,5,58.42,0.00,7.92,0.00,0.00,3.96,0.00,0.00,0.00,29.70
21:04:27,6,57.84,0.00,7.84,0.00,0.00,3.92,0.00,0.00,0.00,30.39
21:04:27,7,60.61,0.00,5.05,0.00,0.00,2.02,0.00,0.00,0.00,32.32
21:04:27,12,60.00,0.00,7.00,0.00,0.00,4.00,0.00,0.00,0.00,29.00
21:04:27,13,61.39,0.00,8.91,0.00,0.00,1.98,0.00,0.00,0.00,27.72
21:04:27,14,62.38,0.00,6.93,0.00,0.00,1.98,0.00,0.00,0.00,28.71
21:04:27,15,59.41,0.00,6.93,0.00,0.00,2.97,0.00,0.00,0.00,30.69
21:04:28,4,65.00,0.00,7.00,0.00,0.00,3.00,0.00,0.00,0.00,25.00
21:04:28,5,60.61,0.00,15.15,0.00,0.00,3.03,0.00,0.00,0.00,21.21
21:04:28,6,62.63,0.00,9.09,0.00,0.00,3.03,0.00,0.00,0.00,25.25
21:04:28,7,62.50,0.00,8.33,0.00,0.00,3.12,0.00,0.00,0.00,26.04
21:04:28,12,59.60,0.00,15.15,0.00,0.00,3.03,0.00,0.00,0.00,22.22
21:04:28,13,59.18,0.00,17.35,0.00,0.00,3.06,0.00,0.00,0.00,20.41
21:04:28,14,64.65,0.00,6.06,0.00,0.00,4.04,0.00,0.00,0.00,25.25
21:04:28,15,61.62,0.00,8.08,0.00,0.00,4.04,0.00,0.00,0.00,26.26
21:04:29,4,59.60,0.00,10.10,0.00,0.00,3.03,0.00,0.00,0.00,27.27
21:04:29,5,61.76,0.00,6.86,0.00,0.00,2.94,0.00,0.00,0.00,28.43
21:04:29,6,58.42,0.00,7.92,0.00,0.00,3.96,0.00,0.00,0.00,29.70
21:04:29,7,58.59,0.00,7.07,0.00,0.00,4.04,0.00,0.00,0.00,30.30
21:04:29,12,61.22,0.00,7.14,0.00,0.00,3.06,0.00,0.00,0.00,28.57
21:04:29,13,61.00,0.00,8.00,0.00,0.00,4.00,0.00,0.00,0.00,27.00
21:04:29,14,61.86,0.00,6.19,0.00,0.00,3.09,0.00,0.00,0.00,28.87
21:04:29,15,61.39,0.00,6.93,0.00,0.00,1.98,0.00,0.00,0.00,29.70
21:04:30,4,59.00,0.00,8.00,0.00,0.00,4.00,0.00,0.00,0.00,29.00
21:04:30,5,61.86,0.00,6.19,0.00,0.00,2.06,0.00,0.00,0.00,29.90
21:04:30,6,60.19,0.00,6.80,0.00,0.00,2.91,0.00,0.00,0.00,30.10
21:04:30,7,58.00,0.00,7.00,0.00,0.00,2.00,0.00,0.00,0.00,33.00
21:04:30,12,60.61,0.00,7.07,0.00,0.00,3.03,0.00,0.00,0.00,29.29
21:04:30,13,61.39,0.00,7.92,0.00,0.00,1.98,0.00,0.00,0.00,28.71
21:04:30,14,60.40,0.00,7.92,0.00,0.00,2.97,0.00,0.00,0.00,28.71
21:04:30,15,58.59,0.00,6.06,0.00,0.00,3.03,0.00,0.00,0.00,32.32
21:04:31,4,60.61,0.00,6.06,0.00,0.00,3.03,0.00,0.00,0.00,30.30
21:04:31,5,58.59,0.00,9.09,0.00,0.00,4.04,0.00,0.00,0.00,28.28
21:04:31,6,60.61,0.00,6.06,1.01,0.00,2.02,0.00,0.00,0.00,30.30
21:04:31,7,57.00,0.00,9.00,0.00,0.00,3.00,0.00,0.00,0.00,31.00
21:04:31,12,62.00,0.00,7.00,1.00,0.00,1.00,0.00,0.00,0.00,29.00
21:04:31,13,61.00,0.00,7.00,0.00,0.00,3.00,0.00,0.00,0.00,29.00
21:04:31,14,60.78,0.00,6.86,0.00,0.00,3.92,0.00,0.00,0.00,28.43
21:04:31,15,59.00,0.00,8.00,0.00,0.00,3.00,0.00,0.00,0.00,30.00
21:04:32,4,62.75,0.00,6.86,0.00,0.00,1.96,0.00,0.00,0.00,28.43
21:04:32,5,60.40,0.00,6.93,0.00,0.00,2.97,0.00,0.00,0.00,29.70
21:04:32,6,62.00,0.00,5.00,0.00,0.00,3.00,0.00,0.00,0.00,30.00
21:04:32,7,57.00,0.00,6.00,0.00,0.00,4.00,0.00,0.00,0.00,33.00
21:04:32,12,62.38,0.00,5.94,0.00,0.00,2.97,0.00,0.00,0.00,28.71
21:04:32,13,61.39,0.00,8.91,0.00,0.00,1.98,0.00,0.00,0.00,27.72
21:04:32,14,61.62,0.00,5.05,0.00,0.00,3.03,0.00,0.00,0.00,30.30
21:04:32,15,59.60,0.00,6.06,0.00,0.00,2.02,0.00,0.00,0.00,32.32
21:04:33,4,59.62,0.00,7.69,0.00,0.00,2.88,0.00,0.00,0.00,29.81
21:04:33,5,60.00,0.00,8.00,0.00,0.00,2.00,0.00,0.00,0.00,30.00
21:04:33,6,59.22,0.00,8.74,0.00,0.00,2.91,0.00,0.00,0.00,29.13
21:04:33,7,58.00,0.00,7.00,0.00,0.00,2.00,0.00,0.00,0.00,33.00
21:04:33,12,59.60,0.00,8.08,0.00,0.00,3.03,0.00,0.00,0.00,29.29
21:04:33,13,61.62,0.00,7.07,0.00,0.00,3.03,0.00,0.00,0.00,28.28
21:04:33,14,61.39,0.00,6.93,0.00,0.00,2.97,0.00,0.00,0.00,28.71
21:04:33,15,57.28,0.00,6.80,0.00,0.00,4.85,0.00,0.00,0.00,31.07
21:04:34,4,62.63,0.00,7.07,0.00,0.00,2.02,0.00,0.00,0.00,28.28
21:04:34,5,61.00,0.00,7.00,0.00,0.00,3.00,0.00,0.00,0.00,29.00
21:04:34,6,63.00,0.00,5.00,0.00,0.00,2.00,0.00,0.00,0.00,30.00
21:04:34,7,58.59,0.00,6.06,0.00,0.00,3.03,0.00,0.00,0.00,32.32
21:04:34,12,63.37,0.00,7.92,0.00,0.00,1.98,0.00,0.00,0.00,26.73
21:04:34,13,61.39,0.00,8.91,0.00,0.00,2.97,0.00,0.00,0.00,26.73
21:04:34,14,61.00,0.00,7.00,0.00,0.00,3.00,0.00,0.00,0.00,29.00
21:04:34,15,59.00,0.00,7.00,0.00,0.00,2.00,0.00,0.00,0.00,32.00
21:04:35,4,61.00,0.00,7.00,0.00,0.00,3.00,0.00,0.00,0.00,29.00
21:04:35,5,61.22,0.00,7.14,0.00,0.00,3.06,0.00,0.00,0.00,28.57
21:04:35,6,61.39,0.00,6.93,0.00,0.00,1.98,0.00,0.00,0.00,29.70
21:04:35,7,60.78,0.00,6.86,0.00,0.00,2.94,0.00,0.00,0.00,29.41
21:04:35,12,61.00,0.00,9.00,0.00,0.00,2.00,0.00,0.00,0.00,28.00
21:04:35,13,63.37,0.00,7.92,0.00,0.00,1.98,0.00,0.00,0.00,26.73
21:04:35,14,62.00,0.00,7.00,0.00,0.00,2.00,0.00,0.00,0.00,29.00
21:04:35,15,62.00,0.00,7.00,0.00,0.00,2.00,0.00,0.00,0.00,29.00
21:04:36,4,60.00,0.00,6.00,1.00,0.00,3.00,0.00,0.00,0.00,30.00
21:04:36,5,59.00,0.00,8.00,0.00,0.00,4.00,0.00,0.00,0.00,29.00
21:04:36,6,59.60,0.00,8.08,0.00,0.00,3.03,0.00,0.00,0.00,29.29
21:04:36,7,58.25,0.00,6.80,0.00,0.00,2.91,0.00,0.00,0.00,32.04
21:04:36,12,61.00,0.00,6.00,0.00,0.00,4.00,0.00,0.00,0.00,29.00
21:04:36,13,61.39,0.00,6.93,0.00,0.00,2.97,0.00,0.00,0.00,28.71
21:04:36,14,60.00,0.00,9.00,0.00,0.00,2.00,0.00,0.00,0.00,29.00
21:04:36,15,59.60,0.00,7.07,0.00,0.00,2.02,0.00,0.00,0.00,31.31
21:04:37,4,59.41,0.00,6.93,0.00,0.00,4.95,0.00,0.00,0.00,28.71
21:04:37,5,63.27,0.00,6.12,0.00,0.00,2.04,0.00,0.00,0.00,28.57
21:04:37,6,61.39,0.00,6.93,0.00,0.00,1.98,0.00,0.00,0.00,29.70
21:04:37,7,58.42,0.00,6.93,0.00,0.00,3.96,0.00,0.00,0.00,30.69
21:04:37,12,61.76,0.00,6.86,0.00,0.00,2.94,0.00,0.00,0.00,28.43
21:04:37,13,61.22,0.00,7.14,0.00,0.00,2.04,0.00,0.00,0.00,29.59
21:04:37,14,58.82,0.00,8.82,0.00,0.00,2.94,0.00,0.00,0.00,29.41
21:04:37,15,59.22,0.00,6.80,0.00,0.00,2.91,0.00,0.00,0.00,31.07
21:04:38,4,61.39,0.00,5.94,0.00,0.00,2.97,0.00,0.00,0.00,29.70
21:04:38,5,59.80,0.00,6.86,0.00,0.00,3.92,0.00,0.00,0.00,29.41
21:04:38,6,60.40,0.00,4.95,0.00,0.00,3.96,0.00,0.00,0.00,30.69
21:04:38,7,58.42,0.00,6.93,0.00,0.00,2.97,0.00,0.00,0.00,31.68
21:04:38,12,59.22,0.00,7.77,0.00,0.00,3.88,0.00,0.00,0.00,29.13
21:04:38,13,59.80,0.00,6.86,0.00,0.00,3.92,0.00,0.00,0.00,29.41
21:04:38,14,61.00,0.00,5.00,0.00,0.00,3.00,0.00,0.00,0.00,31.00
21:04:38,15,59.41,0.00,6.93,0.00,0.00,1.98,0.00,0.00,0.00,31.68
21:04:39,4,59.80,0.00,7.84,0.00,0.00,1.96,0.00,0.00,0.00,30.39
21:04:39,5,62.00,0.00,8.00,0.00,0.00,3.00,0.00,0.00,0.00,27.00
21:04:39,6,61.17,0.00,6.80,0.00,0.00,2.91,0.00,0.00,0.00,29.13
21:04:39,7,58.42,0.00,6.93,0.00,0.00,2.97,0.00,0.00,0.00,31.68
21:04:39,12,63.00,0.00,6.00,0.00,0.00,2.00,0.00,0.00,0.00,29.00
21:04:39,13,63.00,0.00,6.00,0.00,0.00,3.00,0.00,0.00,0.00,28.00
21:04:39,14,60.19,0.00,7.77,0.00,0.00,2.91,0.00,0.00,0.00,29.13
21:04:39,15,60.00,0.00,7.00,0.00,0.00,2.00,0.00,0.00,0.00,31.00
21:04:40,4,61.22,0.00,8.16,0.00,0.00,2.04,0.00,0.00,0.00,28.57
21:04:40,5,64.00,0.00,8.00,0.00,0.00,2.00,0.00,0.00,0.00,26.00
21:04:40,6,61.46,0.00,7.29,0.00,0.00,2.08,0.00,0.00,0.00,29.17
21:04:40,7,59.00,0.00,7.00,0.00,0.00,3.00,0.00,0.00,0.00,31.00
21:04:40,12,61.62,0.00,8.08,0.00,0.00,2.02,0.00,0.00,0.00,28.28
21:04:40,13,61.00,0.00,8.00,0.00,0.00,4.00,0.00,0.00,0.00,27.00
21:04:40,14,60.61,0.00,8.08,0.00,0.00,2.02,0.00,0.00,0.00,29.29
21:04:40,15,59.00,0.00,8.00,0.00,0.00,3.00,0.00,0.00,0.00,30.00
21:04:41,4,62.75,0.00,6.86,0.00,0.00,1.96,0.00,0.00,0.00,28.43
21:04:41,5,61.62,0.00,7.07,0.00,0.00,2.02,0.00,0.00,0.00,29.29
21:04:41,6,58.82,0.00,6.86,0.00,0.00,3.92,0.00,0.00,0.00,30.39
21:04:41,7,57.84,0.00,5.88,0.00,0.00,3.92,0.00,0.00,0.00,32.35
21:04:41,12,61.76,0.00,6.86,0.00,0.00,2.94,0.00,0.00,0.00,28.43
21:04:41,13,62.63,0.00,6.06,0.00,0.00,3.03,0.00,0.00,0.00,28.28
21:04:41,14,59.79,0.00,7.22,1.03,0.00,3.09,0.00,0.00,0.00,28.87
21:04:41,15,59.41,0.00,6.93,0.00,0.00,1.98,0.00,0.00,0.00,31.68
21:04:42,4,59.60,0.00,7.07,0.00,0.00,3.03,0.00,0.00,0.00,30.30
21:04:42,5,59.00,0.00,8.00,0.00,0.00,3.00,0.00,0.00,0.00,30.00
21:04:42,6,61.00,0.00,7.00,0.00,0.00,2.00,0.00,0.00,0.00,30.00
21:04:42,7,57.84,0.00,7.84,0.00,0.00,2.94,0.00,0.00,0.00,31.37
21:04:42,12,62.00,0.00,7.00,0.00,0.00,2.00,0.00,0.00,0.00,29.00
21:04:42,13,61.76,0.00,8.82,0.00,0.00,2.94,0.00,0.00,0.00,26.47
21:04:42,14,59.80,0.00,7.84,0.00,0.00,2.94,0.00,0.00,0.00,29.41
21:04:42,15,58.42,0.00,6.93,0.00,0.00,2.97,0.00,0.00,0.00,31.68
21:04:43,4,60.19,0.00,6.80,0.00,0.00,3.88,0.00,0.00,0.00,29.13
21:04:43,5,59.80,0.00,8.82,0.00,0.00,3.92,0.00,0.00,0.00,27.45
21:04:43,6,58.82,0.00,6.86,0.00,0.00,3.92,0.00,0.00,0.00,30.39
21:04:43,7,56.86,0.00,6.86,0.00,0.00,3.92,0.00,0.00,0.00,32.35
21:04:43,12,60.40,0.00,6.93,0.00,0.00,2.97,0.00,0.00,0.00,29.70
21:04:43,13,62.00,0.00,7.00,0.00,0.00,2.00,0.00,0.00,0.00,29.00
21:04:43,14,60.00,0.00,7.00,0.00,0.00,2.00,0.00,0.00,0.00,31.00
21:04:43,15,58.00,0.00,7.00,0.00,0.00,3.00,0.00,0.00,0.00,32.00
21:04:44,4,61.00,0.00,8.00,0.00,0.00,3.00,0.00,0.00,0.00,28.00
21:04:44,5,60.82,0.00,6.19,0.00,0.00,3.09,0.00,0.00,0.00,29.90
21:04:44,6,58.00,0.00,7.00,0.00,0.00,4.00,0.00,0.00,0.00,31.00
21:04:44,7,58.00,0.00,7.00,0.00,0.00,3.00,0.00,0.00,0.00,32.00
21:04:44,12,61.62,0.00,7.07,0.00,0.00,2.02,0.00,0.00,0.00,29.29
21:04:44,13,60.61,0.00,8.08,0.00,0.00,3.03,0.00,0.00,0.00,28.28
21:04:44,14,60.00,0.00,7.00,0.00,0.00,4.00,0.00,0.00,0.00,29.00
21:04:44,15,57.58,0.00,7.07,0.00,0.00,3.03,0.00,0.00,0.00,32.32
21:04:45,4,58.59,0.00,9.09,0.00,0.00,3.03,0.00,0.00,0.00,29.29
21:04:45,5,63.37,0.00,5.94,0.00,0.00,2.97,0.00,0.00,0.00,27.72
21:04:45,6,62.89,0.00,7.22,0.00,0.00,2.06,0.00,0.00,0.00,27.84
21:04:45,7,58.76,0.00,7.22,0.00,0.00,2.06,0.00,0.00,0.00,31.96
21:04:45,12,61.39,0.00,8.91,0.00,0.00,2.97,0.00,0.00,0.00,26.73
21:04:45,13,61.62,0.00,8.08,0.00,0.00,3.03,0.00,0.00,0.00,27.27
21:04:45,14,62.00,0.00,8.00,0.00,0.00,2.00,0.00,0.00,0.00,28.00
21:04:45,15,59.00,0.00,9.00,0.00,0.00,3.00,0.00,0.00,0.00,29.00
21:04:46,4,61.39,0.00,6.93,0.00,0.00,2.97,0.00,0.00,0.00,28.71
21:04:46,5,60.40,0.00,7.92,0.00,0.00,2.97,0.00,0.00,0.00,28.71
21:04:46,6,58.82,0.00,7.84,0.00,0.00,3.92,0.00,0.00,0.00,29.41
21:04:46,7,57.58,0.00,7.07,0.00,0.00,3.03,0.00,0.00,0.00,32.32
21:04:46,12,60.00,0.00,7.00,0.00,0.00,3.00,0.00,0.00,0.00,30.00
21:04:46,13,61.39,0.00,7.92,0.00,0.00,1.98,0.00,0.00,0.00,28.71
21:04:46,14,60.00,0.00,7.00,0.00,0.00,3.00,0.00,0.00,0.00,30.00
21:04:46,15,59.41,0.00,7.92,0.00,0.00,1.98,0.00,0.00,0.00,30.69
21:04:47,4,61.00,0.00,7.00,0.00,0.00,2.00,0.00,0.00,0.00,30.00
21:04:47,5,61.39,0.00,5.94,0.00,0.00,3.96,0.00,0.00,0.00,28.71
21:04:47,6,60.19,0.00,7.77,0.00,0.00,1.94,0.00,0.00,0.00,30.10
21:04:47,7,59.22,0.00,6.80,0.00,0.00,2.91,0.00,0.00,0.00,31.07
21:04:47,12,62.14,0.00,6.80,0.00,0.00,2.91,0.00,0.00,0.00,28.16
21:04:47,13,60.61,0.00,8.08,0.00,0.00,3.03,0.00,0.00,0.00,28.28
21:04:47,14,60.40,0.00,6.93,0.00,0.00,3.96,0.00,0.00,0.00,28.71
21:04:47,15,60.19,0.00,5.83,0.00,0.00,1.94,0.00,0.00,0.00,32.04
21:04:48,4,60.61,0.00,7.07,0.00,0.00,3.03,0.00,0.00,0.00,29.29
21:04:48,5,60.20,0.00,7.14,0.00,0.00,3.06,0.00,0.00,0.00,29.59
21:04:48,6,59.41,0.00,7.92,0.00,0.00,2.97,0.00,0.00,0.00,29.70
21:04:48,7,57.00,0.00,8.00,0.00,0.00,3.00,0.00,0.00,0.00,32.00
21:04:48,12,60.61,0.00,7.07,0.00,0.00,3.03,0.00,0.00,0.00,29.29
21:04:48,13,61.00,0.00,7.00,0.00,0.00,3.00,0.00,0.00,0.00,29.00
21:04:48,14,59.41,0.00,8.91,0.00,0.00,1.98,0.00,0.00,0.00,29.70
21:04:48,15,57.58,0.00,8.08,0.00,0.00,2.02,0.00,0.00,0.00,32.32
21:04:49,4,62.38,0.00,6.93,0.00,0.00,2.97,0.00,0.00,0.00,27.72
21:04:49,5,61.62,0.00,7.07,0.00,0.00,2.02,0.00,0.00,0.00,29.29
21:04:49,6,60.20,0.00,7.14,0.00,0.00,2.04,0.00,0.00,0.00,30.61
21:04:49,7,56.57,0.00,7.07,0.00,0.00,3.03,0.00,0.00,0.00,33.33
21:04:49,12,60.00,0.00,7.00,0.00,0.00,4.00,0.00,0.00,0.00,29.00
21:04:49,13,60.20,0.00,8.16,0.00,0.00,3.06,0.00,0.00,0.00,28.57
21:04:49,14,60.78,0.00,5.88,0.00,0.00,3.92,0.00,0.00,0.00,29.41
21:04:49,15,59.22,0.00,7.77,0.00,0.00,2.91,0.00,0.00,0.00,30.10
21:04:50,4,61.39,0.00,6.93,0.00,0.00,3.96,0.00,0.00,0.00,27.72
21:04:50,5,60.00,0.00,9.00,0.00,0.00,3.00,0.00,0.00,0.00,28.00
21:04:50,6,59.00,0.00,6.00,0.00,0.00,4.00,0.00,0.00,0.00,31.00
21:04:50,7,57.58,0.00,8.08,0.00,0.00,4.04,0.00,0.00,0.00,30.30
21:04:50,12,61.22,0.00,8.16,0.00,0.00,2.04,0.00,0.00,0.00,28.57
21:04:50,13,61.00,0.00,9.00,0.00,0.00,2.00,0.00,0.00,0.00,28.00
21:04:50,14,62.63,0.00,7.07,0.00,0.00,2.02,0.00,0.00,0.00,28.28
21:04:50,15,59.41,0.00,7.92,0.00,0.00,2.97,0.00,0.00,0.00,29.70
21:04:51,4,61.39,0.00,5.94,0.00,0.00,2.97,0.00,0.00,0.00,29.70
21:04:51,5,60.61,0.00,7.07,0.00,0.00,3.03,0.00,0.00,0.00,29.29
21:04:51,6,61.00,0.00,7.00,0.00,0.00,2.00,0.00,0.00,0.00,30.00
21:04:51,7,59.41,0.00,5.94,0.00,0.00,2.97,0.00,0.00,0.00,31.68
21:04:51,12,59.80,0.00,6.86,0.00,0.00,3.92,0.00,0.00,0.00,29.41
21:04:51,13,60.00,0.00,8.00,0.00,0.00,3.00,0.00,0.00,0.00,29.00
21:04:51,14,59.60,0.00,8.08,0.00,0.00,2.02,0.00,0.00,0.00,30.30
21:04:51,15,60.00,0.00,7.00,0.00,0.00,2.00,0.00,0.00,0.00,31.00
21:04:52,4,58.59,0.00,9.09,0.00,0.00,4.04,0.00,0.00,0.00,28.28
21:04:52,5,61.39,0.00,8.91,0.00,0.00,1.98,0.00,0.00,0.00,27.72
21:04:52,6,59.18,0.00,7.14,0.00,0.00,2.04,0.00,0.00,0.00,31.63
21:04:52,7,56.70,0.00,7.22,0.00,0.00,3.09,0.00,0.00,0.00,32.99
21:04:52,12,62.75,0.00,6.86,0.00,0.00,1.96,0.00,0.00,0.00,28.43
21:04:52,13,63.37,0.00,6.93,0.00,0.00,1.98,0.00,0.00,0.00,27.72
21:04:52,14,62.75,0.00,5.88,0.00,0.00,2.94,0.00,0.00,0.00,28.43
21:04:52,15,58.42,0.00,6.93,0.00,0.00,2.97,0.00,0.00,0.00,31.68
21:04:53,4,60.40,0.00,6.93,0.00,0.00,1.98,0.00,0.00,0.00,30.69
21:04:53,5,60.00,0.00,7.00,0.00,0.00,3.00,0.00,0.00,0.00,30.00
21:04:53,6,61.00,0.00,7.00,0.00,0.00,2.00,0.00,0.00,0.00,30.00
21:04:53,7,58.00,0.00,7.00,0.00,0.00,3.00,0.00,0.00,0.00,32.00
21:04:53,12,61.76,0.00,5.88,0.00,0.00,3.92,0.00,0.00,0.00,28.43
21:04:53,13,60.00,0.00,8.00,0.00,0.00,3.00,0.00,0.00,0.00,29.00
21:04:53,14,62.14,0.00,6.80,0.00,0.00,2.91,0.00,0.00,0.00,28.16
21:04:53,15,59.00,0.00,7.00,0.00,0.00,3.00,0.00,0.00,0.00,31.00
21:04:54,4,60.78,0.00,7.84,0.00,0.00,2.94,0.00,0.00,0.00,28.43
21:04:54,5,61.17,0.00,9.71,0.00,0.00,1.94,0.00,0.00,0.00,27.18
21:04:54,6,58.42,0.00,8.91,0.00,0.00,2.97,0.00,0.00,0.00,29.70
21:04:54,7,59.41,0.00,6.93,0.00,0.00,1.98,0.00,0.00,0.00,31.68
21:04:54,12,58.42,0.00,8.91,0.00,0.00,2.97,0.00,0.00,0.00,29.70
21:04:54,13,61.76,0.00,6.86,0.00,0.00,2.94,0.00,0.00,0.00,28.43
21:04:54,14,60.78,0.00,6.86,0.00,0.00,1.96,0.00,0.00,0.00,30.39
21:04:54,15,58.42,0.00,7.92,0.00,0.00,2.97,0.00,0.00,0.00,30.69
21:04:55,4,62.63,0.00,6.06,0.00,0.00,3.03,0.00,0.00,0.00,28.28
21:04:55,5,60.61,0.00,8.08,0.00,0.00,3.03,0.00,0.00,0.00,28.28
21:04:55,6,59.18,0.00,9.18,0.00,0.00,2.04,0.00,0.00,0.00,29.59
21:04:55,7,58.59,0.00,8.08,0.00,0.00,2.02,0.00,0.00,0.00,31.31
21:04:55,12,59.60,0.00,8.08,0.00,0.00,4.04,0.00,0.00,0.00,28.28
21:04:55,13,62.24,0.00,8.16,0.00,0.00,3.06,0.00,0.00,0.00,26.53
21:04:55,14,58.59,0.00,8.08,0.00,0.00,4.04,0.00,0.00,0.00,29.29
21:04:55,15,59.60,0.00,7.07,0.00,0.00,3.03,0.00,0.00,0.00,30.30
21:04:56,4,61.39,0.00,7.92,0.00,0.00,2.97,0.00,0.00,0.00,27.72
21:04:56,5,61.00,0.00,7.00,0.00,0.00,3.00,0.00,0.00,0.00,29.00
21:04:56,6,59.00,0.00,7.00,0.00,0.00,3.00,0.00,0.00,0.00,31.00
21:04:56,7,58.59,0.00,5.05,0.00,0.00,3.03,0.00,0.00,0.00,33.33
21:04:56,12,61.00,0.00,7.00,0.00,0.00,3.00,0.00,0.00,0.00,29.00
21:04:56,13,61.62,0.00,8.08,0.00,0.00,2.02,0.00,0.00,0.00,28.28
21:04:56,14,60.61,0.00,7.07,0.00,0.00,3.03,0.00,0.00,0.00,29.29
21:04:56,15,59.18,0.00,7.14,0.00,0.00,1.02,0.00,0.00,0.00,32.65
21:04:57,4,61.76,0.00,6.86,0.00,0.00,2.94,0.00,0.00,0.00,28.43
21:04:57,5,60.78,0.00,6.86,0.00,0.00,2.94,0.00,0.00,0.00,29.41
21:04:57,6,60.40,0.00,6.93,0.00,0.00,2.97,0.00,0.00,0.00,29.70
21:04:57,7,58.82,0.00,6.86,0.00,0.00,2.94,0.00,0.00,0.00,31.37
21:04:57,12,60.61,0.00,6.06,0.00,0.00,3.03,0.00,0.00,0.00,30.30
21:04:57,13,60.78,0.00,6.86,0.00,0.00,3.92,0.00,0.00,0.00,28.43
21:04:57,14,59.80,0.00,7.84,0.00,0.00,2.94,0.00,0.00,0.00,29.41
21:04:57,15,57.84,0.00,7.84,0.00,0.00,3.92,0.00,0.00,0.00,30.39
21:04:58,4,60.61,0.00,7.07,0.00,0.00,3.03,0.00,0.00,0.00,29.29
21:04:58,5,59.60,0.00,7.07,0.00,0.00,3.03,0.00,0.00,0.00,30.30
21:04:58,6,58.42,0.00,7.92,0.00,0.00,2.97,0.00,0.00,0.00,30.69
21:04:58,7,57.43,0.00,7.92,0.00,0.00,2.97,0.00,0.00,0.00,31.68
21:04:58,12,61.00,0.00,7.00,0.00,0.00,3.00,0.00,0.00,0.00,29.00
21:04:58,13,60.42,0.00,6.25,0.00,0.00,4.17,0.00,0.00,0.00,29.17
21:04:58,14,59.60,0.00,8.08,0.00,0.00,3.03,0.00,0.00,0.00,29.29
21:04:58,15,57.58,0.00,7.07,0.00,0.00,3.03,0.00,0.00,0.00,32.32
21:04:59,4,58.59,0.00,9.09,0.00,0.00,2.02,0.00,0.00,0.00,30.30
21:04:59,5,61.00,0.00,7.00,0.00,0.00,3.00,0.00,0.00,0.00,29.00
21:04:59,6,62.38,0.00,5.94,0.00,0.00,2.97,0.00,0.00,0.00,28.71
21:04:59,7,57.84,0.00,6.86,0.00,0.00,2.94,0.00,0.00,0.00,32.35
21:04:59,12,61.39,0.00,5.94,0.00,0.00,3.96,0.00,0.00,0.00,28.71
21:04:59,13,60.40,0.00,5.94,0.00,0.00,4.95,0.00,0.00,0.00,28.71
21:04:59,14,59.41,0.00,6.93,0.00,0.00,3.96,0.00,0.00,0.00,29.70
21:04:59,15,59.00,0.00,8.00,0.00,0.00,2.00,0.00,0.00,0.00,31.00
21:05:00,4,62.63,0.00,6.06,0.00,0.00,3.03,0.00,0.00,0.00,28.28
21:05:00,5,61.22,0.00,7.14,0.00,0.00,3.06,0.00,0.00,0.00,28.57
21:05:00,6,61.00,0.00,7.00,0.00,0.00,2.00,0.00,0.00,0.00,30.00
21:05:00,7,58.42,0.00,7.92,0.00,0.00,2.97,0.00,0.00,0.00,30.69
21:05:00,12,63.37,0.00,6.93,0.00,0.00,1.98,0.00,0.00,0.00,27.72
21:05:00,13,62.63,0.00,8.08,0.00,0.00,3.03,0.00,0.00,0.00,26.26
21:05:00,14,62.63,0.00,6.06,0.00,0.00,3.03,0.00,0.00,0.00,28.28
21:05:00,15,58.82,0.00,6.86,0.00,0.00,3.92,0.00,0.00,0.00,30.39
21:05:01,4,61.39,0.00,6.93,0.00,0.00,2.97,0.00,0.00,0.00,28.71
21:05:01,5,59.00,0.00,8.00,0.00,0.00,3.00,0.00,0.00,0.00,30.00
21:05:01,6,60.00,0.00,6.00,0.00,0.00,4.00,0.00,0.00,0.00,30.00
21:05:01,7,57.00,0.00,7.00,0.00,0.00,3.00,0.00,0.00,0.00,33.00
21:05:01,12,62.63,0.00,7.07,0.00,0.00,3.03,0.00,0.00,0.00,27.27
21:05:01,13,61.00,0.00,8.00,0.00,0.00,2.00,0.00,0.00,0.00,29.00
21:05:01,14,64.00,0.00,5.00,0.00,0.00,2.00,0.00,0.00,0.00,29.00
21:05:01,15,59.00,0.00,7.00,0.00,0.00,3.00,0.00,0.00,0.00,31.00
21:05:02,4,59.41,0.00,7.92,0.00,0.00,2.97,0.00,0.00,0.00,29.70
21:05:02,5,59.60,0.00,8.08,0.00,0.00,3.03,0.00,0.00,0.00,29.29
21:05:02,6,59.41,0.00,6.93,0.00,0.00,2.97,0.00,0.00,0.00,30.69
21:05:02,7,59.18,0.00,6.12,0.00,0.00,2.04,0.00,0.00,0.00,32.65
21:05:02,12,59.60,0.00,9.09,0.00,0.00,2.02,0.00,0.00,0.00,29.29
21:05:02,13,61.62,0.00,8.08,0.00,0.00,2.02,0.00,0.00,0.00,28.28
21:05:02,14,60.61,0.00,7.07,0.00,0.00,3.03,0.00,0.00,0.00,29.29
21:05:02,15,59.60,0.00,7.07,0.00,0.00,2.02,0.00,0.00,0.00,31.31
21:05:03,4,60.00,0.00,7.00,0.00,0.00,3.00,0.00,0.00,0.00,30.00
21:05:03,5,61.76,0.00,7.84,0.00,0.00,2.94,0.00,0.00,0.00,27.45
21:05:03,6,59.41,0.00,6.93,0.00,0.00,3.96,0.00,0.00,0.00,29.70
21:05:03,7,55.00,0.00,7.00,0.00,0.00,4.00,0.00,0.00,0.00,34.00
21:05:03,12,61.00,0.00,7.00,0.00,0.00,3.00,0.00,0.00,0.00,29.00
21:05:03,13,62.00,0.00,8.00,0.00,0.00,3.00,0.00,0.00,0.00,27.00
21:05:03,14,61.17,0.00,6.80,0.00,0.00,2.91,0.00,0.00,0.00,29.13
21:05:03,15,57.43,0.00,7.92,0.00,0.00,2.97,0.00,0.00,0.00,31.68
21:05:04,4,62.00,0.00,6.00,0.00,0.00,3.00,0.00,0.00,0.00,29.00
21:05:04,5,58.42,0.00,7.92,0.00,0.00,2.97,0.00,0.00,0.00,30.69
21:05:04,6,59.18,0.00,7.14,0.00,0.00,3.06,0.00,0.00,0.00,30.61
21:05:04,7,56.31,0.00,8.74,0.00,0.00,2.91,0.00,0.00,0.00,32.04
21:05:04,12,59.22,0.00,8.74,0.00,0.00,3.88,0.00,0.00,0.00,28.16
21:05:04,13,59.80,0.00,8.82,0.00,0.00,2.94,0.00,0.00,0.00,28.43
21:05:04,14,60.20,0.00,7.14,0.00,0.00,2.04,0.00,0.00,0.00,30.61
21:05:04,15,57.84,0.00,7.84,0.00,0.00,3.92,0.00,0.00,0.00,30.39
21:05:05,4,60.61,0.00,8.08,0.00,0.00,2.02,0.00,0.00,0.00,29.29
21:05:05,5,60.40,0.00,8.91,0.00,0.00,2.97,0.00,0.00,0.00,27.72
21:05:05,6,59.60,0.00,8.08,0.00,0.00,2.02,0.00,0.00,0.00,30.30
21:05:05,7,60.00,0.00,6.00,0.00,0.00,3.00,0.00,0.00,0.00,31.00
21:05:05,12,63.37,0.00,7.92,0.00,0.00,1.98,0.00,0.00,0.00,26.73
21:05:05,13,63.00,0.00,6.00,0.00,0.00,4.00,0.00,0.00,0.00,27.00
21:05:05,14,63.64,0.00,7.07,0.00,0.00,2.02,0.00,0.00,0.00,27.27
21:05:05,15,62.38,0.00,5.94,0.00,0.00,2.97,0.00,0.00,0.00,28.71
21:05:06,4,61.17,0.00,7.77,0.00,0.00,2.91,0.00,0.00,0.00,28.16
21:05:06,5,59.41,0.00,6.93,0.00,0.00,3.96,0.00,0.00,0.00,29.70
21:05:06,6,61.62,0.00,7.07,0.00,0.00,2.02,0.00,0.00,0.00,29.29
21:05:06,7,58.59,0.00,6.06,0.00,0.00,2.02,0.00,0.00,0.00,33.33
21:05:06,12,60.20,0.00,6.12,0.00,0.00,4.08,0.00,0.00,0.00,29.59
21:05:06,13,62.00,0.00,7.00,0.00,0.00,2.00,0.00,0.00,0.00,29.00
21:05:06,14,60.40,0.00,5.94,0.00,0.00,3.96,0.00,0.00,0.00,29.70
21:05:06,15,59.00,0.00,8.00,0.00,0.00,2.00,0.00,0.00,0.00,31.00
21:05:07,4,60.00,0.00,8.00,0.00,0.00,3.00,0.00,0.00,0.00,29.00
21:05:07,5,61.22,0.00,6.12,0.00,0.00,3.06,0.00,0.00,0.00,29.59
21:05:07,6,58.42,0.00,7.92,0.00,0.00,2.97,0.00,0.00,0.00,30.69
21:05:07,7,55.88,0.00,7.84,0.00,0.00,3.92,0.00,0.00,0.00,32.35
21:05:07,12,59.41,0.00,6.93,0.00,0.00,3.96,0.00,0.00,0.00,29.70
21:05:07,13,62.24,0.00,6.12,0.00,0.00,3.06,0.00,0.00,0.00,28.57
21:05:07,14,59.00,0.00,8.00,0.00,0.00,3.00,0.00,0.00,0.00,30.00
21:05:07,15,58.25,0.00,6.80,0.00,0.00,2.91,0.00,0.00,0.00,32.04
21:05:08,4,59.00,0.00,8.00,0.00,0.00,3.00,0.00,0.00,0.00,30.00
21:05:08,5,61.39,0.00,6.93,0.00,0.00,2.97,0.00,0.00,0.00,28.71
21:05:08,6,61.62,0.00,6.06,0.00,0.00,3.03,0.00,0.00,0.00,29.29
21:05:08,7,59.00,0.00,6.00,0.00,0.00,3.00,0.00,0.00,0.00,32.00
21:05:08,12,61.00,0.00,7.00,0.00,0.00,3.00,0.00,0.00,0.00,29.00
21:05:08,13,62.38,0.00,6.93,0.00,0.00,2.97,0.00,0.00,0.00,27.72
21:05:08,14,62.63,0.00,6.06,0.00,0.00,2.02,0.00,0.00,0.00,29.29
21:05:08,15,60.61,0.00,6.06,0.00,0.00,2.02,0.00,0.00,0.00,31.31
21:05:09,4,58.00,0.00,9.00,0.00,0.00,4.00,0.00,0.00,0.00,29.00
21:05:09,5,60.61,0.00,7.07,0.00,0.00,3.03,0.00,0.00,0.00,29.29
21:05:09,6,59.41,0.00,6.93,0.00,0.00,2.97,0.00,0.00,0.00,30.69
21:05:09,7,58.00,0.00,7.00,0.00,0.00,3.00,0.00,0.00,0.00,32.00
21:05:09,12,61.86,0.00,6.19,0.00,0.00,3.09,0.00,0.00,0.00,28.87
21:05:09,13,61.39,0.00,6.93,0.00,0.00,2.97,0.00,0.00,0.00,28.71
21:05:09,14,61.00,0.00,6.00,0.00,0.00,4.00,0.00,0.00,0.00,29.00
21:05:09,15,57.58,0.00,6.06,0.00,0.00,4.04,0.00,0.00,0.00,32.32
21:05:10,4,59.60,0.00,10.10,0.00,0.00,3.03,0.00,0.00,0.00,27.27
21:05:10,5,62.00,0.00,7.00,0.00,0.00,3.00,0.00,0.00,0.00,28.00
21:05:10,6,59.60,0.00,8.08,0.00,0.00,3.03,0.00,0.00,0.00,29.29
21:05:10,7,58.76,0.00,6.19,0.00,0.00,3.09,0.00,0.00,0.00,31.96
21:05:10,12,61.22,0.00,7.14,0.00,0.00,3.06,0.00,0.00,0.00,28.57
21:05:10,13,61.22,0.00,8.16,0.00,0.00,3.06,0.00,0.00,0.00,27.55
21:05:10,14,61.00,0.00,9.00,0.00,0.00,3.00,0.00,0.00,0.00,27.00
21:05:10,15,58.00,0.00,9.00,0.00,0.00,3.00,0.00,0.00,0.00,30.00
21:05:11,4,60.00,0.00,7.00,0.00,0.00,3.00,0.00,0.00,0.00,30.00
21:05:11,5,62.00,0.00,6.00,1.00,0.00,2.00,0.00,0.00,0.00,29.00
21:05:11,6,61.39,0.00,5.94,0.00,0.00,2.97,0.00,0.00,0.00,29.70
21:05:11,7,57.84,0.00,6.86,0.00,0.00,2.94,0.00,0.00,0.00,32.35
21:05:11,12,61.39,0.00,6.93,0.00,0.00,1.98,0.00,0.00,0.00,29.70
21:05:11,13,61.76,0.00,6.86,0.00,0.00,2.94,0.00,0.00,0.00,28.43
21:05:11,14,61.00,0.00,6.00,0.00,0.00,3.00,0.00,0.00,0.00,30.00
21:05:11,15,59.18,0.00,7.14,0.00,0.00,2.04,0.00,0.00,0.00,31.63
21:05:12,4,60.40,0.00,6.93,0.00,0.00,3.96,0.00,0.00,0.00,28.71
21:05:12,5,60.20,0.00,8.16,0.00,0.00,2.04,0.00,0.00,0.00,29.59
21:05:12,6,58.59,0.00,8.08,0.00,0.00,3.03,0.00,0.00,0.00,30.30
21:05:12,7,57.43,0.00,7.92,0.00,0.00,1.98,0.00,0.00,0.00,32.67
21:05:12,12,60.40,0.00,6.93,0.00,0.00,2.97,0.00,0.00,0.00,29.70
21:05:12,13,61.39,0.00,7.92,0.00,0.00,1.98,0.00,0.00,0.00,28.71
21:05:12,14,60.40,0.00,6.93,0.00,0.00,2.97,0.00,0.00,0.00,29.70
21:05:12,15,59.62,0.00,7.69,0.00,0.00,2.88,0.00,0.00,0.00,29.81
21:05:13,4,61.62,0.00,7.07,0.00,0.00,2.02,0.00,0.00,0.00,29.29
21:05:13,5,61.17,0.00,6.80,0.00,0.00,2.91,0.00,0.00,0.00,29.13
21:05:13,6,59.41,0.00,6.93,0.00,0.00,2.97,0.00,0.00,0.00,30.69
21:05:13,7,57.43,0.00,5.94,0.00,0.00,3.96,0.00,0.00,0.00,32.67
21:05:13,12,60.00,0.00,8.00,0.00,0.00,3.00,0.00,0.00,0.00,29.00
21:05:13,13,59.60,0.00,8.08,0.00,0.00,3.03,0.00,0.00,0.00,29.29
21:05:13,14,60.00,0.00,7.00,0.00,0.00,3.00,0.00,0.00,0.00,30.00
21:05:13,15,58.42,0.00,6.93,0.00,0.00,2.97,0.00,0.00,0.00,31.68
21:05:14,4,59.41,0.00,7.92,0.00,0.00,2.97,0.00,0.00,0.00,29.70
21:05:14,5,57.58,0.00,9.09,0.00,0.00,3.03,0.00,0.00,0.00,30.30
21:05:14,6,63.00,0.00,5.00,0.00,0.00,3.00,0.00,0.00,0.00,29.00
21:05:14,7,58.59,0.00,6.06,0.00,0.00,3.03,0.00,0.00,0.00,32.32
21:05:14,12,62.38,0.00,5.94,0.00,0.00,2.97,0.00,0.00,0.00,28.71
21:05:14,13,60.40,0.00,7.92,0.00,0.00,2.97,0.00,0.00,0.00,28.71
21:05:14,14,61.39,0.00,6.93,0.00,0.00,2.97,0.00,0.00,0.00,28.71
21:05:14,15,59.00,0.00,7.00,0.00,0.00,3.00,0.00,0.00,0.00,31.00
21:05:15,4,62.75,0.00,5.88,0.00,0.00,3.92,0.00,0.00,0.00,27.45
21:05:15,5,62.38,0.00,6.93,0.00,0.00,2.97,0.00,0.00,0.00,27.72
21:05:15,6,58.42,0.00,8.91,0.00,0.00,3.96,0.00,0.00,0.00,28.71
21:05:15,7,57.28,0.00,7.77,0.00,0.00,2.91,0.00,0.00,0.00,32.04
21:05:15,12,61.00,0.00,6.00,0.00,0.00,4.00,0.00,0.00,0.00,29.00
21:05:15,13,61.00,0.00,8.00,0.00,0.00,2.00,0.00,0.00,0.00,29.00
21:05:15,14,59.41,0.00,6.93,0.00,0.00,2.97,0.00,0.00,0.00,30.69
21:05:15,15,58.82,0.00,6.86,0.00,0.00,2.94,0.00,0.00,0.00,31.37
21:05:16,4,59.41,0.00,8.91,0.00,0.00,3.96,0.00,0.00,0.00,27.72
21:05:16,5,60.00,0.00,8.00,0.00,0.00,3.00,0.00,0.00,0.00,29.00
21:05:16,6,61.00,0.00,7.00,0.00,0.00,3.00,0.00,0.00,0.00,29.00
21:05:16,7,57.14,0.00,8.16,0.00,0.00,3.06,0.00,0.00,0.00,31.63
21:05:16,12,59.41,0.00,8.91,0.00,0.00,3.96,0.00,0.00,0.00,27.72
21:05:16,13,63.00,0.00,8.00,0.00,0.00,3.00,0.00,0.00,0.00,26.00
21:05:16,14,60.00,0.00,7.00,0.00,0.00,4.00,0.00,0.00,0.00,29.00
21:05:16,15,59.00,0.00,7.00,0.00,0.00,4.00,0.00,0.00,0.00,30.00
21:05:17,4,61.76,0.00,6.86,0.00,0.00,2.94,0.00,0.00,0.00,28.43
21:05:17,5,61.39,0.00,6.93,0.00,0.00,2.97,0.00,0.00,0.00,28.71
21:05:17,6,60.40,0.00,5.94,0.00,0.00,2.97,0.00,0.00,0.00,30.69
21:05:17,7,58.42,0.00,6.93,0.00,0.00,2.97,0.00,0.00,0.00,31.68
21:05:17,12,61.76,0.00,7.84,0.00,0.00,1.96,0.00,0.00,0.00,28.43
21:05:17,13,63.73,0.00,5.88,0.00,0.00,2.94,0.00,0.00,0.00,27.45
21:05:17,14,61.39,0.00,6.93,0.00,0.00,1.98,0.00,0.00,0.00,29.70
21:05:17,15,58.00,0.00,8.00,0.00,0.00,3.00,0.00,0.00,0.00,31.00
21:05:18,4,61.00,0.00,7.00,0.00,0.00,3.00,0.00,0.00,0.00,29.00
21:05:18,5,60.00,0.00,7.00,0.00,0.00,3.00,0.00,0.00,0.00,30.00
21:05:18,6,58.42,0.00,7.92,0.00,0.00,2.97,0.00,0.00,0.00,30.69
21:05:18,7,56.57,0.00,7.07,0.00,0.00,3.03,0.00,0.00,0.00,33.33
21:05:18,12,61.39,0.00,6.93,0.00,0.00,2.97,0.00,0.00,0.00,28.71
21:05:18,13,61.39,0.00,5.94,0.00,0.00,3.96,0.00,0.00,0.00,28.71
21:05:18,14,61.22,0.00,7.14,0.00,0.00,2.04,0.00,0.00,0.00,29.59
21:05:18,15,58.59,0.00,6.06,0.00,0.00,3.03,0.00,0.00,0.00,32.32
21:05:19,4,59.41,0.00,7.92,0.00,0.00,2.97,0.00,0.00,0.00,29.70
21:05:19,5,61.00,0.00,8.00,0.00,0.00,2.00,0.00,0.00,0.00,29.00
21:05:19,6,59.00,0.00,7.00,0.00,0.00,4.00,0.00,0.00,0.00,30.00
21:05:19,7,57.43,0.00,7.92,0.00,0.00,2.97,0.00,0.00,0.00,31.68
21:05:19,12,60.00,0.00,9.00,0.00,0.00,2.00,0.00,0.00,0.00,29.00
21:05:19,13,59.22,0.00,9.71,0.00,0.00,2.91,0.00,0.00,0.00,28.16
21:05:19,14,60.78,0.00,6.86,0.00,0.00,2.94,0.00,0.00,0.00,29.41
21:05:19,15,57.43,0.00,6.93,0.00,0.00,2.97,0.00,0.00,0.00,32.67
21:05:20,4,61.39,0.00,6.93,0.00,0.00,2.97,0.00,0.00,0.00,28.71
21:05:20,5,60.00,0.00,8.00,0.00,0.00,3.00,0.00,0.00,0.00,29.00
21:05:20,6,60.78,0.00,7.84,0.00,0.00,1.96,0.00,0.00,0.00,29.41
21:05:20,7,57.43,0.00,7.92,0.00,0.00,2.97,0.00,0.00,0.00,31.68
21:05:20,12,62.00,0.00,7.00,0.00,0.00,2.00,0.00,0.00,0.00,29.00
21:05:20,13,61.00,0.00,9.00,0.00,0.00,2.00,0.00,0.00,0.00,28.00
21:05:20,14,61.00,0.00,8.00,0.00,0.00,2.00,0.00,0.00,0.00,29.00
21:05:20,15,59.00,0.00,7.00,0.00,0.00,3.00,0.00,0.00,0.00,31.00
21:05:21,4,60.20,0.00,8.16,0.00,0.00,3.06,0.00,0.00,0.00,28.57
21:05:21,5,60.61,0.00,7.07,0.00,0.00,3.03,0.00,0.00,0.00,29.29
21:05:21,6,62.00,0.00,7.00,0.00,0.00,3.00,0.00,0.00,0.00,28.00
21:05:21,7,58.59,0.00,7.07,0.00,0.00,3.03,0.00,0.00,0.00,31.31
21:05:21,12,61.22,0.00,8.16,0.00,0.00,3.06,0.00,0.00,0.00,27.55
21:05:21,13,61.76,0.00,8.82,0.00,0.00,1.96,0.00,0.00,0.00,27.45
21:05:21,14,61.62,0.00,7.07,0.00,0.00,3.03,0.00,0.00,0.00,28.28
21:05:21,15,59.60,0.00,7.07,0.00,0.00,3.03,0.00,0.00,0.00,30.30
21:05:22,4,61.00,0.00,6.00,0.00,0.00,4.00,0.00,0.00,0.00,29.00
21:05:22,5,60.61,0.00,8.08,0.00,0.00,2.02,0.00,0.00,0.00,29.29
21:05:22,6,58.00,0.00,7.00,0.00,0.00,4.00,0.00,0.00,0.00,31.00
21:05:22,7,57.43,0.00,6.93,0.00,0.00,2.97,0.00,0.00,0.00,32.67
21:05:22,12,60.78,0.00,6.86,0.00,0.00,2.94,0.00,0.00,0.00,29.41
21:05:22,13,61.76,0.00,6.86,0.00,0.00,2.94,0.00,0.00,0.00,28.43
21:05:22,14,60.00,0.00,6.00,0.00,0.00,4.00,0.00,0.00,0.00,30.00
21:05:22,15,60.00,0.00,6.00,0.00,0.00,2.00,0.00,0.00,0.00,32.00
21:05:23,4,61.39,0.00,6.93,0.00,0.00,1.98,0.00,0.00,0.00,29.70
21:05:23,5,61.00,0.00,7.00,0.00,0.00,3.00,0.00,0.00,0.00,29.00
21:05:23,6,59.41,0.00,8.91,0.00,0.00,2.97,0.00,0.00,0.00,28.71
21:05:23,7,58.00,0.00,6.00,0.00,0.00,3.00,0.00,0.00,0.00,33.00
21:05:23,12,61.62,0.00,7.07,0.00,0.00,3.03,0.00,0.00,0.00,28.28
21:05:23,13,63.00,0.00,6.00,0.00,0.00,2.00,0.00,0.00,0.00,29.00
21:05:23,14,61.39,0.00,6.93,0.00,0.00,2.97,0.00,0.00,0.00,28.71
21:05:23,15,58.42,0.00,6.93,0.00,0.00,2.97,0.00,0.00,0.00,31.68
21:05:24,4,59.79,0.00,7.22,0.00,0.00,2.06,0.00,0.00,0.00,30.93
21:05:24,5,62.00,0.00,6.00,0.00,0.00,4.00,0.00,0.00,0.00,28.00
21:05:24,6,59.41,0.00,7.92,0.00,0.00,2.97,0.00,0.00,0.00,29.70
21:05:24,7,58.00,0.00,7.00,0.00,0.00,3.00,0.00,0.00,0.00,32.00
21:05:24,12,60.20,0.00,6.12,0.00,0.00,3.06,0.00,0.00,0.00,30.61
21:05:24,13,60.00,0.00,7.00,0.00,0.00,4.00,0.00,0.00,0.00,29.00
21:05:24,14,59.18,0.00,7.14,0.00,0.00,3.06,0.00,0.00,0.00,30.61
21:05:24,15,59.41,0.00,7.92,0.00,0.00,0.99,0.00,0.00,0.00,31.68
21:05:25,4,62.00,0.00,6.00,0.00,0.00,3.00,0.00,0.00,0.00,29.00
21:05:25,5,60.00,0.00,7.00,0.00,0.00,4.00,0.00,0.00,0.00,29.00
21:05:25,6,60.00,0.00,7.00,0.00,0.00,2.00,0.00,0.00,0.00,31.00
21:05:25,7,58.42,0.00,6.93,0.00,0.00,2.97,0.00,0.00,0.00,31.68
21:05:25,12,61.17,0.00,6.80,0.00,0.00,2.91,0.00,0.00,0.00,29.13
21:05:25,13,63.64,0.00,6.06,0.00,0.00,1.01,0.00,0.00,0.00,29.29
21:05:25,14,62.75,0.00,6.86,0.00,0.00,1.96,0.00,0.00,0.00,28.43
21:05:25,15,60.00,0.00,6.00,0.00,0.00,2.00,0.00,0.00,0.00,32.00
21:05:26,4,64.00,0.00,5.00,0.00,0.00,3.00,0.00,0.00,0.00,28.00
21:05:26,5,62.00,0.00,9.00,0.00,0.00,2.00,0.00,0.00,0.00,27.00
21:05:26,6,59.00,0.00,8.00,0.00,0.00,4.00,0.00,0.00,0.00,29.00
21:05:26,7,59.00,0.00,8.00,0.00,0.00,1.00,0.00,0.00,0.00,32.00
21:05:26,12,61.39,0.00,7.92,0.00,0.00,2.97,0.00,0.00,0.00,27.72
21:05:26,13,60.61,0.00,9.09,0.00,0.00,3.03,0.00,0.00,0.00,27.27
21:05:26,14,60.40,0.00,7.92,0.00,0.00,3.96,0.00,0.00,0.00,27.72
21:05:26,15,60.20,0.00,8.16,0.00,0.00,2.04,0.00,0.00,0.00,29.59
21:05:27,4,59.60,0.00,7.07,0.00,0.00,3.03,0.00,0.00,0.00,30.30
21:05:27,5,60.40,0.00,6.93,0.00,0.00,3.96,0.00,0.00,0.00,28.71
21:05:27,6,58.00,0.00,8.00,0.00,0.00,3.00,0.00,0.00,0.00,31.00
21:05:27,7,56.00,0.00,7.00,0.00,0.00,4.00,0.00,0.00,0.00,33.00
21:05:27,12,61.22,0.00,6.12,0.00,0.00,3.06,0.00,0.00,0.00,29.59
21:05:27,13,60.19,0.00,8.74,0.00,0.00,2.91,0.00,0.00,0.00,28.16
21:05:27,14,62.00,0.00,6.00,0.00,0.00,2.00,0.00,0.00,0.00,30.00
21:05:27,15,55.88,0.00,8.82,0.00,0.00,3.92,0.00,0.00,0.00,31.37
21:05:28,4,57.58,0.00,9.09,0.00,0.00,3.03,0.00,0.00,0.00,30.30
21:05:28,5,62.00,0.00,6.00,0.00,0.00,3.00,0.00,0.00,0.00,29.00
21:05:28,6,61.22,0.00,6.12,0.00,0.00,2.04,0.00,0.00,0.00,30.61
21:05:28,7,59.41,0.00,5.94,0.00,0.00,2.97,0.00,0.00,0.00,31.68
21:05:28,12,61.00,0.00,7.00,0.00,0.00,3.00,0.00,0.00,0.00,29.00
21:05:28,13,61.39,0.00,6.93,0.00,0.00,2.97,0.00,0.00,0.00,28.71
21:05:28,14,59.80,0.00,6.86,0.00,0.00,3.92,0.00,0.00,0.00,29.41
21:05:28,15,58.59,0.00,6.06,0.00,0.00,4.04,0.00,0.00,0.00,31.31
21:05:29,4,60.40,0.00,6.93,0.00,0.00,1.98,0.00,0.00,0.00,30.69
21:05:29,5,62.38,0.00,6.93,0.00,0.00,1.98,0.00,0.00,0.00,28.71
21:05:29,6,59.41,0.00,7.92,0.00,0.00,1.98,0.00,0.00,0.00,30.69
21:05:29,7,58.82,0.00,7.84,0.00,0.00,1.96,0.00,0.00,0.00,31.37
21:05:29,12,61.39,0.00,6.93,0.00,0.00,2.97,0.00,0.00,0.00,28.71
21:05:29,13,63.37,0.00,5.94,0.00,0.00,2.97,0.00,0.00,0.00,27.72
21:05:29,14,61.00,0.00,6.00,0.00,0.00,3.00,0.00,0.00,0.00,30.00
21:05:29,15,57.43,0.00,8.91,0.00,0.00,1.98,0.00,0.00,0.00,31.68
21:05:30,4,58.82,0.00,7.84,0.00,0.00,3.92,0.00,0.00,0.00,29.41
21:05:30,5,60.40,0.00,7.92,0.00,0.00,2.97,0.00,0.00,0.00,28.71
21:05:30,6,59.41,0.00,5.94,0.00,0.00,3.96,0.00,0.00,0.00,30.69
21:05:30,7,56.57,0.00,7.07,0.00,0.00,3.03,0.00,0.00,0.00,33.33
21:05:30,12,63.37,0.00,5.94,0.00,0.00,1.98,0.00,0.00,0.00,28.71
21:05:30,13,60.78,0.00,8.82,0.00,0.00,2.94,0.00,0.00,0.00,27.45
21:05:30,14,62.00,0.00,6.00,0.00,0.00,2.00,0.00,0.00,0.00,30.00
21:05:30,15,58.82,0.00,6.86,0.00,0.00,2.94,0.00,0.00,0.00,31.37
21:05:31,4,62.63,0.00,7.07,0.00,0.00,2.02,0.00,0.00,0.00,28.28
21:05:31,5,62.00,0.00,8.00,0.00,0.00,3.00,0.00,0.00,0.00,27.00
21:05:31,6,61.00,0.00,8.00,0.00,0.00,3.00,0.00,0.00,0.00,28.00
21:05:31,7,57.43,0.00,7.92,0.00,0.00,2.97,0.00,0.00,0.00,31.68
21:05:31,12,62.24,0.00,7.14,0.00,0.00,3.06,0.00,0.00,0.00,27.55
21:05:31,13,62.38,0.00,7.92,0.00,0.00,2.97,0.00,0.00,0.00,26.73
21:05:31,14,64.65,0.00,6.06,0.00,0.00,3.03,0.00,0.00,0.00,26.26
21:05:31,15,60.19,0.00,6.80,0.00,0.00,3.88,0.00,0.00,0.00,29.13
21:05:32,4,61.39,0.00,6.93,0.00,0.00,2.97,0.00,0.00,0.00,28.71
21:05:32,5,57.00,0.00,10.00,0.00,0.00,4.00,0.00,0.00,0.00,29.00
21:05:32,6,58.42,0.00,7.92,0.00,0.00,2.97,0.00,0.00,0.00,30.69
21:05:32,7,58.42,0.00,6.93,0.00,0.00,2.97,0.00,0.00,0.00,31.68
21:05:32,12,62.75,0.00,6.86,0.00,0.00,2.94,0.00,0.00,0.00,27.45
21:05:32,13,60.78,0.00,7.84,0.00,0.00,2.94,0.00,0.00,0.00,28.43
21:05:32,14,61.76,0.00,5.88,0.00,0.00,2.94,0.00,0.00,0.00,29.41
21:05:32,15,59.41,0.00,6.93,0.00,0.00,1.98,0.00,0.00,0.00,31.68
21:05:33,4,60.20,0.00,7.14,0.00,0.00,3.06,0.00,0.00,0.00,29.59
21:05:33,5,59.60,0.00,7.07,0.00,0.00,2.02,0.00,0.00,0.00,31.31
21:05:33,6,62.00,0.00,6.00,0.00,0.00,2.00,0.00,0.00,0.00,30.00
21:05:33,7,58.59,0.00,6.06,0.00,0.00,3.03,0.00,0.00,0.00,32.32
21:05:33,12,59.00,0.00,9.00,0.00,0.00,2.00,0.00,0.00,0.00,30.00
21:05:33,13,60.78,0.00,7.84,0.00,0.00,2.94,0.00,0.00,0.00,28.43
21:05:33,14,60.40,0.00,7.92,0.00,0.00,2.97,0.00,0.00,0.00,28.71
21:05:33,15,58.00,0.00,7.00,0.00,0.00,3.00,0.00,0.00,0.00,32.00
21:05:34,4,60.20,0.00,6.12,0.00,0.00,3.06,0.00,0.00,0.00,30.61
21:05:34,5,60.61,0.00,7.07,0.00,0.00,3.03,0.00,0.00,0.00,29.29
21:05:34,6,59.00,0.00,7.00,0.00,0.00,3.00,0.00,0.00,0.00,31.00
21:05:34,7,59.60,0.00,6.06,0.00,0.00,2.02,0.00,0.00,0.00,32.32
21:05:34,12,59.60,0.00,8.08,0.00,0.00,3.03,0.00,0.00,0.00,29.29
21:05:34,13,60.00,0.00,8.00,0.00,0.00,3.00,0.00,0.00,0.00,29.00
21:05:34,14,63.37,0.00,5.94,0.00,0.00,1.98,0.00,0.00,0.00,28.71
21:05:34,15,58.00,0.00,8.00,0.00,0.00,3.00,0.00,0.00,0.00,31.00
21:05:35,4,59.60,0.00,7.07,0.00,0.00,3.03,0.00,0.00,0.00,30.30
21:05:35,5,60.00,0.00,8.00,0.00,0.00,3.00,0.00,0.00,0.00,29.00
21:05:35,6,59.80,0.00,6.86,0.00,0.00,3.92,0.00,0.00,0.00,29.41
21:05:35,7,58.00,0.00,6.00,0.00,0.00,3.00,0.00,0.00,0.00,33.00
21:05:35,12,62.63,0.00,6.06,0.00,0.00,2.02,0.00,0.00,0.00,29.29
21:05:35,13,63.00,0.00,6.00,0.00,0.00,2.00,0.00,0.00,0.00,29.00
21:05:35,14,60.40,0.00,5.94,0.00,0.00,3.96,0.00,0.00,0.00,29.70
21:05:35,15,57.14,0.00,7.14,0.00,0.00,4.08,0.00,0.00,0.00,31.63
21:05:36,4,61.39,0.00,7.92,0.00,0.00,1.98,0.00,0.00,0.00,28.71
21:05:36,5,63.00,0.00,7.00,0.00,0.00,2.00,0.00,0.00,0.00,28.00
21:05:36,6,60.40,0.00,7.92,0.00,0.00,2.97,0.00,0.00,0.00,28.71
21:05:36,7,60.19,0.00,6.80,0.00,0.00,2.91,0.00,0.00,0.00,30.10
21:05:36,12,63.73,0.00,7.84,0.00,0.00,1.96,0.00,0.00,0.00,26.47
21:05:36,13,63.37,0.00,9.90,0.00,0.00,1.98,0.00,0.00,0.00,24.75
21:05:36,14,61.17,0.00,6.80,0.00,0.00,3.88,0.00,0.00,0.00,28.16
21:05:36,15,60.00,0.00,8.00,0.00,0.00,2.00,0.00,0.00,0.00,30.00
21:05:37,4,59.60,0.00,7.07,0.00,0.00,3.03,0.00,0.00,0.00,30.30
21:05:37,5,59.60,0.00,8.08,0.00,0.00,3.03,0.00,0.00,0.00,29.29
21:05:37,6,61.76,0.00,5.88,0.00,0.00,2.94,0.00,0.00,0.00,29.41
21:05:37,7,57.58,0.00,7.07,0.00,0.00,3.03,0.00,0.00,0.00,32.32
21:05:37,12,59.80,0.00,6.86,0.00,0.00,3.92,0.00,0.00,0.00,29.41
21:05:37,13,62.38,0.00,6.93,0.00,0.00,2.97,0.00,0.00,0.00,27.72
21:05:37,14,63.27,0.00,6.12,0.00,0.00,1.02,0.00,0.00,0.00,29.59
21:05:37,15,59.22,0.00,6.80,0.00,0.00,2.91,0.00,0.00,0.00,31.07
21:05:38,4,57.58,0.00,8.08,0.00,0.00,4.04,0.00,0.00,0.00,30.30
21:05:38,5,61.00,0.00,7.00,0.00,0.00,3.00,0.00,0.00,0.00,29.00
21:05:38,6,57.73,0.00,7.22,0.00,0.00,2.06,0.00,0.00,0.00,32.99
21:05:38,7,57.73,0.00,7.22,0.00,0.00,2.06,0.00,0.00,0.00,32.99
21:05:38,12,61.22,0.00,6.12,0.00,0.00,2.04,0.00,0.00,0.00,30.61
21:05:38,13,62.00,0.00,7.00,0.00,0.00,2.00,0.00,0.00,0.00,29.00
21:05:38,14,59.18,0.00,6.12,0.00,0.00,5.10,0.00,0.00,0.00,29.59
21:05:38,15,59.18,0.00,6.12,0.00,0.00,3.06,0.00,0.00,0.00,31.63
21:05:39,4,60.61,0.00,8.08,0.00,0.00,2.02,0.00,0.00,0.00,29.29
21:05:39,5,59.18,0.00,7.14,0.00,0.00,3.06,0.00,0.00,0.00,30.61
21:05:39,6,58.42,0.00,9.90,0.00,0.00,2.97,0.00,0.00,0.00,28.71
21:05:39,7,58.42,0.00,5.94,0.00,0.00,2.97,0.00,0.00,0.00,32.67
21:05:39,12,58.42,0.00,8.91,0.00,0.00,2.97,0.00,0.00,0.00,29.70
21:05:39,13,60.40,0.00,6.93,0.00,0.00,2.97,0.00,0.00,0.00,29.70
21:05:39,14,60.00,0.00,7.00,0.00,0.00,3.00,0.00,0.00,0.00,30.00
21:05:39,15,59.41,0.00,5.94,0.00,0.00,3.96,0.00,0.00,0.00,30.69
21:05:40,4,58.59,0.00,9.09,0.00,0.00,3.03,0.00,0.00,0.00,29.29
21:05:40,5,61.00,0.00,7.00,0.00,0.00,3.00,0.00,0.00,0.00,29.00
21:05:40,6,59.41,0.00,7.92,0.00,0.00,1.98,0.00,0.00,0.00,30.69
21:05:40,7,58.82,0.00,7.84,0.00,0.00,2.94,0.00,0.00,0.00,30.39
21:05:40,12,60.61,0.00,7.07,0.00,0.00,3.03,0.00,0.00,0.00,29.29
21:05:40,13,59.41,0.00,8.91,0.00,0.00,2.97,0.00,0.00,0.00,28.71
21:05:40,14,60.00,0.00,8.00,0.00,0.00,2.00,0.00,0.00,0.00,30.00
21:05:40,15,58.42,0.00,7.92,0.00,0.00,2.97,0.00,0.00,0.00,30.69
21:05:41,4,61.00,0.00,8.00,0.00,0.00,3.00,0.00,0.00,0.00,28.00
21:05:41,5,62.38,0.00,7.92,0.00,0.00,2.97,0.00,0.00,0.00,26.73
21:05:41,6,60.00,0.00,7.00,0.00,0.00,4.00,0.00,0.00,0.00,29.00
21:05:41,7,58.16,0.00,8.16,0.00,0.00,2.04,0.00,0.00,0.00,31.63
21:05:41,12,60.20,0.00,9.18,0.00,0.00,3.06,0.00,0.00,0.00,27.55
21:05:41,13,62.38,0.00,8.91,0.00,0.00,2.97,0.00,0.00,0.00,25.74
21:05:41,14,62.00,0.00,7.00,0.00,0.00,3.00,0.00,0.00,0.00,28.00
21:05:41,15,60.40,0.00,6.93,0.00,0.00,2.97,0.00,0.00,0.00,29.70
21:05:42,4,61.62,0.00,7.07,0.00,0.00,2.02,0.00,0.00,0.00,29.29
21:05:42,5,60.20,0.00,7.14,0.00,0.00,2.04,0.00,0.00,0.00,30.61
21:05:42,6,61.76,0.00,6.86,0.00,0.00,1.96,0.00,0.00,0.00,29.41
21:05:42,7,60.00,0.00,5.00,0.00,0.00,2.00,0.00,0.00,0.00,33.00
21:05:42,12,59.41,0.00,7.92,0.00,0.00,3.96,0.00,0.00,0.00,28.71
21:05:42,13,61.00,0.00,7.00,0.00,0.00,3.00,0.00,0.00,0.00,29.00
21:05:42,14,59.41,0.00,7.92,0.00,0.00,2.97,0.00,0.00,0.00,29.70
21:05:42,15,58.59,0.00,7.07,0.00,0.00,2.02,0.00,0.00,0.00,32.32
21:05:43,4,61.62,0.00,5.05,0.00,0.00,3.03,0.00,0.00,0.00,30.30
21:05:43,5,60.19,0.00,7.77,0.00,0.00,2.91,0.00,0.00,0.00,29.13
21:05:43,6,60.00,0.00,5.00,0.00,0.00,4.00,0.00,0.00,0.00,31.00
21:05:43,7,56.12,0.00,7.14,0.00,0.00,3.06,0.00,0.00,0.00,33.67
21:05:43,12,61.62,0.00,7.07,0.00,0.00,3.03,0.00,0.00,0.00,28.28
21:05:43,13,60.42,0.00,7.29,0.00,0.00,2.08,0.00,0.00,0.00,30.21
21:05:43,14,62.24,0.00,6.12,0.00,0.00,2.04,0.00,0.00,0.00,29.59
21:05:43,15,57.58,0.00,8.08,0.00,0.00,3.03,0.00,0.00,0.00,31.31
21:05:44,4,59.00,0.00,8.00,0.00,0.00,3.00,0.00,0.00,0.00,30.00
21:05:44,5,60.20,0.00,8.16,0.00,0.00,2.04,0.00,0.00,0.00,29.59
21:05:44,6,59.60,0.00,6.06,0.00,0.00,3.03,0.00,0.00,0.00,31.31
21:05:44,7,57.43,0.00,7.92,0.00,0.00,1.98,0.00,0.00,0.00,32.67
21:05:44,12,60.61,0.00,7.07,0.00,0.00,3.03,0.00,0.00,0.00,29.29
21:05:44,13,62.63,0.00,6.06,0.00,0.00,3.03,0.00,0.00,0.00,28.28
21:05:44,14,59.41,0.00,7.92,0.00,0.00,2.97,0.00,0.00,0.00,29.70
21:05:44,15,61.62,0.00,5.05,0.00,0.00,2.02,0.00,0.00,0.00,31.31
21:05:45,4,59.18,0.00,7.14,0.00,0.00,2.04,0.00,0.00,0.00,31.63
21:05:45,5,59.80,0.00,7.84,0.00,0.00,3.92,0.00,0.00,0.00,28.43
21:05:45,6,59.41,0.00,6.93,0.00,0.00,2.97,0.00,0.00,0.00,30.69
21:05:45,7,57.58,0.00,6.06,0.00,0.00,3.03,0.00,0.00,0.00,33.33
21:05:45,12,60.00,0.00,7.00,0.00,0.00,3.00,0.00,0.00,0.00,30.00
21:05:45,13,61.39,0.00,6.93,0.00,0.00,2.97,0.00,0.00,0.00,28.71
21:05:45,14,61.22,0.00,5.10,0.00,0.00,4.08,0.00,0.00,0.00,29.59
21:05:45,15,56.44,0.00,7.92,0.00,0.00,2.97,0.00,0.00,0.00,32.67
21:05:46,4,60.61,0.00,7.07,0.00,0.00,4.04,0.00,0.00,0.00,28.28
21:05:46,5,61.00,0.00,10.00,0.00,0.00,3.00,0.00,0.00,0.00,26.00
21:05:46,6,61.39,0.00,6.93,0.00,0.00,2.97,0.00,0.00,0.00,28.71
21:05:46,7,60.00,0.00,8.00,0.00,0.00,2.00,0.00,0.00,0.00,30.00
21:05:46,12,61.76,0.00,6.86,0.00,0.00,2.94,0.00,0.00,0.00,28.43
21:05:46,13,63.37,0.00,7.92,0.00,0.00,2.97,0.00,0.00,0.00,25.74
21:05:46,14,60.40,0.00,8.91,0.00,0.00,2.97,0.00,0.00,0.00,27.72
21:05:46,15,59.00,0.00,7.00,0.00,0.00,4.00,0.00,0.00,0.00,30.00
21:05:47,4,60.00,0.00,7.00,0.00,0.00,3.00,0.00,0.00,0.00,30.00
21:05:47,5,63.00,0.00,7.00,0.00,0.00,3.00,0.00,0.00,0.00,27.00
21:05:47,6,62.38,0.00,5.94,0.00,0.00,1.98,0.00,0.00,0.00,29.70
21:05:47,7,59.80,0.00,5.88,0.00,0.00,2.94,0.00,0.00,0.00,31.37
21:05:47,12,61.39,0.00,6.93,0.00,0.00,2.97,0.00,0.00,0.00,28.71
21:05:47,13,62.38,0.00,6.93,0.00,0.00,1.98,0.00,0.00,0.00,28.71
21:05:47,14,61.62,0.00,6.06,0.00,0.00,2.02,0.00,0.00,0.00,30.30
21:05:47,15,59.00,0.00,6.00,0.00,0.00,3.00,0.00,0.00,0.00,32.00
21:05:48,4,61.00,0.00,6.00,0.00,0.00,3.00,0.00,0.00,0.00,30.00
21:05:48,5,59.41,0.00,7.92,0.00,0.00,2.97,0.00,0.00,0.00,29.70
21:05:48,6,61.00,0.00,7.00,0.00,0.00,2.00,0.00,0.00,0.00,30.00
21:05:48,7,60.00,0.00,5.00,0.00,0.00,3.00,0.00,0.00,0.00,32.00
21:05:48,12,62.00,0.00,7.00,0.00,0.00,3.00,0.00,0.00,0.00,28.00
21:05:48,13,62.38,0.00,4.95,0.00,0.00,3.96,0.00,0.00,0.00,28.71
21:05:48,14,59.80,0.00,6.86,0.00,0.00,3.92,0.00,0.00,0.00,29.41
21:05:48,15,58.00,0.00,8.00,0.00,0.00,3.00,0.00,0.00,0.00,31.00
21:05:49,4,62.14,0.00,5.83,0.00,0.00,3.88,0.00,0.00,0.00,28.16
21:05:49,5,61.00,0.00,7.00,0.00,0.00,3.00,0.00,0.00,0.00,29.00
21:05:49,6,57.43,0.00,7.92,0.00,0.00,3.96,0.00,0.00,0.00,30.69
21:05:49,7,58.00,0.00,8.00,0.00,0.00,2.00,0.00,0.00,0.00,32.00
21:05:49,12,61.39,0.00,6.93,0.00,0.00,2.97,0.00,0.00,0.00,28.71
21:05:49,13,60.40,0.00,7.92,0.00,0.00,2.97,0.00,0.00,0.00,28.71
21:05:49,14,60.00,0.00,7.00,0.00,0.00,3.00,0.00,0.00,0.00,30.00
21:05:49,15,58.42,0.00,6.93,0.00,0.00,2.97,0.00,0.00,0.00,31.68
21:05:50,4,61.00,0.00,7.00,0.00,0.00,2.00,0.00,0.00,0.00,30.00
21:05:50,5,61.00,0.00,8.00,0.00,0.00,3.00,0.00,0.00,0.00,28.00
21:05:50,6,59.60,0.00,8.08,0.00,0.00,1.01,0.00,0.00,0.00,31.31
21:05:50,7,56.57,0.00,7.07,0.00,0.00,3.03,0.00,0.00,0.00,33.33
21:05:50,12,61.00,0.00,7.00,0.00,0.00,2.00,0.00,0.00,0.00,30.00
21:05:50,13,62.38,0.00,5.94,0.00,0.00,2.97,0.00,0.00,0.00,28.71
21:05:50,14,61.39,0.00,7.92,0.00,0.00,2.97,0.00,0.00,0.00,27.72
21:05:50,15,58.59,0.00,7.07,0.00,0.00,2.02,0.00,0.00,0.00,32.32
21:05:51,4,61.76,0.00,7.84,0.00,0.00,2.94,0.00,0.00,0.00,27.45
21:05:51,5,61.76,0.00,7.84,0.00,0.00,2.94,0.00,0.00,0.00,27.45
21:05:51,6,59.00,0.00,7.00,0.00,0.00,4.00,0.00,0.00,0.00,30.00
21:05:51,7,58.59,0.00,6.06,0.00,0.00,3.03,0.00,0.00,0.00,32.32
21:05:51,12,61.76,0.00,7.84,0.00,0.00,2.94,0.00,0.00,0.00,27.45
21:05:51,13,62.38,0.00,5.94,0.00,0.00,2.97,0.00,0.00,0.00,28.71
21:05:51,14,60.61,0.00,7.07,0.00,0.00,3.03,0.00,0.00,0.00,29.29
21:05:51,15,59.60,0.00,7.07,0.00,0.00,2.02,0.00,0.00,0.00,31.31
21:05:52,4,63.37,0.00,6.93,0.00,0.00,1.98,0.00,0.00,0.00,27.72
21:05:52,5,58.76,0.00,10.31,0.00,0.00,2.06,0.00,0.00,0.00,28.87
21:05:52,6,60.00,0.00,8.00,0.00,0.00,3.00,0.00,0.00,0.00,29.00
21:05:52,7,59.41,0.00,7.92,0.00,0.00,1.98,0.00,0.00,0.00,30.69
21:05:52,12,62.00,0.00,8.00,0.00,0.00,2.00,0.00,0.00,0.00,28.00
21:05:52,13,59.60,0.00,9.09,0.00,0.00,4.04,0.00,0.00,0.00,27.27
21:05:52,14,61.62,0.00,6.06,0.00,0.00,3.03,0.00,0.00,0.00,29.29
21:05:52,15,58.00,0.00,7.00,0.00,0.00,4.00,0.00,0.00,0.00,31.00
21:05:53,4,59.80,0.00,6.86,0.00,0.00,2.94,0.00,0.00,0.00,30.39
21:05:53,5,62.38,0.00,6.93,0.00,0.00,1.98,0.00,0.00,0.00,28.71
21:05:53,6,58.25,0.00,9.71,0.00,0.00,2.91,0.00,0.00,0.00,29.13
21:05:53,7,59.41,0.00,6.93,0.00,0.00,1.98,0.00,0.00,0.00,31.68
21:05:53,12,60.40,0.00,6.93,0.00,0.00,2.97,0.00,0.00,0.00,29.70
21:05:53,13,60.61,0.00,7.07,0.00,0.00,2.02,0.00,0.00,0.00,30.30
21:05:53,14,61.39,0.00,6.93,0.00,0.00,1.98,0.00,0.00,0.00,29.70
21:05:53,15,59.00,0.00,7.00,0.00,0.00,2.00,0.00,0.00,0.00,32.00
21:05:54,4,60.82,0.00,5.15,0.00,0.00,3.09,0.00,0.00,0.00,30.93
21:05:54,5,60.61,0.00,7.07,0.00,0.00,3.03,0.00,0.00,0.00,29.29
21:05:54,6,59.18,0.00,6.12,0.00,0.00,2.04,0.00,0.00,0.00,32.65
21:05:54,7,57.14,0.00,6.12,0.00,0.00,2.04,0.00,0.00,0.00,34.69
21:05:54,12,61.62,0.00,6.06,0.00,0.00,3.03,0.00,0.00,0.00,29.29
21:05:54,13,62.38,0.00,5.94,0.00,0.00,2.97,0.00,0.00,0.00,28.71
21:05:54,14,61.62,0.00,6.06,0.00,0.00,3.03,0.00,0.00,0.00,29.29
21:05:54,15,57.43,0.00,7.92,0.00,0.00,2.97,0.00,0.00,0.00,31.68
21:05:55,4,61.00,0.00,6.00,0.00,0.00,4.00,0.00,0.00,0.00,29.00
21:05:55,5,61.62,0.00,6.06,0.00,0.00,3.03,0.00,0.00,0.00,29.29
21:05:55,6,60.61,0.00,6.06,0.00,0.00,3.03,0.00,0.00,0.00,30.30
21:05:55,7,58.42,0.00,6.93,0.00,0.00,2.97,0.00,0.00,0.00,31.68
21:05:55,12,60.40,0.00,6.93,0.00,0.00,2.97,0.00,0.00,0.00,29.70
21:05:55,13,63.64,0.00,5.05,0.00,0.00,3.03,0.00,0.00,0.00,28.28
21:05:55,14,60.00,0.00,8.00,0.00,0.00,3.00,0.00,0.00,0.00,29.00
21:05:55,15,58.25,0.00,7.77,0.00,0.00,2.91,0.00,0.00,0.00,31.07
21:05:56,4,57.58,0.00,10.10,0.00,0.00,3.03,0.00,0.00,0.00,29.29
21:05:56,5,61.00,0.00,7.00,0.00,0.00,2.00,0.00,0.00,0.00,30.00
21:05:56,6,58.59,0.00,7.07,0.00,0.00,2.02,0.00,0.00,0.00,32.32
21:05:56,7,59.00,0.00,5.00,0.00,0.00,3.00,0.00,0.00,0.00,33.00
21:05:56,12,60.00,0.00,8.00,0.00,0.00,4.00,0.00,0.00,0.00,28.00
21:05:56,13,60.00,0.00,8.00,0.00,0.00,3.00,0.00,0.00,0.00,29.00
21:05:56,14,59.60,0.00,7.07,0.00,0.00,3.03,0.00,0.00,0.00,30.30
21:05:56,15,59.79,0.00,5.15,0.00,0.00,3.09,0.00,0.00,0.00,31.96
21:05:57,4,60.61,0.00,7.07,0.00,0.00,3.03,0.00,0.00,0.00,29.29
21:05:57,5,62.38,0.00,7.92,0.00,0.00,2.97,0.00,0.00,0.00,26.73
21:05:57,6,61.76,0.00,6.86,0.00,0.00,2.94,0.00,0.00,0.00,28.43
21:05:57,7,59.41,0.00,6.93,0.00,0.00,2.97,0.00,0.00,0.00,30.69
21:05:57,12,60.00,0.00,10.00,0.00,0.00,2.00,0.00,0.00,0.00,28.00
21:05:57,13,62.00,0.00,7.00,0.00,0.00,5.00,0.00,0.00,0.00,26.00
21:05:57,14,62.38,0.00,6.93,0.00,0.00,1.98,0.00,0.00,0.00,28.71
21:05:57,15,60.40,0.00,6.93,0.00,0.00,2.97,0.00,0.00,0.00,29.70
21:05:58,4,61.76,0.00,5.88,0.00,0.00,2.94,0.00,0.00,0.00,29.41
21:05:58,5,60.40,0.00,6.93,0.00,0.00,2.97,0.00,0.00,0.00,29.70
21:05:58,6,60.40,0.00,5.94,0.00,0.00,2.97,0.00,0.00,0.00,30.69
21:05:58,7,58.82,0.00,5.88,0.00,0.00,3.92,0.00,0.00,0.00,31.37
21:05:58,12,63.00,0.00,6.00,0.00,0.00,2.00,0.00,0.00,0.00,29.00
21:05:58,13,62.38,0.00,6.93,0.00,0.00,1.98,0.00,0.00,0.00,28.71
21:05:58,14,60.40,0.00,6.93,0.00,0.00,2.97,0.00,0.00,0.00,29.70
21:05:58,15,59.22,0.00,7.77,0.00,0.00,1.94,0.00,0.00,0.00,31.07
21:05:59,4,60.00,0.00,7.00,0.00,0.00,3.00,0.00,0.00,0.00,30.00
21:05:59,5,60.61,0.00,7.07,0.00,0.00,3.03,0.00,0.00,0.00,29.29
21:05:59,6,61.39,0.00,7.92,0.00,0.00,1.98,0.00,0.00,0.00,28.71
21:05:59,7,59.41,0.00,5.94,0.00,0.00,2.97,0.00,0.00,0.00,31.68
21:05:59,12,61.00,0.00,7.00,0.00,0.00,2.00,0.00,0.00,0.00,30.00
21:05:59,13,61.22,0.00,6.12,0.00,0.00,3.06,0.00,0.00,0.00,29.59
21:05:59,14,61.76,0.00,6.86,0.00,0.00,2.94,0.00,0.00,0.00,28.43
21:05:59,15,57.43,0.00,7.92,0.00,0.00,3.96,0.00,0.00,0.00,30.69
21:06:00,4,62.00,0.00,6.00,0.00,0.00,2.00,0.00,0.00,0.00,30.00
21:06:00,5,61.00,0.00,8.00,0.00,0.00,2.00,0.00,0.00,0.00,29.00
21:06:00,6,59.41,0.00,6.93,0.00,0.00,2.97,0.00,0.00,0.00,30.69
21:06:00,7,60.40,0.00,4.95,0.00,0.00,2.97,0.00,0.00,0.00,31.68
21:06:00,12,61.39,0.00,7.92,0.00,0.00,2.97,0.00,0.00,0.00,27.72
21:06:00,13,60.00,0.00,8.00,0.00,0.00,3.00,0.00,0.00,0.00,29.00
21:06:00,14,58.42,0.00,6.93,0.00,0.00,2.97,0.00,0.00,0.00,31.68
21:06:00,15,58.42,0.00,6.93,0.00,0.00,2.97,0.00,0.00,0.00,31.68
21:06:01,4,59.00,0.00,8.00,0.00,0.00,4.00,0.00,0.00,0.00,29.00
21:06:01,5,59.22,0.00,8.74,0.00,0.00,3.88,0.00,0.00,0.00,28.16
21:06:01,6,59.80,0.00,7.84,0.00,0.00,2.94,0.00,0.00,0.00,29.41
21:06:01,7,57.43,0.00,7.92,0.00,0.00,2.97,0.00,0.00,0.00,31.68
21:06:01,12,59.41,0.00,6.93,0.00,0.00,2.97,0.00,0.00,0.00,30.69
21:06:01,13,62.38,0.00,5.94,0.00,0.00,2.97,0.00,0.00,0.00,28.71
21:06:01,14,60.61,0.00,6.06,0.00,0.00,3.03,0.00,0.00,0.00,30.30
21:06:01,15,59.41,0.00,7.92,0.00,0.00,1.98,0.00,0.00,0.00,30.69
21:06:02,4,62.63,0.00,8.08,0.00,0.00,2.02,0.00,0.00,0.00,27.27
21:06:02,5,60.20,0.00,9.18,0.00,0.00,3.06,0.00,0.00,0.00,27.55
21:06:02,6,60.61,0.00,7.07,0.00,0.00,3.03,0.00,0.00,0.00,29.29
21:06:02,7,61.39,0.00,7.92,0.00,0.00,0.99,0.00,0.00,0.00,29.70
21:06:02,12,60.61,0.00,8.08,0.00,0.00,4.04,0.00,0.00,0.00,27.27
21:06:02,13,61.62,0.00,8.08,0.00,0.00,3.03,0.00,0.00,0.00,27.27
21:06:02,14,60.61,0.00,7.07,0.00,0.00,3.03,0.00,0.00,0.00,29.29
21:06:02,15,60.40,0.00,6.93,0.00,0.00,1.98,0.00,0.00,0.00,30.69
21:06:03,4,58.00,0.00,8.00,0.00,0.00,3.00,0.00,0.00,0.00,31.00
21:06:03,5,61.00,0.00,7.00,0.00,0.00,3.00,0.00,0.00,0.00,29.00
21:06:03,6,57.14,0.00,9.18,0.00,0.00,3.06,0.00,0.00,0.00,30.61
21:06:03,7,56.00,0.00,7.00,0.00,0.00,4.00,0.00,0.00,0.00,33.00
21:06:03,12,61.76,0.00,6.86,0.00,0.00,2.94,0.00,0.00,0.00,28.43
21:06:03,13,60.20,0.00,9.18,0.00,0.00,2.04,0.00,0.00,0.00,28.57
21:06:03,14,59.00,0.00,7.00,0.00,0.00,4.00,0.00,0.00,0.00,30.00
21:06:03,15,58.59,0.00,7.07,0.00,0.00,3.03,0.00,0.00,0.00,31.31
21:06:04,4,63.00,0.00,6.00,0.00,0.00,3.00,0.00,0.00,0.00,28.00
21:06:04,5,60.40,0.00,6.93,0.00,0.00,2.97,0.00,0.00,0.00,29.70
21:06:04,6,59.00,0.00,8.00,0.00,0.00,2.00,0.00,0.00,0.00,31.00
21:06:04,7,59.80,0.00,5.88,0.00,0.00,2.94,0.00,0.00,0.00,31.37
21:06:04,12,61.39,0.00,6.93,0.00,0.00,2.97,0.00,0.00,0.00,28.71
21:06:04,13,60.78,0.00,6.86,0.00,0.00,2.94,0.00,0.00,0.00,29.41
21:06:04,14,60.40,0.00,7.92,0.00,0.00,2.97,0.00,0.00,0.00,28.71
21:06:04,15,59.60,0.00,6.06,0.00,0.00,2.02,0.00,0.00,0.00,32.32
21:06:05,4,59.80,0.00,6.86,0.00,0.00,2.94,0.00,0.00,0.00,30.39
21:06:05,5,59.60,0.00,8.08,0.00,0.00,3.03,0.00,0.00,0.00,29.29
21:06:05,6,61.00,0.00,5.00,0.00,0.00,4.00,0.00,0.00,0.00,30.00
21:06:05,7,59.00,0.00,5.00,0.00,0.00,3.00,0.00,0.00,0.00,33.00
21:06:05,12,59.80,0.00,7.84,0.00,0.00,2.94,0.00,0.00,0.00,29.41
21:06:05,13,61.76,0.00,7.84,0.00,0.00,2.94,0.00,0.00,0.00,27.45
21:06:05,14,60.40,0.00,6.93,0.00,0.00,2.97,0.00,0.00,0.00,29.70
21:06:05,15,58.82,0.00,7.84,0.00,0.00,1.96,0.00,0.00,0.00,31.37
21:06:06,4,60.00,0.00,9.00,0.00,0.00,2.00,0.00,0.00,0.00,29.00
21:06:06,5,59.80,0.00,7.84,0.00,0.00,3.92,0.00,0.00,0.00,28.43
21:06:06,6,59.00,0.00,8.00,0.00,0.00,2.00,0.00,0.00,0.00,31.00
21:06:06,7,56.86,0.00,6.86,0.00,0.00,2.94,0.00,0.00,0.00,33.33
21:06:06,12,62.00,0.00,6.00,0.00,0.00,3.00,0.00,0.00,0.00,29.00
21:06:06,13,61.39,0.00,6.93,0.00,0.00,2.97,0.00,0.00,0.00,28.71
21:06:06,14,58.00,0.00,8.00,0.00,0.00,4.00,0.00,0.00,0.00,30.00
21:06:06,15,59.80,0.00,5.88,0.00,0.00,2.94,0.00,0.00,0.00,31.37
21:06:07,4,61.39,0.00,6.93,0.00,0.00,2.97,0.00,0.00,0.00,28.71
21:06:07,5,63.64,0.00,7.07,0.00,0.00,2.02,0.00,0.00,0.00,27.27
21:06:07,6,59.80,0.00,7.84,0.00,0.00,3.92,0.00,0.00,0.00,28.43
21:06:07,7,59.60,0.00,7.07,0.00,0.00,2.02,0.00,0.00,0.00,31.31
21:06:07,12,61.00,0.00,7.00,0.00,0.00,3.00,0.00,0.00,0.00,29.00
21:06:07,13,61.39,0.00,8.91,0.00,0.00,2.97,0.00,0.00,0.00,26.73
21:06:07,14,62.14,0.00,7.77,0.00,0.00,2.91,0.00,0.00,0.00,27.18
21:06:07,15,62.63,0.00,5.05,0.00,0.00,3.03,0.00,0.00,0.00,29.29
21:06:08,4,59.18,0.00,8.16,0.00,0.00,3.06,0.00,0.00,0.00,29.59
21:06:08,5,60.00,0.00,7.00,0.00,0.00,3.00,0.00,0.00,0.00,30.00
21:06:08,6,60.00,0.00,8.00,0.00,0.00,2.00,0.00,0.00,0.00,30.00
21:06:08,7,58.00,0.00,8.00,0.00,0.00,2.00,0.00,0.00,0.00,32.00
21:06:08,12,61.62,0.00,6.06,0.00,0.00,3.03,0.00,0.00,0.00,29.29
21:06:08,13,61.39,0.00,7.92,0.00,0.00,1.98,0.00,0.00,0.00,28.71
21:06:08,14,61.39,0.00,7.92,0.00,0.00,1.98,0.00,0.00,0.00,28.71
21:06:08,15,59.60,0.00,6.06,0.00,0.00,2.02,0.00,0.00,0.00,32.32
21:06:09,4,60.40,0.00,7.92,0.00,0.00,1.98,0.00,0.00,0.00,29.70
21:06:09,5,61.22,0.00,7.14,0.00,0.00,2.04,0.00,0.00,0.00,29.59
21:06:09,6,59.41,0.00,7.92,0.00,0.00,2.97,0.00,0.00,0.00,29.70
21:06:09,7,57.00,0.00,7.00,0.00,0.00,2.00,0.00,0.00,0.00,34.00
21:06:09,12,59.41,0.00,6.93,0.00,0.00,3.96,0.00,0.00,0.00,29.70
21:06:09,13,62.00,0.00,6.00,0.00,0.00,4.00,0.00,0.00,0.00,28.00
21:06:09,14,59.41,0.00,7.92,0.00,0.00,2.97,0.00,0.00,0.00,29.70
21:06:09,15,58.42,0.00,4.95,0.00,0.00,3.96,0.00,0.00,0.00,32.67
21:06:10,4,60.20,0.00,8.16,0.00,0.00,3.06,0.00,0.00,0.00,28.57
21:06:10,5,60.00,0.00,6.00,0.00,0.00,3.00,0.00,0.00,0.00,31.00
21:06:10,6,60.20,0.00,6.12,0.00,0.00,3.06,0.00,0.00,0.00,30.61
21:06:10,7,57.00,0.00,7.00,0.00,0.00,3.00,0.00,0.00,0.00,33.00
21:06:10,12,61.00,0.00,8.00,0.00,0.00,2.00,0.00,0.00,0.00,29.00
21:06:10,13,59.18,0.00,8.16,0.00,0.00,3.06,0.00,0.00,0.00,29.59
21:06:10,14,60.82,0.00,6.19,0.00,0.00,2.06,0.00,0.00,0.00,30.93
21:06:10,15,57.43,0.00,7.92,0.00,0.00,3.96,0.00,0.00,0.00,30.69
21:06:11,4,60.19,0.00,7.77,0.00,0.00,1.94,0.00,0.00,0.00,30.10
21:06:11,5,62.38,0.00,6.93,0.00,0.00,2.97,0.00,0.00,0.00,27.72
21:06:11,6,60.61,0.00,7.07,0.00,0.00,2.02,0.00,0.00,0.00,30.30
21:06:11,7,59.80,0.00,5.88,0.00,0.00,2.94,0.00,0.00,0.00,31.37
21:06:11,12,63.00,0.00,7.00,0.00,0.00,2.00,0.00,0.00,0.00,28.00
21:06:11,13,64.08,0.00,5.83,0.00,0.00,1.94,0.00,0.00,0.00,28.16
21:06:11,14,61.76,0.00,5.88,0.00,0.00,3.92,0.00,0.00,0.00,28.43
21:06:11,15,60.61,0.00,7.07,0.00,0.00,1.01,0.00,0.00,0.00,31.31
21:06:12,4,60.61,0.00,8.08,0.00,0.00,3.03,0.00,0.00,0.00,28.28
21:06:12,5,61.00,0.00,8.00,0.00,0.00,4.00,0.00,0.00,0.00,27.00
21:06:12,6,61.54,0.00,6.73,0.00,0.00,2.88,0.00,0.00,0.00,28.85
21:06:12,7,61.00,0.00,6.00,0.00,0.00,2.00,0.00,0.00,0.00,31.00
21:06:12,12,64.65,0.00,6.06,0.00,0.00,2.02,0.00,0.00,0.00,27.27
21:06:12,13,62.63,0.00,8.08,0.00,0.00,3.03,0.00,0.00,0.00,26.26
21:06:12,14,60.40,0.00,7.92,0.00,0.00,3.96,0.00,0.00,0.00,27.72
21:06:12,15,58.82,0.00,6.86,0.00,0.00,3.92,0.00,0.00,0.00,30.39
21:06:13,4,59.80,0.00,8.82,0.00,0.00,2.94,0.00,0.00,0.00,28.43
21:06:13,5,60.40,0.00,6.93,0.00,0.00,1.98,0.00,0.00,0.00,30.69
21:06:13,6,58.00,0.00,9.00,0.00,0.00,3.00,0.00,0.00,0.00,30.00
21:06:13,7,55.88,0.00,7.84,0.00,0.00,2.94,0.00,0.00,0.00,33.33
21:06:13,12,61.62,0.00,6.06,0.00,0.00,3.03,0.00,0.00,0.00,29.29
21:06:13,13,60.00,0.00,7.00,0.00,0.00,3.00,0.00,0.00,0.00,30.00
21:06:13,14,60.40,0.00,6.93,0.00,0.00,2.97,0.00,0.00,0.00,29.70
21:06:13,15,58.00,0.00,7.00,0.00,0.00,3.00,0.00,0.00,0.00,32.00
21:06:14,4,59.60,0.00,7.07,0.00,0.00,3.03,0.00,0.00,0.00,30.30
21:06:14,5,60.61,0.00,8.08,0.00,0.00,2.02,0.00,0.00,0.00,29.29
21:06:14,6,59.41,0.00,6.93,0.00,0.00,2.97,0.00,0.00,0.00,30.69
21:06:14,7,59.60,0.00,6.06,0.00,0.00,2.02,0.00,0.00,0.00,32.32
21:06:14,12,59.41,0.00,8.91,0.00,0.00,2.97,0.00,0.00,0.00,28.71
21:06:14,13,61.00,0.00,7.00,0.00,0.00,4.00,0.00,0.00,0.00,28.00
21:06:14,14,60.61,0.00,7.07,0.00,0.00,2.02,0.00,0.00,0.00,30.30
21:06:14,15,57.58,0.00,8.08,0.00,0.00,2.02,0.00,0.00,0.00,32.32
21:06:15,4,61.76,0.00,7.84,0.00,0.00,0.98,0.00,0.00,0.00,29.41
21:06:15,5,60.40,0.00,5.94,0.00,0.00,3.96,0.00,0.00,0.00,29.70
21:06:15,6,62.14,0.00,6.80,0.00,0.00,1.94,0.00,0.00,0.00,29.13
21:06:15,7,60.00,0.00,5.00,0.00,0.00,2.00,0.00,0.00,0.00,33.00
21:06:15,12,62.00,0.00,7.00,0.00,0.00,2.00,0.00,0.00,0.00,29.00
21:06:15,13,60.40,0.00,6.93,0.00,0.00,2.97,0.00,0.00,0.00,29.70
21:06:15,14,59.22,0.00,7.77,0.00,0.00,2.91,0.00,0.00,0.00,30.10
21:06:15,15,62.00,0.00,4.00,0.00,0.00,3.00,0.00,0.00,0.00,31.00
21:06:16,4,6.00,0.00,0.00,0.00,0.00,1.00,0.00,0.00,0.00,93.00
21:06:16,5,7.00,0.00,1.00,0.00,0.00,0.00,0.00,0.00,0.00,92.00
21:06:16,6,5.94,0.00,0.99,0.00,0.00,0.99,0.00,0.00,0.00,92.08
21:06:16,7,6.06,0.00,0.00,0.00,0.00,0.00,0.00,0.00,0.00,93.94
21:06:16,12,6.00,0.00,1.00,0.00,0.00,1.00,0.00,0.00,0.00,92.00
21:06:16,13,7.07,0.00,1.01,0.00,0.00,0.00,0.00,0.00,0.00,91.92
21:06:16,14,7.92,0.00,1.98,0.00,0.00,0.99,0.00,0.00,0.00,89.11
21:06:16,15,6.06,0.00,1.01,0.00,0.00,0.00,0.00,0.00,0.00,92.93
