05:05:14,CPU,%usr,%nice,%sys,%iowait,%irq,%soft,%steal,%guest,%gnice,%idle
05:05:15,4,17.82,0.00,10.89,0.00,0.00,1.98,0.00,0.00,0.00,69.31
05:05:15,5,29.41,0.00,10.78,0.00,0.00,2.94,0.00,0.00,0.00,56.86
05:05:15,6,16.16,0.00,9.09,0.00,0.00,2.02,0.00,0.00,0.00,72.73
05:05:15,7,12.00,0.00,9.00,0.00,0.00,2.00,0.00,0.00,0.00,77.00
05:05:15,12,15.84,0.00,9.90,0.00,0.00,2.97,0.00,0.00,0.00,71.29
05:05:15,13,15.69,0.00,9.80,0.00,0.00,2.94,0.00,0.00,0.00,71.57
05:05:15,14,13.86,0.00,8.91,0.00,0.00,1.98,0.00,0.00,0.00,75.25
05:05:15,15,11.88,0.00,9.90,0.00,0.00,2.97,0.00,0.00,0.00,75.25
05:05:16,4,21.36,0.00,14.56,0.00,0.00,6.80,0.00,0.00,0.00,57.28
05:05:16,5,22.12,0.00,15.38,0.00,0.00,5.77,0.00,0.00,0.00,56.73
05:05:16,6,20.00,0.00,16.19,0.00,0.00,6.67,0.00,0.00,0.00,57.14
05:05:16,7,19.42,0.00,16.50,0.00,0.00,5.83,0.00,0.00,0.00,58.25
05:05:16,12,20.19,0.00,17.31,0.00,0.00,5.77,0.00,0.00,0.00,56.73
05:05:16,13,21.90,0.00,17.14,0.00,0.00,5.71,0.00,0.00,0.00,55.24
05:05:16,14,19.42,0.00,16.50,0.00,0.00,6.80,0.00,0.00,0.00,57.28
05:05:16,15,20.19,0.00,16.35,0.00,0.00,5.77,0.00,0.00,0.00,57.69
05:05:17,4,20.00,0.00,15.24,0.00,0.00,7.62,0.00,0.00,0.00,57.14
05:05:17,5,19.61,0.00,16.67,0.00,0.00,6.86,0.00,0.00,0.00,56.86
05:05:17,6,19.23,0.00,17.31,0.00,0.00,5.77,0.00,0.00,0.00,57.69
05:05:17,7,19.05,0.00,17.14,0.00,0.00,5.71,0.00,0.00,0.00,58.10
05:05:17,12,21.15,0.00,16.35,0.00,0.00,5.77,0.00,0.00,0.00,56.73
05:05:17,13,19.42,0.00,17.48,0.00,0.00,5.83,0.00,0.00,0.00,57.28
05:05:17,14,21.15,0.00,17.31,0.00,0.00,3.85,0.00,0.00,0.00,57.69
05:05:17,15,17.31,0.00,16.35,0.00,0.00,7.69,0.00,0.00,0.00,58.65
05:05:18,4,18.81,0.00,16.83,0.00,0.00,5.94,0.00,0.00,0.00,58.42
05:05:18,5,20.39,0.00,14.56,0.00,0.00,6.80,0.00,0.00,0.00,58.25
05:05:18,6,18.10,0.00,18.10,0.00,0.00,6.67,0.00,0.00,0.00,57.14
05:05:18,7,19.42,0.00,16.50,0.00,0.00,5.83,0.00,0.00,0.00,58.25
05:05:18,12,20.59,0.00,15.69,0.00,0.00,5.88,0.00,0.00,0.00,57.84
05:05:18,13,22.12,0.00,16.35,0.00,0.00,5.77,0.00,0.00,0.00,55.77
05:05:18,14,17.92,0.00,17.92,0.00,0.00,7.55,0.00,0.00,0.00,56.60
05:05:18,15,19.05,0.00,17.14,0.00,0.00,6.67,0.00,0.00,0.00,57.14
05:05:19,4,20.59,0.00,16.67,0.00,0.00,5.88,0.00,0.00,0.00,56.86
05:05:19,5,20.59,0.00,17.65,0.00,0.00,5.88,0.00,0.00,0.00,55.88
05:05:19,6,21.78,0.00,13.86,0.00,0.00,5.94,0.00,0.00,0.00,58.42
05:05:19,7,18.45,0.00,16.50,0.00,0.00,6.80,0.00,0.00,0.00,58.25
05:05:19,12,21.15,0.00,16.35,0.00,0.00,6.73,0.00,0.00,0.00,55.77
05:05:19,13,22.33,0.00,17.48,0.00,0.00,5.83,0.00,0.00,0.00,54.37
05:05:19,14,20.59,0.00,14.71,0.00,0.00,6.86,0.00,0.00,0.00,57.84
05:05:19,15,21.90,0.00,15.24,0.00,0.00,5.71,0.00,0.00,0.00,57.14
05:05:20,4,20.19,0.00,17.31,0.00,0.00,5.77,0.00,0.00,0.00,56.73
05:05:20,5,20.59,0.00,15.69,0.00,0.00,6.86,0.00,0.00,0.00,56.86
05:05:20,6,20.95,0.00,16.19,0.00,0.00,5.71,0.00,0.00,0.00,57.14
05:05:20,7,21.90,0.00,15.24,0.00,0.00,4.76,0.00,0.00,0.00,58.10
05:05:20,12,22.12,0.00,14.42,0.00,0.00,6.73,0.00,0.00,0.00,56.73
05:05:20,13,22.64,0.00,16.04,0.00,0.00,6.60,0.00,0.00,0.00,54.72
05:05:20,14,21.90,0.00,16.19,0.00,0.00,5.71,0.00,0.00,0.00,56.19
05:05:20,15,21.36,0.00,14.56,0.00,0.00,5.83,0.00,0.00,0.00,58.25
05:05:21,4,20.19,0.00,16.35,0.00,0.00,6.73,0.00,0.00,0.00,56.73
05:05:21,5,18.63,0.00,16.67,0.00,0.00,6.86,0.00,0.00,0.00,57.84
05:05:21,6,19.80,0.00,15.84,0.00,0.00,4.95,0.00,0.00,0.00,59.41
05:05:21,7,19.23,0.00,17.31,0.00,0.00,5.77,0.00,0.00,0.00,57.69
05:05:21,12,20.59,0.00,17.65,0.00,0.00,4.90,0.00,0.00,0.00,56.86
05:05:21,13,20.39,0.00,15.53,0.00,0.00,6.80,0.00,0.00,0.00,57.28
05:05:21,14,20.19,0.00,16.35,0.00,0.00,5.77,0.00,0.00,0.00,57.69
05:05:21,15,18.45,0.00,17.48,0.00,0.00,5.83,0.00,0.00,0.00,58.25
05:05:22,4,19.05,0.00,17.14,0.00,0.00,6.67,0.00,0.00,0.00,57.14
05:05:22,5,21.15,0.00,15.38,0.00,0.00,7.69,0.00,0.00,0.00,55.77
05:05:22,6,22.12,0.00,15.38,0.00,0.00,5.77,0.00,0.00,0.00,56.73
05:05:22,7,19.42,0.00,16.50,0.00,0.00,5.83,0.00,0.00,0.00,58.25
05:05:22,12,20.95,0.00,18.10,0.00,0.00,4.76,0.00,0.00,0.00,56.19
05:05:22,13,19.61,0.00,17.65,0.98,0.00,5.88,0.00,0.00,0.00,55.88
05:05:22,14,19.05,0.00,17.14,0.00,0.00,6.67,0.00,0.00,0.00,57.14
05:05:22,15,19.23,0.00,16.35,0.00,0.00,6.73,0.00,0.00,0.00,57.69
05:05:23,4,19.61,0.00,15.69,0.00,0.00,6.86,0.00,0.00,0.00,57.84
05:05:23,5,21.57,0.00,16.67,0.00,0.00,4.90,0.00,0.00,0.00,56.86
05:05:23,6,19.80,0.00,14.85,0.00,0.00,5.94,0.00,0.00,0.00,59.41
05:05:23,7,19.23,0.00,16.35,0.00,0.00,5.77,0.00,0.00,0.00,58.65
05:05:23,12,19.61,0.00,16.67,0.00,0.00,4.90,0.00,0.00,0.00,58.82
05:05:23,13,18.27,0.00,18.27,0.00,0.00,6.73,0.00,0.00,0.00,56.73
05:05:23,14,22.33,0.00,14.56,0.00,0.00,4.85,0.00,0.00,0.00,58.25
05:05:23,15,19.23,0.00,15.38,0.00,0.00,6.73,0.00,0.00,0.00,58.65
05:05:24,4,20.59,0.00,16.67,0.00,0.00,5.88,0.00,0.00,0.00,56.86
05:05:24,5,22.33,0.00,16.50,0.00,0.00,5.83,0.00,0.00,0.00,55.34
05:05:24,6,20.19,0.00,16.35,0.00,0.00,6.73,0.00,0.00,0.00,56.73
05:05:24,7,20.19,0.00,16.35,0.00,0.00,5.77,0.00,0.00,0.00,57.69
05:05:24,12,20.59,0.00,15.69,0.00,0.00,6.86,0.00,0.00,0.00,56.86
05:05:24,13,18.45,0.00,18.45,0.00,0.00,6.80,0.00,0.00,0.00,56.31
05:05:24,14,23.08,0.00,14.42,0.00,0.00,5.77,0.00,0.00,0.00,56.73
05:05:24,15,20.19,0.00,17.31,0.00,0.00,4.81,0.00,0.00,0.00,57.69
05:05:25,4,21.36,0.00,15.53,0.00,0.00,5.83,0.00,0.00,0.00,57.28
05:05:25,5,20.39,0.00,18.45,0.00,0.00,5.83,0.00,0.00,0.00,55.34
05:05:25,6,21.15,0.00,16.35,0.00,0.00,5.77,0.00,0.00,0.00,56.73
05:05:25,7,20.19,0.00,16.35,0.00,0.00,5.77,0.00,0.00,0.00,57.69
05:05:25,12,21.70,0.00,15.09,0.00,0.00,7.55,0.00,0.00,0.00,55.66
05:05:25,13,21.15,0.00,18.27,0.00,0.00,5.77,0.00,0.00,0.00,54.81
05:05:25,14,20.95,0.00,17.14,0.00,0.00,5.71,0.00,0.00,0.00,56.19
05:05:25,15,18.27,0.00,17.31,0.00,0.00,6.73,0.00,0.00,0.00,57.69
05:05:26,4,20.39,0.00,16.50,0.00,0.00,5.83,0.00,0.00,0.00,57.28
05:05:26,5,21.15,0.00,17.31,0.00,0.00,6.73,0.00,0.00,0.00,54.81
05:05:26,6,20.39,0.00,15.53,0.00,0.00,5.83,0.00,0.00,0.00,58.25
05:05:26,7,18.63,0.00,15.69,0.00,0.00,6.86,0.00,0.00,0.00,58.82
05:05:26,12,20.19,0.00,16.35,0.96,0.00,5.77,0.00,0.00,0.00,56.73
05:05:26,13,20.95,0.00,16.19,0.00,0.00,6.67,0.00,0.00,0.00,56.19
05:05:26,14,20.59,0.00,14.71,0.00,0.00,6.86,0.00,0.00,0.00,57.84
05:05:26,15,21.57,0.00,13.73,0.00,0.00,5.88,0.00,0.00,0.00,58.82
05:05:27,4,18.27,0.00,17.31,0.00,0.00,6.73,0.00,0.00,0.00,57.69
05:05:27,5,19.80,0.00,14.85,0.00,0.00,6.93,0.00,0.00,0.00,58.42
05:05:27,6,18.00,0.00,16.00,0.00,0.00,6.00,0.00,0.00,0.00,60.00
05:05:27,7,19.42,0.00,16.50,0.00,0.00,4.85,0.00,0.00,0.00,59.22
05:05:27,12,19.61,0.00,16.67,0.00,0.00,5.88,0.00,0.00,0.00,57.84
05:05:27,13,19.80,0.00,15.84,0.00,0.00,5.94,0.00,0.00,0.00,58.42
05:05:27,14,19.05,0.00,17.14,0.00,0.00,6.67,0.00,0.00,0.00,57.14
05:05:27,15,18.27,0.00,16.35,0.00,0.00,6.73,0.00,0.00,0.00,58.65
05:05:28,4,21.36,0.00,15.53,0.00,0.00,5.83,0.00,0.00,0.00,57.28
05:05:28,5,19.42,0.00,16.50,0.00,0.00,6.80,0.00,0.00,0.00,57.28
05:05:28,6,21.15,0.00,16.35,0.00,0.00,4.81,0.00,0.00,0.00,57.69
05:05:28,7,17.82,0.00,16.83,0.00,0.00,5.94,0.00,0.00,0.00,59.41
05:05:28,12,20.39,0.00,16.50,0.00,0.00,5.83,0.00,0.00,0.00,57.28
05:05:28,13,19.23,0.00,18.27,0.00,0.00,6.73,0.00,0.00,0.00,55.77
05:05:28,14,19.23,0.00,16.35,0.00,0.00,6.73,0.00,0.00,0.00,57.69
05:05:28,15,19.42,0.00,14.56,0.00,0.00,7.77,0.00,0.00,0.00,58.25
05:05:29,4,20.19,0.00,16.35,0.00,0.00,6.73,0.00,0.00,0.00,56.73
05:05:29,5,18.45,0.00,15.53,0.00,0.00,8.74,0.00,0.00,0.00,57.28
05:05:29,6,18.27,0.00,17.31,0.00,0.00,6.73,0.00,0.00,0.00,57.69
05:05:29,7,18.27,0.00,16.35,0.00,0.00,6.73,0.00,0.00,0.00,58.65
05:05:29,12,21.15,0.00,16.35,0.00,0.00,5.77,0.00,0.00,0.00,56.73
05:05:29,13,18.45,0.00,18.45,0.00,0.00,6.80,0.00,0.00,0.00,56.31
05:05:29,14,21.90,0.00,13.33,0.00,0.00,6.67,0.00,0.00,0.00,58.10
05:05:29,15,19.23,0.00,17.31,0.00,0.00,5.77,0.00,0.00,0.00,57.69
05:05:30,4,20.95,0.00,17.14,0.00,0.00,6.67,0.00,0.00,0.00,55.24
05:05:30,5,21.57,0.00,18.63,0.00,0.00,5.88,0.00,0.00,0.00,53.92
05:05:30,6,22.12,0.00,14.42,0.00,0.00,7.69,0.00,0.00,0.00,55.77
05:05:30,7,22.12,0.00,15.38,0.00,0.00,5.77,0.00,0.00,0.00,56.73
05:05:30,12,22.55,0.00,14.71,0.00,0.00,5.88,0.00,0.00,0.00,56.86
05:05:30,13,23.30,0.00,18.45,0.00,0.00,4.85,0.00,0.00,0.00,53.40
05:05:30,14,18.63,0.00,18.63,0.00,0.00,5.88,0.00,0.00,0.00,56.86
05:05:30,15,20.39,0.00,15.53,0.00,0.00,5.83,0.00,0.00,0.00,58.25
05:05:31,4,20.00,0.00,17.14,0.00,0.00,5.71,0.00,0.00,0.00,57.14
05:05:31,5,20.59,0.00,16.67,0.00,0.00,5.88,0.00,0.00,0.00,56.86
05:05:31,6,20.95,0.00,15.24,0.00,0.00,6.67,0.00,0.00,0.00,57.14
05:05:31,7,19.81,0.00,16.04,0.00,0.00,6.60,0.00,0.00,0.00,57.55
05:05:31,12,20.95,0.00,17.14,0.00,0.00,5.71,0.00,0.00,0.00,56.19
05:05:31,13,20.19,0.00,16.35,0.96,0.00,6.73,0.00,0.00,0.00,55.77
05:05:31,14,19.42,0.00,15.53,0.00,0.00,6.80,0.00,0.00,0.00,58.25
05:05:31,15,22.12,0.00,13.46,0.00,0.00,6.73,0.00,0.00,0.00,57.69
05:05:32,4,17.65,0.00,16.67,0.00,0.00,7.84,0.00,0.00,0.00,57.84
05:05:32,5,19.42,0.00,16.50,0.00,0.00,6.80,0.00,0.00,0.00,57.28
05:05:32,6,19.23,0.00,17.31,0.00,0.00,5.77,0.00,0.00,0.00,57.69
05:05:32,7,19.42,0.00,17.48,0.00,0.00,4.85,0.00,0.00,0.00,58.25
05:05:32,12,20.59,0.00,14.71,0.00,0.00,6.86,0.00,0.00,0.00,57.84
05:05:32,13,17.82,0.00,18.81,0.00,0.00,6.93,0.00,0.00,0.00,56.44
05:05:32,14,18.45,0.00,15.53,0.00,0.00,7.77,0.00,0.00,0.00,58.25
05:05:32,15,18.45,0.00,16.50,0.00,0.00,5.83,0.00,0.00,0.00,59.22
05:05:33,4,20.19,0.00,15.38,0.00,0.00,6.73,0.00,0.00,0.00,57.69
05:05:33,5,20.19,0.00,16.35,0.00,0.00,6.73,0.00,0.00,0.00,56.73
05:05:33,6,19.42,0.00,15.53,0.00,0.00,5.83,0.00,0.00,0.00,59.22
05:05:33,7,20.19,0.00,15.38,0.00,0.00,5.77,0.00,0.00,0.00,58.65
05:05:33,12,20.19,0.00,16.35,0.00,0.00,5.77,0.00,0.00,0.00,57.69
05:05:33,13,19.05,0.00,17.14,0.00,0.00,6.67,0.00,0.00,0.00,57.14
05:05:33,14,20.39,0.00,15.53,0.00,0.00,5.83,0.00,0.00,0.00,58.25
05:05:33,15,19.23,0.00,16.35,0.00,0.00,6.73,0.00,0.00,0.00,57.69
05:05:34,4,21.15,0.00,15.38,0.00,0.00,6.73,0.00,0.00,0.00,56.73
05:05:34,5,17.48,0.00,18.45,0.00,0.00,5.83,0.00,0.00,0.00,58.25
05:05:34,6,19.23,0.00,15.38,0.00,0.00,7.69,0.00,0.00,0.00,57.69
05:05:34,7,18.27,0.00,16.35,0.00,0.00,6.73,0.00,0.00,0.00,58.65
05:05:34,12,22.12,0.00,15.38,0.00,0.00,5.77,0.00,0.00,0.00,56.73
05:05:34,13,19.05,0.00,18.10,0.00,0.00,6.67,0.00,0.00,0.00,56.19
05:05:34,14,18.10,0.00,16.19,0.00,0.00,8.57,0.00,0.00,0.00,57.14
05:05:34,15,20.19,0.00,15.38,0.00,0.00,5.77,0.00,0.00,0.00,58.65
05:05:35,4,22.12,0.00,15.38,0.00,0.00,6.73,0.00,0.00,0.00,55.77
05:05:35,5,22.86,0.00,15.24,0.00,0.00,7.62,0.00,0.00,0.00,54.29
05:05:35,6,21.15,0.00,14.42,0.00,0.00,6.73,0.00,0.00,0.00,57.69
05:05:35,7,19.05,0.00,17.14,0.00,0.00,6.67,0.00,0.00,0.00,57.14
05:05:35,12,21.36,0.00,15.53,0.00,0.00,5.83,0.00,0.00,0.00,57.28
05:05:35,13,24.04,0.00,14.42,0.00,0.00,5.77,0.00,0.00,0.00,55.77
05:05:35,14,19.81,0.00,18.87,0.00,0.00,4.72,0.00,0.00,0.00,56.60
05:05:35,15,20.19,0.00,16.35,0.00,0.00,5.77,0.00,0.00,0.00,57.69
05:05:36,4,21.15,0.00,15.38,0.00,0.00,5.77,0.00,0.00,0.00,57.69
05:05:36,5,20.19,0.00,14.42,0.96,0.00,7.69,0.00,0.00,0.00,56.73
05:05:36,6,18.27,0.00,16.35,0.00,0.00,7.69,0.00,0.00,0.00,57.69
05:05:36,7,19.42,0.00,15.53,0.97,0.00,5.83,0.00,0.00,0.00,58.25
05:05:36,12,20.59,0.00,15.69,0.00,0.00,5.88,0.00,0.00,0.00,57.84
05:05:36,13,19.42,0.00,15.53,0.00,0.00,7.77,0.00,0.00,0.00,57.28
05:05:36,14,20.19,0.00,16.35,0.96,0.00,5.77,0.00,0.00,0.00,56.73
05:05:36,15,19.42,0.00,15.53,0.00,0.00,5.83,0.00,0.00,0.00,59.22
05:05:37,4,17.48,0.00,16.50,0.00,0.00,8.74,0.00,0.00,0.00,57.28
05:05:37,5,21.36,0.00,17.48,0.00,0.00,4.85,0.00,0.00,0.00,56.31
05:05:37,6,19.80,0.00,15.84,0.00,0.00,4.95,0.00,0.00,0.00,59.41
05:05:37,7,20.19,0.00,15.38,0.00,0.00,6.73,0.00,0.00,0.00,57.69
05:05:37,12,19.61,0.00,17.65,0.00,0.00,4.90,0.00,0.00,0.00,57.84
05:05:37,13,21.36,0.00,16.50,0.00,0.00,5.83,0.00,0.00,0.00,56.31
05:05:37,14,21.36,0.00,13.59,0.00,0.00,7.77,0.00,0.00,0.00,57.28
05:05:37,15,20.19,0.00,14.42,0.00,0.00,7.69,0.00,0.00,0.00,57.69
05:05:38,4,22.33,0.00,14.56,0.00,0.00,5.83,0.00,0.00,0.00,57.28
05:05:38,5,19.80,0.00,16.83,0.00,0.00,6.93,0.00,0.00,0.00,56.44
05:05:38,6,20.39,0.00,16.50,0.00,0.00,5.83,0.00,0.00,0.00,57.28
05:05:38,7,19.23,0.00,17.31,0.00,0.00,4.81,0.00,0.00,0.00,58.65
05:05:38,12,22.12,0.00,16.35,0.00,0.00,4.81,0.00,0.00,0.00,56.73
05:05:38,13,20.39,0.00,14.56,0.00,0.00,7.77,0.00,0.00,0.00,57.28
05:05:38,14,18.45,0.00,16.50,0.00,0.00,6.80,0.00,0.00,0.00,58.25
05:05:38,15,20.39,0.00,14.56,0.00,0.00,5.83,0.00,0.00,0.00,59.22
05:05:39,4,21.15,0.00,14.42,0.00,0.00,6.73,0.00,0.00,0.00,57.69
05:05:39,5,19.23,0.00,16.35,0.00,0.00,7.69,0.00,0.00,0.00,56.73
05:05:39,6,18.45,0.00,17.48,0.00,0.00,5.83,0.00,0.00,0.00,58.25
05:05:39,7,17.65,0.00,17.65,0.00,0.00,5.88,0.00,0.00,0.00,58.82
05:05:39,12,20.95,0.00,16.19,0.00,0.00,6.67,0.00,0.00,0.00,56.19
05:05:39,13,18.63,0.00,15.69,0.00,0.00,7.84,0.00,0.00,0.00,57.84
05:05:39,14,21.15,0.00,16.35,0.00,0.00,4.81,0.00,0.00,0.00,57.69
05:05:39,15,20.39,0.00,12.62,0.00,0.00,7.77,0.00,0.00,0.00,59.22
05:05:40,4,20.59,0.00,16.67,0.00,0.00,6.86,0.00,0.00,0.00,55.88
05:05:40,5,21.15,0.00,18.27,0.00,0.00,6.73,0.00,0.00,0.00,53.85
05:05:40,6,19.61,0.00,16.67,0.00,0.00,5.88,0.00,0.00,0.00,57.84
05:05:40,7,19.23,0.00,17.31,0.00,0.00,5.77,0.00,0.00,0.00,57.69
05:05:40,12,21.36,0.00,15.53,0.00,0.00,6.80,0.00,0.00,0.00,56.31
05:05:40,13,19.80,0.00,16.83,0.00,0.00,6.93,0.00,0.00,0.00,56.44
05:05:40,14,20.59,0.00,16.67,0.00,0.00,5.88,0.00,0.00,0.00,56.86
05:05:40,15,18.63,0.00,17.65,0.00,0.00,5.88,0.00,0.00,0.00,57.84
05:05:41,4,19.42,0.00,16.50,0.00,0.00,6.80,0.00,0.00,0.00,57.28
05:05:41,5,19.42,0.00,16.50,0.00,0.00,6.80,0.00,0.00,0.00,57.28
05:05:41,6,20.19,0.00,16.35,0.00,0.00,5.77,0.00,0.00,0.00,57.69
05:05:41,7,18.63,0.00,14.71,0.00,0.00,6.86,0.00,0.00,0.00,59.80
05:05:41,12,21.36,0.00,16.50,0.00,0.00,4.85,0.00,0.00,0.00,57.28
05:05:41,13,19.23,0.00,17.31,0.00,0.00,5.77,0.00,0.00,0.00,57.69
05:05:41,14,21.15,0.00,14.42,0.00,0.00,5.77,0.00,0.00,0.00,58.65
05:05:41,15,20.19,0.00,15.38,0.00,0.00,5.77,0.00,0.00,0.00,58.65
05:05:42,4,21.36,0.00,15.53,0.00,0.00,5.83,0.00,0.00,0.00,57.28
05:05:42,5,20.00,0.00,16.19,0.00,0.00,7.62,0.00,0.00,0.00,56.19
05:05:42,6,19.23,0.00,17.31,0.00,0.00,6.73,0.00,0.00,0.00,56.73
05:05:42,7,20.75,0.00,16.04,0.00,0.00,6.60,0.00,0.00,0.00,56.60
05:05:42,12,20.00,0.00,17.14,0.00,0.00,7.62,0.00,0.00,0.00,55.24
05:05:42,13,19.61,0.00,15.69,0.00,0.00,6.86,0.00,0.00,0.00,57.84
05:05:42,14,17.31,0.00,18.27,0.00,0.00,7.69,0.00,0.00,0.00,56.73
05:05:42,15,18.27,0.00,16.35,0.00,0.00,7.69,0.00,0.00,0.00,57.69
05:05:43,4,19.61,0.00,14.71,0.00,0.00,7.84,0.00,0.00,0.00,57.84
05:05:43,5,19.61,0.00,15.69,0.00,0.00,6.86,0.00,0.00,0.00,57.84
05:05:43,6,18.45,0.00,16.50,0.00,0.00,5.83,0.00,0.00,0.00,59.22
05:05:43,7,18.63,0.00,15.69,0.00,0.00,5.88,0.00,0.00,0.00,59.80
05:05:43,12,20.79,0.00,15.84,0.00,0.00,4.95,0.00,0.00,0.00,58.42
05:05:43,13,19.23,0.00,17.31,0.00,0.00,6.73,0.00,0.00,0.00,56.73
05:05:43,14,17.82,0.00,16.83,0.00,0.00,5.94,0.00,0.00,0.00,59.41
05:05:43,15,19.42,0.00,15.53,0.00,0.00,6.80,0.00,0.00,0.00,58.25
05:05:44,4,18.81,0.00,15.84,0.00,0.00,5.94,0.00,0.00,0.00,59.41
05:05:44,5,20.00,0.00,16.19,0.00,0.00,7.62,0.00,0.00,0.00,56.19
05:05:44,6,21.15,0.00,16.35,0.00,0.00,5.77,0.00,0.00,0.00,56.73
05:05:44,7,19.61,0.00,15.69,0.00,0.00,5.88,0.00,0.00,0.00,58.82
05:05:44,12,18.87,0.00,16.98,0.00,0.00,7.55,0.00,0.00,0.00,56.60
05:05:44,13,18.27,0.00,18.27,0.00,0.00,7.69,0.00,0.00,0.00,55.77
05:05:44,14,19.23,0.00,16.35,0.00,0.00,6.73,0.00,0.00,0.00,57.69
05:05:44,15,18.27,0.00,17.31,0.00,0.00,6.73,0.00,0.00,0.00,57.69
05:05:45,4,21.15,0.00,15.38,0.00,0.00,7.69,0.00,0.00,0.00,55.77
05:05:45,5,23.08,0.00,16.35,0.00,0.00,5.77,0.00,0.00,0.00,54.81
05:05:45,6,17.48,0.00,17.48,0.00,0.00,7.77,0.00,0.00,0.00,57.28
05:05:45,7,21.36,0.00,16.50,0.00,0.00,4.85,0.00,0.00,0.00,57.28
05:05:45,12,22.55,0.00,17.65,0.00,0.00,4.90,0.00,0.00,0.00,54.90
05:05:45,13,21.15,0.00,17.31,0.00,0.00,6.73,0.00,0.00,0.00,54.81
05:05:45,14,20.39,0.00,15.53,0.00,0.00,6.80,0.00,0.00,0.00,57.28
05:05:45,15,21.15,0.00,15.38,0.00,0.00,5.77,0.00,0.00,0.00,57.69
05:05:46,4,18.81,0.00,16.83,0.00,0.00,5.94,0.00,0.00,0.00,58.42
05:05:46,5,18.63,0.00,17.65,0.98,0.00,6.86,0.00,0.00,0.00,55.88
05:05:46,6,18.00,0.00,17.00,0.00,0.00,6.00,0.00,0.00,0.00,59.00
05:05:46,7,19.61,0.00,14.71,0.00,0.00,5.88,0.00,0.00,0.00,59.80
05:05:46,12,20.59,0.00,16.67,0.00,0.00,4.90,0.00,0.00,0.00,57.84
05:05:46,13,19.61,0.00,15.69,0.00,0.00,7.84,0.00,0.00,0.00,56.86
05:05:46,14,18.27,0.00,19.23,0.00,0.00,5.77,0.00,0.00,0.00,56.73
05:05:46,15,19.61,0.00,15.69,0.00,0.00,5.88,0.00,0.00,0.00,58.82
05:05:47,4,19.42,0.00,15.53,0.00,0.00,6.80,0.00,0.00,0.00,58.25
05:05:47,5,20.59,0.00,13.73,0.00,0.00,6.86,0.00,0.00,0.00,58.82
05:05:47,6,19.05,0.00,16.19,0.00,0.00,7.62,0.00,0.00,0.00,57.14
05:05:47,7,19.05,0.00,17.14,0.00,0.00,6.67,0.00,0.00,0.00,57.14
05:05:47,12,19.05,0.00,17.14,0.00,0.00,6.67,0.00,0.00,0.00,57.14
05:05:47,13,20.39,0.00,17.48,0.00,0.00,4.85,0.00,0.00,0.00,57.28
05:05:47,14,20.39,0.00,14.56,0.00,0.00,6.80,0.00,0.00,0.00,58.25
05:05:47,15,19.23,0.00,15.38,0.00,0.00,6.73,0.00,0.00,0.00,58.65
05:05:48,4,21.36,0.00,16.50,0.00,0.00,5.83,0.00,0.00,0.00,56.31
05:05:48,5,21.36,0.00,17.48,0.00,0.00,5.83,0.00,0.00,0.00,55.34
05:05:48,6,21.36,0.00,14.56,0.00,0.00,5.83,0.00,0.00,0.00,58.25
05:05:48,7,19.61,0.00,15.69,0.00,0.00,5.88,0.00,0.00,0.00,58.82
05:05:48,12,21.15,0.00,16.35,0.00,0.00,5.77,0.00,0.00,0.00,56.73
05:05:48,13,21.57,0.00,16.67,0.00,0.00,5.88,0.00,0.00,0.00,55.88
05:05:48,14,20.39,0.00,16.50,0.00,0.00,5.83,0.00,0.00,0.00,57.28
05:05:48,15,19.05,0.00,17.14,0.00,0.00,6.67,0.00,0.00,0.00,57.14
05:05:49,4,20.75,0.00,15.09,0.00,0.00,7.55,0.00,0.00,0.00,56.60
05:05:49,5,20.39,0.00,17.48,0.00,0.00,5.83,0.00,0.00,0.00,56.31
05:05:49,6,21.70,0.00,14.15,0.00,0.00,7.55,0.00,0.00,0.00,56.60
05:05:49,7,19.05,0.00,15.24,0.00,0.00,7.62,0.00,0.00,0.00,58.10
05:05:49,12,20.39,0.00,16.50,0.00,0.00,6.80,0.00,0.00,0.00,56.31
05:05:49,13,22.64,0.00,16.04,0.00,0.00,6.60,0.00,0.00,0.00,54.72
05:05:49,14,20.00,0.00,16.19,0.00,0.00,6.67,0.00,0.00,0.00,57.14
05:05:49,15,20.19,0.00,15.38,0.00,0.00,6.73,0.00,0.00,0.00,57.69
05:05:50,4,20.39,0.00,16.50,0.00,0.00,7.77,0.00,0.00,0.00,55.34
05:05:50,5,22.86,0.00,16.19,0.00,0.00,7.62,0.00,0.00,0.00,53.33
05:05:50,6,20.39,0.00,17.48,0.00,0.00,4.85,0.00,0.00,0.00,57.28
05:05:50,7,20.39,0.00,14.56,0.00,0.00,7.77,0.00,0.00,0.00,57.28
05:05:50,12,20.19,0.00,16.35,0.00,0.00,7.69,0.00,0.00,0.00,55.77
05:05:50,13,23.30,0.00,15.53,0.00,0.00,5.83,0.00,0.00,0.00,55.34
05:05:50,14,20.39,0.00,15.53,0.00,0.00,6.80,0.00,0.00,0.00,57.28
05:05:50,15,21.15,0.00,15.38,0.00,0.00,6.73,0.00,0.00,0.00,56.73
05:05:51,4,20.39,0.00,16.50,0.97,0.00,5.83,0.00,0.00,0.00,56.31
05:05:51,5,20.59,0.00,15.69,0.00,0.00,7.84,0.00,0.00,0.00,55.88
05:05:51,6,18.63,0.00,17.65,0.00,0.00,5.88,0.00,0.00,0.00,57.84
05:05:51,7,21.36,0.00,15.53,0.00,0.00,4.85,0.00,0.00,0.00,58.25
05:05:51,12,20.39,0.00,16.50,0.00,0.00,5.83,0.00,0.00,0.00,57.28
05:05:51,13,20.19,0.00,17.31,0.00,0.00,5.77,0.00,0.00,0.00,56.73
05:05:51,14,20.39,0.00,16.50,0.00,0.00,5.83,0.00,0.00,0.00,57.28
05:05:51,15,17.31,0.00,19.23,0.00,0.00,5.77,0.00,0.00,0.00,57.69
05:05:52,4,19.42,0.00,14.56,0.00,0.00,7.77,0.00,0.00,0.00,58.25
05:05:52,5,21.36,0.00,16.50,0.00,0.00,5.83,0.00,0.00,0.00,56.31
05:05:52,6,18.63,0.00,15.69,0.00,0.00,6.86,0.00,0.00,0.00,58.82
05:05:52,7,18.81,0.00,15.84,0.00,0.00,5.94,0.00,0.00,0.00,59.41
05:05:52,12,20.59,0.00,14.71,0.00,0.00,6.86,0.00,0.00,0.00,57.84
05:05:52,13,20.39,0.00,15.53,0.00,0.00,6.80,0.00,0.00,0.00,57.28
05:05:52,14,19.61,0.00,14.71,0.00,0.00,6.86,0.00,0.00,0.00,58.82
05:05:52,15,19.61,0.00,14.71,0.00,0.00,5.88,0.00,0.00,0.00,59.80
05:05:53,4,17.65,0.00,17.65,0.00,0.00,5.88,0.00,0.00,0.00,58.82
05:05:53,5,20.00,0.00,16.19,0.00,0.00,7.62,0.00,0.00,0.00,56.19
05:05:53,6,20.00,0.00,16.19,0.00,0.00,6.67,0.00,0.00,0.00,57.14
05:05:53,7,20.19,0.00,15.38,0.00,0.00,5.77,0.00,0.00,0.00,58.65
05:05:53,12,19.81,0.00,16.98,0.00,0.00,6.60,0.00,0.00,0.00,56.60
05:05:53,13,18.45,0.00,17.48,0.00,0.00,6.80,0.00,0.00,0.00,57.28
05:05:53,14,18.45,0.00,15.53,0.00,0.00,6.80,0.00,0.00,0.00,59.22
05:05:53,15,18.27,0.00,17.31,0.00,0.00,6.73,0.00,0.00,0.00,57.69
05:05:54,4,19.61,0.00,15.69,0.00,0.00,6.86,0.00,0.00,0.00,57.84
05:05:54,5,18.63,0.00,16.67,0.00,0.00,6.86,0.00,0.00,0.00,57.84
05:05:54,6,19.42,0.00,15.53,0.00,0.00,5.83,0.00,0.00,0.00,59.22
05:05:54,7,19.42,0.00,15.53,0.00,0.00,5.83,0.00,0.00,0.00,59.22
05:05:54,12,19.23,0.00,17.31,0.00,0.00,6.73,0.00,0.00,0.00,56.73
05:05:54,13,20.59,0.00,15.69,0.00,0.00,5.88,0.00,0.00,0.00,57.84
05:05:54,14,20.59,0.00,15.69,0.00,0.00,5.88,0.00,0.00,0.00,57.84
05:05:54,15,19.23,0.00,16.35,0.00,0.00,5.77,0.00,0.00,0.00,58.65
05:05:55,4,20.19,0.00,17.31,0.00,0.00,6.73,0.00,0.00,0.00,55.77
05:05:55,5,21.78,0.00,15.84,0.00,0.00,5.94,0.00,0.00,0.00,56.44
05:05:55,6,19.23,0.00,17.31,0.00,0.00,6.73,0.00,0.00,0.00,56.73
05:05:55,7,19.42,0.00,16.50,0.00,0.00,6.80,0.00,0.00,0.00,57.28
05:05:55,12,21.57,0.00,15.69,0.00,0.00,5.88,0.00,0.00,0.00,56.86
05:05:55,13,23.53,0.00,14.71,0.00,0.00,6.86,0.00,0.00,0.00,54.90
05:05:55,14,21.90,0.00,16.19,0.00,0.00,5.71,0.00,0.00,0.00,56.19
05:05:55,15,21.78,0.00,13.86,0.00,0.00,5.94,0.00,0.00,0.00,58.42
05:05:56,4,20.79,0.00,13.86,0.00,0.00,6.93,0.00,0.00,0.00,58.42
05:05:56,5,20.59,0.00,17.65,0.00,0.00,4.90,0.00,0.00,0.00,56.86
05:05:56,6,21.78,0.00,14.85,0.00,0.00,4.95,0.00,0.00,0.00,58.42
05:05:56,7,20.19,0.00,15.38,0.00,0.00,5.77,0.00,0.00,0.00,58.65
05:05:56,12,20.00,0.00,14.00,0.00,0.00,7.00,0.00,0.00,0.00,59.00
05:05:56,13,20.39,0.00,16.50,0.00,0.00,5.83,0.00,0.00,0.00,57.28
05:05:56,14,19.23,0.00,17.31,0.00,0.00,5.77,0.00,0.00,0.00,57.69
05:05:56,15,20.19,0.00,15.38,0.00,0.00,6.73,0.00,0.00,0.00,57.69
05:05:57,4,20.19,0.00,16.35,0.00,0.00,6.73,0.00,0.00,0.00,56.73
05:05:57,5,22.64,0.00,16.04,0.00,0.00,5.66,0.00,0.00,0.00,55.66
05:05:57,6,21.70,0.00,16.04,0.00,0.00,5.66,0.00,0.00,0.00,56.60
05:05:57,7,19.23,0.00,16.35,0.00,0.00,6.73,0.00,0.00,0.00,57.69
05:05:57,12,20.75,0.00,16.98,0.00,0.00,6.60,0.00,0.00,0.00,55.66
05:05:57,13,20.19,0.00,16.35,0.00,0.00,7.69,0.00,0.00,0.00,55.77
05:05:57,14,19.42,0.00,16.50,0.00,0.00,6.80,0.00,0.00,0.00,57.28
05:05:57,15,18.63,0.00,15.69,0.00,0.00,5.88,0.00,0.00,0.00,59.80
05:05:58,4,21.70,0.00,16.04,0.00,0.00,6.60,0.00,0.00,0.00,55.66
05:05:58,5,22.64,0.00,15.09,0.00,0.00,7.55,0.00,0.00,0.00,54.72
05:05:58,6,18.27,0.00,19.23,0.00,0.00,5.77,0.00,0.00,0.00,56.73
05:05:58,7,20.56,0.00,16.82,0.00,0.00,6.54,0.00,0.00,0.00,56.07
05:05:58,12,20.00,0.00,18.10,0.00,0.00,5.71,0.00,0.00,0.00,56.19
05:05:58,13,21.15,0.00,15.38,0.00,0.00,6.73,0.00,0.00,0.00,56.73
05:05:58,14,20.19,0.00,15.38,0.00,0.00,6.73,0.00,0.00,0.00,57.69
05:05:58,15,20.00,0.00,16.19,0.00,0.00,6.67,0.00,0.00,0.00,57.14
05:05:59,4,18.27,0.00,17.31,0.00,0.00,7.69,0.00,0.00,0.00,56.73
05:05:59,5,23.30,0.00,15.53,0.00,0.00,4.85,0.00,0.00,0.00,56.31
05:05:59,6,18.87,0.00,16.98,0.00,0.00,7.55,0.00,0.00,0.00,56.60
05:05:59,7,19.42,0.00,16.50,0.00,0.00,5.83,0.00,0.00,0.00,58.25
05:05:59,12,19.05,0.00,16.19,0.00,0.00,7.62,0.00,0.00,0.00,57.14
05:05:59,13,20.59,0.00,14.71,0.00,0.00,6.86,0.00,0.00,0.00,57.84
05:05:59,14,19.42,0.00,16.50,0.00,0.00,6.80,0.00,0.00,0.00,57.28
05:05:59,15,20.95,0.00,17.14,0.00,0.00,4.76,0.00,0.00,0.00,57.14
05:06:00,4,24.76,0.00,16.19,0.00,0.00,5.71,0.00,0.00,0.00,53.33
05:06:00,5,26.21,0.00,17.48,0.00,0.00,5.83,0.00,0.00,0.00,50.49
05:06:00,6,22.86,0.00,17.14,0.00,0.00,5.71,0.00,0.00,0.00,54.29
05:06:00,7,22.12,0.00,15.38,0.00,0.00,6.73,0.00,0.00,0.00,55.77
05:06:00,12,24.51,0.00,15.69,0.00,0.00,5.88,0.00,0.00,0.00,53.92
05:06:00,13,24.30,0.00,15.89,0.00,0.00,7.48,0.00,0.00,0.00,52.34
05:06:00,14,24.76,0.00,14.29,0.00,0.00,6.67,0.00,0.00,0.00,54.29
05:06:00,15,22.12,0.00,15.38,0.00,0.00,6.73,0.00,0.00,0.00,55.77
05:06:01,4,19.42,0.00,16.50,0.00,0.00,6.80,0.00,0.00,0.00,57.28
05:06:01,5,21.36,0.00,16.50,0.00,0.00,5.83,0.00,0.00,0.00,56.31
05:06:01,6,20.59,0.00,13.73,0.00,0.00,6.86,0.00,0.00,0.00,58.82
05:06:01,7,21.36,0.00,15.53,0.00,0.00,4.85,0.00,0.00,0.00,58.25
05:06:01,12,21.36,0.00,16.50,0.00,0.00,4.85,0.00,0.00,0.00,57.28
05:06:01,13,20.79,0.00,15.84,0.00,0.00,5.94,0.00,0.00,0.00,57.43
05:06:01,14,20.39,0.00,15.53,0.00,0.00,5.83,0.00,0.00,0.00,58.25
05:06:01,15,20.00,0.00,16.00,0.00,0.00,4.00,0.00,0.00,0.00,60.00
05:06:02,4,19.61,0.00,14.71,0.00,0.00,6.86,0.00,0.00,0.00,58.82
05:06:02,5,18.63,0.00,16.67,0.00,0.00,6.86,0.00,0.00,0.00,57.84
05:06:02,6,20.00,0.00,17.14,0.00,0.00,5.71,0.00,0.00,0.00,57.14
05:06:02,7,19.23,0.00,15.38,0.00,0.00,6.73,0.00,0.00,0.00,58.65
05:06:02,12,18.63,0.00,15.69,0.00,0.00,6.86,0.00,0.00,0.00,58.82
05:06:02,13,22.64,0.00,15.09,0.00,0.00,5.66,0.00,0.00,0.00,56.60
05:06:02,14,21.15,0.00,14.42,0.00,0.00,6.73,0.00,0.00,0.00,57.69
05:06:02,15,19.42,0.00,15.53,0.00,0.00,5.83,0.00,0.00,0.00,59.22
05:06:03,4,19.42,0.00,16.50,0.00,0.00,6.80,0.00,0.00,0.00,57.28
05:06:03,5,21.36,0.00,15.53,0.00,0.00,5.83,0.00,0.00,0.00,57.28
05:06:03,6,20.79,0.00,13.86,0.00,0.00,5.94,0.00,0.00,0.00,59.41
05:06:03,7,20.19,0.00,14.42,0.00,0.00,6.73,0.00,0.00,0.00,58.65
05:06:03,12,21.90,0.00,15.24,0.00,0.00,6.67,0.00,0.00,0.00,56.19
05:06:03,13,19.42,0.00,15.53,0.00,0.00,7.77,0.00,0.00,0.00,57.28
05:06:03,14,20.00,0.00,17.14,0.00,0.00,5.71,0.00,0.00,0.00,57.14
05:06:03,15,20.95,0.00,16.19,0.00,0.00,5.71,0.00,0.00,0.00,57.14
05:06:04,4,19.61,0.00,17.65,0.00,0.00,5.88,0.00,0.00,0.00,56.86
05:06:04,5,21.15,0.00,15.38,0.00,0.00,6.73,0.00,0.00,0.00,56.73
05:06:04,6,20.39,0.00,15.53,0.00,0.00,5.83,0.00,0.00,0.00,58.25
05:06:04,7,17.48,0.00,17.48,0.00,0.00,6.80,0.00,0.00,0.00,58.25
05:06:04,12,18.81,0.00,16.83,0.00,0.00,5.94,0.00,0.00,0.00,58.42
05:06:04,13,20.39,0.00,16.50,0.00,0.00,6.80,0.00,0.00,0.00,56.31
05:06:04,14,21.57,0.00,14.71,0.00,0.00,5.88,0.00,0.00,0.00,57.84
05:06:04,15,20.39,0.00,15.53,0.00,0.00,5.83,0.00,0.00,0.00,58.25
05:06:05,4,18.81,0.00,17.82,0.00,0.00,4.95,0.00,0.00,0.00,58.42
05:06:05,5,21.78,0.00,17.82,0.00,0.00,4.95,0.00,0.00,0.00,55.45
05:06:05,6,19.61,0.00,17.65,0.00,0.00,4.90,0.00,0.00,0.00,57.84
05:06:05,7,17.82,0.00,15.84,0.00,0.00,6.93,0.00,0.00,0.00,59.41
05:06:05,12,21.15,0.00,15.38,0.00,0.00,6.73,0.00,0.00,0.00,56.73
05:06:05,13,20.79,0.00,18.81,0.00,0.00,4.95,0.00,0.00,0.00,55.45
05:06:05,14,19.61,0.00,16.67,0.00,0.00,5.88,0.00,0.00,0.00,57.84
05:06:05,15,19.80,0.00,14.85,0.00,0.00,6.93,0.00,0.00,0.00,58.42
05:06:06,4,18.63,0.00,17.65,0.00,0.00,5.88,0.00,0.00,0.00,57.84
05:06:06,5,20.19,0.00,17.31,0.00,0.00,5.77,0.00,0.00,0.00,56.73
05:06:06,6,19.42,0.00,16.50,0.00,0.00,5.83,0.00,0.00,0.00,58.25
05:06:06,7,20.75,0.00,16.04,0.00,0.00,5.66,0.00,0.00,0.00,57.55
05:06:06,12,19.80,0.00,14.85,0.00,0.00,6.93,0.00,0.00,0.00,58.42
05:06:06,13,21.78,0.00,16.83,0.00,0.00,4.95,0.00,0.00,0.00,56.44
05:06:06,14,21.57,0.00,13.73,0.00,0.00,5.88,0.00,0.00,0.00,58.82
05:06:06,15,20.19,0.00,16.35,0.00,0.00,5.77,0.00,0.00,0.00,57.69
05:06:07,4,17.65,0.00,18.63,0.00,0.00,5.88,0.00,0.00,0.00,57.84
05:06:07,5,20.59,0.00,15.69,0.00,0.00,6.86,0.00,0.00,0.00,56.86
05:06:07,6,19.23,0.00,15.38,0.00,0.00,7.69,0.00,0.00,0.00,57.69
05:06:07,7,18.45,0.00,16.50,0.00,0.00,6.80,0.00,0.00,0.00,58.25
05:06:07,12,20.19,0.00,16.35,0.00,0.00,6.73,0.00,0.00,0.00,56.73
05:06:07,13,19.42,0.00,16.50,0.00,0.00,6.80,0.00,0.00,0.00,57.28
05:06:07,14,19.42,0.00,16.50,0.00,0.00,5.83,0.00,0.00,0.00,58.25
05:06:07,15,20.39,0.00,14.56,0.00,0.00,5.83,0.00,0.00,0.00,59.22
05:06:08,4,18.45,0.00,15.53,0.00,0.00,8.74,0.00,0.00,0.00,57.28
05:06:08,5,19.42,0.00,18.45,0.00,0.00,6.80,0.00,0.00,0.00,55.34
05:06:08,6,19.00,0.00,15.00,0.00,0.00,7.00,0.00,0.00,0.00,59.00
05:06:08,7,18.81,0.00,14.85,0.00,0.00,5.94,0.00,0.00,0.00,60.40
05:06:08,12,18.45,0.00,18.45,0.00,0.00,4.85,0.00,0.00,0.00,58.25
05:06:08,13,16.67,0.00,18.63,0.00,0.00,7.84,0.00,0.00,0.00,56.86
05:06:08,14,19.42,0.00,15.53,0.00,0.00,6.80,0.00,0.00,0.00,58.25
05:06:08,15,20.00,0.00,16.19,0.00,0.00,6.67,0.00,0.00,0.00,57.14
05:06:09,4,21.36,0.00,16.50,0.00,0.00,4.85,0.00,0.00,0.00,57.28
05:06:09,5,20.19,0.00,19.23,0.00,0.00,4.81,0.00,0.00,0.00,55.77
05:06:09,6,20.39,0.00,14.56,0.00,0.00,5.83,0.00,0.00,0.00,59.22
05:06:09,7,18.81,0.00,15.84,0.00,0.00,5.94,0.00,0.00,0.00,59.41
05:06:09,12,17.65,0.00,16.67,0.00,0.00,7.84,0.00,0.00,0.00,57.84
05:06:09,13,22.12,0.00,14.42,0.00,0.00,6.73,0.00,0.00,0.00,56.73
05:06:09,14,18.27,0.00,18.27,0.00,0.00,5.77,0.00,0.00,0.00,57.69
05:06:09,15,18.45,0.00,15.53,0.00,0.00,6.80,0.00,0.00,0.00,59.22
05:06:10,4,20.19,0.00,16.35,0.00,0.00,6.73,0.00,0.00,0.00,56.73
05:06:10,5,22.33,0.00,16.50,0.00,0.00,5.83,0.00,0.00,0.00,55.34
05:06:10,6,19.42,0.00,17.48,0.00,0.00,6.80,0.00,0.00,0.00,56.31
05:06:10,7,20.19,0.00,16.35,0.00,0.00,5.77,0.00,0.00,0.00,57.69
05:06:10,12,20.39,0.00,16.50,0.00,0.00,6.80,0.00,0.00,0.00,56.31
05:06:10,13,20.59,0.00,15.69,0.00,0.00,6.86,0.00,0.00,0.00,56.86
05:06:10,14,22.33,0.00,13.59,0.00,0.00,6.80,0.00,0.00,0.00,57.28
05:06:10,15,19.61,0.00,16.67,0.00,0.00,5.88,0.00,0.00,0.00,57.84
05:06:11,4,20.39,0.00,15.53,0.00,0.00,6.80,0.00,0.00,0.00,57.28
05:06:11,5,21.90,0.00,15.24,0.00,0.00,6.67,0.00,0.00,0.00,56.19
05:06:11,6,20.39,0.00,14.56,0.00,0.00,6.80,0.00,0.00,0.00,58.25
05:06:11,7,18.27,0.00,17.31,0.00,0.00,5.77,0.00,0.00,0.00,58.65
05:06:11,12,22.12,0.00,15.38,0.00,0.00,5.77,0.00,0.00,0.00,56.73
05:06:11,13,20.95,0.00,17.14,0.00,0.00,6.67,0.00,0.00,0.00,55.24
05:06:11,14,19.81,0.00,16.98,0.00,0.00,6.60,0.00,0.00,0.00,56.60
05:06:11,15,20.95,0.00,15.24,0.00,0.00,6.67,0.00,0.00,0.00,57.14
05:06:12,4,19.61,0.00,15.69,0.00,0.00,6.86,0.00,0.00,0.00,57.84
05:06:12,5,20.59,0.00,16.67,0.00,0.00,4.90,0.00,0.00,0.00,57.84
05:06:12,6,19.42,0.00,16.50,0.00,0.00,5.83,0.00,0.00,0.00,58.25
05:06:12,7,20.59,0.00,14.71,0.00,0.00,5.88,0.00,0.00,0.00,58.82
05:06:12,12,19.61,0.00,16.67,0.00,0.00,5.88,0.00,0.00,0.00,57.84
05:06:12,13,19.61,0.00,15.69,0.00,0.00,5.88,0.00,0.00,0.00,58.82
05:06:12,14,20.79,0.00,13.86,0.00,0.00,5.94,0.00,0.00,0.00,59.41
05:06:12,15,19.42,0.00,14.56,0.00,0.00,6.80,0.00,0.00,0.00,59.22
05:06:13,4,22.86,0.00,15.24,0.00,0.00,5.71,0.00,0.00,0.00,56.19
05:06:13,5,20.95,0.00,16.19,0.00,0.00,6.67,0.00,0.00,0.00,56.19
05:06:13,6,19.42,0.00,15.53,0.00,0.00,6.80,0.00,0.00,0.00,58.25
05:06:13,7,19.23,0.00,16.35,0.00,0.00,5.77,0.00,0.00,0.00,58.65
05:06:13,12,21.15,0.00,16.35,0.00,0.00,5.77,0.00,0.00,0.00,56.73
05:06:13,13,20.19,0.00,15.38,0.00,0.00,8.65,0.00,0.00,0.00,55.77
05:06:13,14,18.45,0.00,16.50,0.00,0.00,6.80,0.00,0.00,0.00,58.25
05:06:13,15,20.39,0.00,14.56,0.00,0.00,5.83,0.00,0.00,0.00,59.22
05:06:14,4,20.00,0.00,16.19,0.00,0.00,6.67,0.00,0.00,0.00,57.14
05:06:14,5,19.61,0.00,17.65,0.00,0.00,5.88,0.00,0.00,0.00,56.86
05:06:14,6,18.10,0.00,18.10,0.00,0.00,5.71,0.00,0.00,0.00,58.10
05:06:14,7,18.87,0.00,16.98,0.00,0.00,6.60,0.00,0.00,0.00,57.55
05:06:14,12,22.12,0.00,14.42,0.00,0.00,5.77,0.00,0.00,0.00,57.69
05:06:14,13,18.45,0.00,17.48,0.00,0.00,6.80,0.00,0.00,0.00,57.28
05:06:14,14,18.45,0.00,16.50,0.00,0.00,7.77,0.00,0.00,0.00,57.28
05:06:14,15,18.45,0.00,16.50,0.00,0.00,5.83,0.00,0.00,0.00,59.22
05:06:15,4,20.59,0.00,15.69,0.00,0.00,5.88,0.00,0.00,0.00,57.84
05:06:15,5,21.57,0.00,14.71,0.00,0.00,5.88,0.00,0.00,0.00,57.84
05:06:15,6,18.63,0.00,16.67,0.00,0.00,5.88,0.00,0.00,0.00,58.82
05:06:15,7,19.80,0.00,14.85,0.00,0.00,5.94,0.00,0.00,0.00,59.41
05:06:15,12,19.80,0.00,16.83,0.00,0.00,4.95,0.00,0.00,0.00,58.42
05:06:15,13,20.19,0.00,17.31,0.00,0.00,5.77,0.00,0.00,0.00,56.73
05:06:15,14,21.36,0.00,14.56,0.00,0.00,5.83,0.00,0.00,0.00,58.25
05:06:15,15,22.55,0.00,13.73,0.00,0.00,4.90,0.00,0.00,0.00,58.82
05:06:16,4,21.36,0.00,16.50,0.00,0.00,5.83,0.00,0.00,0.00,56.31
05:06:16,5,24.04,0.00,16.35,0.00,0.00,5.77,0.00,0.00,0.00,53.85
05:06:16,6,21.36,0.00,15.53,0.00,0.00,5.83,0.00,0.00,0.00,57.28
05:06:16,7,20.19,0.00,16.35,0.00,0.00,6.73,0.00,0.00,0.00,56.73
05:06:16,12,22.12,0.00,14.42,0.00,0.00,7.69,0.00,0.00,0.00,55.77
05:06:16,13,22.55,0.00,15.69,0.00,0.00,5.88,0.00,0.00,0.00,55.88
05:06:16,14,22.55,0.00,13.73,0.00,0.00,5.88,0.00,0.00,0.00,57.84
05:06:16,15,20.39,0.00,15.53,0.00,0.00,5.83,0.00,0.00,0.00,58.25
05:06:17,4,20.59,0.00,14.71,0.00,0.00,6.86,0.00,0.00,0.00,57.84
05:06:17,5,18.81,0.00,15.84,0.00,0.00,6.93,0.00,0.00,0.00,58.42
05:06:17,6,20.39,0.00,15.53,0.00,0.00,5.83,0.00,0.00,0.00,58.25
05:06:17,7,19.80,0.00,14.85,0.00,0.00,5.94,0.00,0.00,0.00,59.41
05:06:17,12,21.15,0.00,15.38,0.00,0.00,5.77,0.00,0.00,0.00,57.69
05:06:17,13,20.19,0.00,19.23,0.00,0.00,5.77,0.00,0.00,0.00,54.81
05:06:17,14,18.45,0.00,16.50,0.00,0.00,6.80,0.00,0.00,0.00,58.25
05:06:17,15,20.39,0.00,15.53,0.00,0.00,5.83,0.00,0.00,0.00,58.25
05:06:18,4,18.27,0.00,17.31,0.00,0.00,7.69,0.00,0.00,0.00,56.73
05:06:18,5,19.80,0.00,15.84,0.00,0.00,6.93,0.00,0.00,0.00,57.43
05:06:18,6,20.19,0.00,16.35,0.00,0.00,5.77,0.00,0.00,0.00,57.69
05:06:18,7,19.81,0.00,15.09,0.00,0.00,7.55,0.00,0.00,0.00,57.55
05:06:18,12,21.36,0.00,15.53,0.00,0.00,5.83,0.00,0.00,0.00,57.28
05:06:18,13,19.05,0.00,20.00,0.00,0.00,6.67,0.00,0.00,0.00,54.29
05:06:18,14,20.95,0.00,15.24,0.00,0.00,6.67,0.00,0.00,0.00,57.14
05:06:18,15,20.19,0.00,15.38,0.00,0.00,6.73,0.00,0.00,0.00,57.69
05:06:19,4,18.63,0.00,17.65,0.00,0.00,5.88,0.00,0.00,0.00,57.84
05:06:19,5,19.05,0.00,17.14,0.00,0.00,7.62,0.00,0.00,0.00,56.19
05:06:19,6,18.45,0.00,16.50,0.00,0.00,6.80,0.00,0.00,0.00,58.25
05:06:19,7,18.63,0.00,15.69,0.00,0.00,6.86,0.00,0.00,0.00,58.82
05:06:19,12,20.59,0.00,14.71,0.00,0.00,6.86,0.00,0.00,0.00,57.84
05:06:19,13,20.59,0.00,15.69,0.00,0.00,5.88,0.00,0.00,0.00,57.84
05:06:19,14,19.42,0.00,15.53,0.00,0.00,6.80,0.00,0.00,0.00,58.25
05:06:19,15,17.65,0.00,17.65,0.00,0.00,5.88,0.00,0.00,0.00,58.82
05:06:20,4,18.00,0.00,15.00,0.00,0.00,7.00,0.00,0.00,0.00,60.00
05:06:20,5,18.81,0.00,17.82,0.00,0.00,5.94,0.00,0.00,0.00,57.43
05:06:20,6,17.65,0.00,16.67,0.00,0.00,6.86,0.00,0.00,0.00,58.82
05:06:20,7,21.36,0.00,16.50,0.00,0.00,2.91,0.00,0.00,0.00,59.22
05:06:20,12,19.80,0.00,15.84,0.00,0.00,5.94,0.00,0.00,0.00,58.42
05:06:20,13,19.42,0.00,16.50,0.00,0.00,6.80,0.00,0.00,0.00,57.28
05:06:20,14,18.45,0.00,16.50,0.00,0.00,6.80,0.00,0.00,0.00,58.25
05:06:20,15,19.61,0.00,15.69,0.00,0.00,4.90,0.00,0.00,0.00,59.80
05:06:21,4,22.64,0.00,18.87,0.00,0.00,5.66,0.00,0.00,0.00,52.83
05:06:21,5,24.76,0.00,15.24,0.00,0.00,6.67,0.00,0.00,0.00,53.33
05:06:21,6,21.15,0.00,15.38,0.00,0.00,7.69,0.00,0.00,0.00,55.77
05:06:21,7,21.57,0.00,14.71,0.00,0.00,6.86,0.00,0.00,0.00,56.86
05:06:21,12,21.15,0.00,18.27,0.00,0.00,4.81,0.00,0.00,0.00,55.77
05:06:21,13,23.30,0.00,15.53,0.00,0.00,5.83,0.00,0.00,0.00,55.34
05:06:21,14,24.76,0.00,14.29,0.00,0.00,6.67,0.00,0.00,0.00,54.29
05:06:21,15,20.19,0.00,17.31,0.00,0.00,6.73,0.00,0.00,0.00,55.77
05:06:22,4,20.59,0.00,15.69,0.00,0.00,4.90,0.00,0.00,0.00,58.82
05:06:22,5,21.15,0.00,15.38,0.00,0.00,6.73,0.00,0.00,0.00,56.73
05:06:22,6,20.19,0.00,17.31,0.00,0.00,4.81,0.00,0.00,0.00,57.69
05:06:22,7,20.95,0.00,16.19,0.00,0.00,5.71,0.00,0.00,0.00,57.14
05:06:22,12,19.23,0.00,17.31,0.00,0.00,6.73,0.00,0.00,0.00,56.73
05:06:22,13,19.61,0.00,14.71,0.00,0.00,6.86,0.00,0.00,0.00,58.82
05:06:22,14,19.42,0.00,15.53,0.00,0.00,6.80,0.00,0.00,0.00,58.25
05:06:22,15,20.00,0.00,17.14,0.00,0.00,5.71,0.00,0.00,0.00,57.14
05:06:23,4,21.15,0.00,16.35,0.00,0.00,6.73,0.00,0.00,0.00,55.77
05:06:23,5,19.23,0.00,17.31,0.00,0.00,7.69,0.00,0.00,0.00,55.77
05:06:23,6,19.23,0.00,16.35,0.00,0.00,6.73,0.00,0.00,0.00,57.69
05:06:23,7,19.81,0.00,17.92,0.00,0.00,4.72,0.00,0.00,0.00,57.55
05:06:23,12,20.19,0.00,16.35,0.00,0.00,7.69,0.00,0.00,0.00,55.77
05:06:23,13,20.19,0.00,16.35,0.00,0.00,7.69,0.00,0.00,0.00,55.77
05:06:23,14,20.19,0.00,15.38,0.00,0.00,6.73,0.00,0.00,0.00,57.69
05:06:23,15,19.05,0.00,18.10,0.00,0.00,5.71,0.00,0.00,0.00,57.14
05:06:24,4,21.15,0.00,15.38,0.00,0.00,6.73,0.00,0.00,0.00,56.73
05:06:24,5,20.39,0.00,17.48,0.00,0.00,5.83,0.00,0.00,0.00,56.31
05:06:24,6,20.39,0.00,15.53,0.00,0.00,5.83,0.00,0.00,0.00,58.25
05:06:24,7,19.05,0.00,17.14,0.00,0.00,6.67,0.00,0.00,0.00,57.14
05:06:24,12,18.27,0.00,19.23,0.00,0.00,4.81,0.00,0.00,0.00,57.69
05:06:24,13,20.59,0.00,16.67,0.00,0.00,4.90,0.00,0.00,0.00,57.84
05:06:24,14,20.59,0.00,14.71,0.00,0.00,5.88,0.00,0.00,0.00,58.82
05:06:24,15,19.42,0.00,16.50,0.00,0.00,5.83,0.00,0.00,0.00,58.25
05:06:25,4,19.23,0.00,17.31,0.00,0.00,6.73,0.00,0.00,0.00,56.73
05:06:25,5,21.15,0.00,15.38,0.00,0.00,6.73,0.00,0.00,0.00,56.73
05:06:25,6,20.39,0.00,14.56,0.00,0.00,5.83,0.00,0.00,0.00,59.22
05:06:25,7,18.27,0.00,16.35,0.00,0.00,6.73,0.00,0.00,0.00,58.65
05:06:25,12,20.39,0.00,15.53,0.00,0.00,6.80,0.00,0.00,0.00,57.28
05:06:25,13,20.39,0.00,16.50,0.00,0.00,5.83,0.00,0.00,0.00,57.28
05:06:25,14,22.33,0.00,13.59,0.00,0.00,5.83,0.00,0.00,0.00,58.25
05:06:25,15,18.87,0.00,16.04,0.00,0.00,7.55,0.00,0.00,0.00,57.55
05:06:26,4,21.57,0.00,15.69,0.00,0.00,6.86,0.00,0.00,0.00,55.88
05:06:26,5,20.59,0.00,17.65,0.00,0.00,6.86,0.00,0.00,0.00,54.90
05:06:26,6,20.00,0.00,15.00,1.00,0.00,7.00,0.00,0.00,0.00,57.00
05:06:26,7,20.19,0.00,16.35,0.00,0.00,5.77,0.00,0.00,0.00,57.69
05:06:26,12,22.33,0.00,15.53,0.00,0.00,5.83,0.00,0.00,0.00,56.31
05:06:26,13,22.33,0.00,14.56,0.00,0.00,7.77,0.00,0.00,0.00,55.34
05:06:26,14,20.39,0.00,16.50,0.00,0.00,5.83,0.00,0.00,0.00,57.28
05:06:26,15,21.57,0.00,14.71,0.00,0.00,5.88,0.00,0.00,0.00,57.84
05:06:27,4,20.59,0.00,15.69,0.00,0.00,5.88,0.00,0.00,0.00,57.84
05:06:27,5,20.39,0.00,17.48,0.00,0.00,4.85,0.00,0.00,0.00,57.28
05:06:27,6,19.61,0.00,15.69,0.00,0.00,5.88,0.00,0.00,0.00,58.82
05:06:27,7,20.39,0.00,13.59,0.00,0.00,6.80,0.00,0.00,0.00,59.22
05:06:27,12,19.00,0.00,15.00,0.00,0.00,7.00,0.00,0.00,0.00,59.00
05:06:27,13,19.23,0.00,17.31,0.00,0.00,5.77,0.00,0.00,0.00,57.69
05:06:27,14,20.19,0.00,15.38,0.00,0.00,6.73,0.00,0.00,0.00,57.69
05:06:27,15,19.05,0.00,16.19,0.00,0.00,6.67,0.00,0.00,0.00,58.10
05:06:28,4,19.61,0.00,15.69,0.00,0.00,6.86,0.00,0.00,0.00,57.84
05:06:28,5,19.42,0.00,18.45,0.00,0.00,5.83,0.00,0.00,0.00,56.31
05:06:28,6,20.19,0.00,15.38,0.00,0.00,6.73,0.00,0.00,0.00,57.69
05:06:28,7,20.19,0.00,16.35,0.00,0.00,5.77,0.00,0.00,0.00,57.69
05:06:28,12,21.50,0.00,15.89,0.00,0.00,7.48,0.00,0.00,0.00,55.14
05:06:28,13,20.95,0.00,17.14,0.00,0.00,5.71,0.00,0.00,0.00,56.19
05:06:28,14,17.14,0.00,18.10,0.00,0.00,7.62,0.00,0.00,0.00,57.14
05:06:28,15,21.15,0.00,15.38,0.00,0.00,5.77,0.00,0.00,0.00,57.69
05:06:29,4,20.19,0.00,15.38,0.00,0.00,6.73,0.00,0.00,0.00,57.69
05:06:29,5,18.27,0.00,19.23,0.00,0.00,6.73,0.00,0.00,0.00,55.77
05:06:29,6,19.23,0.00,16.35,0.00,0.00,6.73,0.00,0.00,0.00,57.69
05:06:29,7,20.39,0.00,15.53,0.00,0.00,4.85,0.00,0.00,0.00,59.22
05:06:29,12,20.39,0.00,15.53,0.00,0.00,6.80,0.00,0.00,0.00,57.28
05:06:29,13,20.95,0.00,16.19,0.00,0.00,6.67,0.00,0.00,0.00,56.19
05:06:29,14,21.15,0.00,15.38,0.00,0.00,5.77,0.00,0.00,0.00,57.69
05:06:29,15,19.42,0.00,15.53,0.00,0.00,6.80,0.00,0.00,0.00,58.25
05:06:30,4,19.42,0.00,16.50,0.00,0.00,5.83,0.00,0.00,0.00,58.25
05:06:30,5,19.61,0.00,17.65,0.00,0.00,4.90,0.00,0.00,0.00,57.84
05:06:30,6,20.39,0.00,15.53,0.00,0.00,4.85,0.00,0.00,0.00,59.22
05:06:30,7,18.81,0.00,14.85,0.00,0.00,5.94,0.00,0.00,0.00,60.40
05:06:30,12,19.19,0.00,15.15,0.00,0.00,6.06,0.00,0.00,0.00,59.60
05:06:30,13,19.61,0.00,14.71,0.00,0.00,6.86,0.00,0.00,0.00,58.82
05:06:30,14,19.61,0.00,14.71,0.00,0.00,5.88,0.00,0.00,0.00,59.80
05:06:30,15,18.81,0.00,15.84,0.00,0.00,4.95,0.00,0.00,0.00,60.40
05:06:31,4,19.23,0.00,19.23,0.00,0.00,5.77,0.00,0.00,0.00,55.77
05:06:31,5,20.39,0.00,18.45,0.00,0.00,5.83,0.00,0.00,0.00,55.34
05:06:31,6,21.90,0.00,15.24,0.00,0.00,6.67,0.00,0.00,0.00,56.19
05:06:31,7,20.39,0.00,16.50,0.00,0.00,5.83,0.00,0.00,0.00,57.28
05:06:31,12,20.19,0.00,18.27,0.00,0.00,5.77,0.00,0.00,0.00,55.77
05:06:31,13,23.08,0.00,18.27,0.00,0.00,5.77,0.00,0.00,0.00,52.88
05:06:31,14,21.57,0.00,15.69,0.00,0.00,5.88,0.00,0.00,0.00,56.86
05:06:31,15,20.00,0.00,16.19,0.00,0.00,6.67,0.00,0.00,0.00,57.14
05:06:32,4,20.39,0.00,15.53,0.00,0.00,6.80,0.00,0.00,0.00,57.28
05:06:32,5,23.30,0.00,14.56,0.00,0.00,4.85,0.00,0.00,0.00,57.28
05:06:32,6,20.39,0.00,15.53,0.00,0.00,5.83,0.00,0.00,0.00,58.25
05:06:32,7,21.36,0.00,15.53,0.00,0.00,4.85,0.00,0.00,0.00,58.25
05:06:32,12,19.42,0.00,14.56,0.00,0.00,8.74,0.00,0.00,0.00,57.28
05:06:32,13,18.63,0.00,16.67,0.00,0.00,6.86,0.00,0.00,0.00,57.84
05:06:32,14,18.45,0.00,16.50,0.00,0.00,6.80,0.00,0.00,0.00,58.25
05:06:32,15,19.42,0.00,15.53,0.00,0.00,6.80,0.00,0.00,0.00,58.25
05:06:33,4,18.63,0.00,16.67,0.00,0.00,5.88,0.00,0.00,0.00,58.82
05:06:33,5,21.57,0.00,14.71,0.00,0.00,5.88,0.00,0.00,0.00,57.84
05:06:33,6,17.65,0.00,16.67,0.00,0.00,6.86,0.00,0.00,0.00,58.82
05:06:33,7,19.80,0.00,13.86,0.00,0.00,5.94,0.00,0.00,0.00,60.40
05:06:33,12,19.61,0.00,15.69,0.00,0.00,5.88,0.00,0.00,0.00,58.82
05:06:33,13,18.45,0.00,18.45,0.00,0.00,5.83,0.00,0.00,0.00,57.28
05:06:33,14,19.42,0.00,15.53,0.00,0.00,6.80,0.00,0.00,0.00,58.25
05:06:33,15,18.63,0.00,16.67,0.00,0.00,4.90,0.00,0.00,0.00,59.80
05:06:34,4,20.19,0.00,17.31,0.00,0.00,5.77,0.00,0.00,0.00,56.73
05:06:34,5,20.00,0.00,14.00,0.00,0.00,6.00,0.00,0.00,0.00,60.00
05:06:34,6,20.00,0.00,17.14,0.00,0.00,5.71,0.00,0.00,0.00,57.14
05:06:34,7,18.27,0.00,16.35,0.00,0.00,6.73,0.00,0.00,0.00,58.65
05:06:34,12,21.15,0.00,16.35,0.00,0.00,5.77,0.00,0.00,0.00,56.73
05:06:34,13,21.78,0.00,14.85,0.00,0.00,4.95,0.00,0.00,0.00,58.42
05:06:34,14,20.95,0.00,15.24,0.00,0.00,6.67,0.00,0.00,0.00,57.14
05:06:34,15,19.81,0.00,16.04,0.00,0.00,6.60,0.00,0.00,0.00,57.55
05:06:35,4,19.61,0.00,15.69,0.00,0.00,5.88,0.00,0.00,0.00,58.82
05:06:35,5,19.80,0.00,16.83,0.00,0.00,5.94,0.00,0.00,0.00,57.43
05:06:35,6,18.81,0.00,15.84,0.00,0.00,5.94,0.00,0.00,0.00,59.41
05:06:35,7,18.63,0.00,14.71,0.00,0.00,6.86,0.00,0.00,0.00,59.80
05:06:35,12,18.81,0.00,16.83,0.00,0.00,5.94,0.00,0.00,0.00,58.42
05:06:35,13,20.59,0.00,15.69,0.00,0.00,5.88,0.00,0.00,0.00,57.84
05:06:35,14,20.00,0.00,15.00,0.00,0.00,6.00,0.00,0.00,0.00,59.00
05:06:35,15,19.00,0.00,16.00,0.00,0.00,5.00,0.00,0.00,0.00,60.00
05:06:36,4,22.33,0.00,15.53,0.00,0.00,5.83,0.00,0.00,0.00,56.31
05:06:36,5,21.15,0.00,18.27,0.00,0.00,5.77,0.00,0.00,0.00,54.81
05:06:36,6,20.39,0.00,17.48,0.00,0.00,5.83,0.00,0.00,0.00,56.31
05:06:36,7,22.33,0.00,14.56,0.00,0.00,5.83,0.00,0.00,0.00,57.28
05:06:36,12,20.59,0.00,16.67,0.00,0.00,5.88,0.00,0.00,0.00,56.86
05:06:36,13,19.80,0.00,17.82,0.00,0.00,5.94,0.00,0.00,0.00,56.44
05:06:36,14,19.61,0.00,16.67,0.00,0.00,5.88,0.00,0.00,0.00,57.84
05:06:36,15,18.45,0.00,17.48,0.00,0.00,6.80,0.00,0.00,0.00,57.28
05:06:37,4,21.36,0.00,16.50,0.00,0.00,4.85,0.00,0.00,0.00,57.28
05:06:37,5,20.95,0.00,17.14,0.00,0.00,5.71,0.00,0.00,0.00,56.19
05:06:37,6,20.75,0.00,16.98,0.00,0.00,5.66,0.00,0.00,0.00,56.60
05:06:37,7,21.15,0.00,15.38,0.00,0.00,5.77,0.00,0.00,0.00,57.69
05:06:37,12,20.39,0.00,15.53,0.00,0.00,6.80,0.00,0.00,0.00,57.28
05:06:37,13,19.81,0.00,16.98,0.00,0.00,7.55,0.00,0.00,0.00,55.66
05:06:37,14,20.00,0.00,15.24,0.00,0.00,7.62,0.00,0.00,0.00,57.14
05:06:37,15,18.10,0.00,16.19,0.00,0.00,7.62,0.00,0.00,0.00,58.10
05:06:38,4,19.42,0.00,16.50,0.00,0.00,6.80,0.00,0.00,0.00,57.28
05:06:38,5,17.48,0.00,18.45,0.00,0.00,6.80,0.00,0.00,0.00,57.28
05:06:38,6,18.45,0.00,17.48,0.00,0.00,5.83,0.00,0.00,0.00,58.25
05:06:38,7,20.37,0.00,15.74,0.00,0.00,7.41,0.00,0.00,0.00,56.48
05:06:38,12,19.05,0.00,17.14,0.00,0.00,7.62,0.00,0.00,0.00,56.19
05:06:38,13,19.42,0.00,15.53,0.00,0.00,7.77,0.00,0.00,0.00,57.28
05:06:38,14,20.95,0.00,16.19,0.00,0.00,6.67,0.00,0.00,0.00,56.19
05:06:38,15,20.19,0.00,16.35,0.00,0.00,5.77,0.00,0.00,0.00,57.69
05:06:39,4,21.90,0.00,15.24,0.00,0.00,6.67,0.00,0.00,0.00,56.19
05:06:39,5,21.15,0.00,16.35,0.00,0.00,6.73,0.00,0.00,0.00,55.77
05:06:39,6,18.63,0.00,16.67,0.00,0.00,5.88,0.00,0.00,0.00,58.82
05:06:39,7,21.90,0.00,14.29,0.00,0.00,6.67,0.00,0.00,0.00,57.14
05:06:39,12,21.78,0.00,15.84,0.00,0.00,4.95,0.00,0.00,0.00,57.43
05:06:39,13,20.39,0.00,16.50,0.00,0.00,6.80,0.00,0.00,0.00,56.31
05:06:39,14,17.48,0.00,16.50,0.00,0.00,7.77,0.00,0.00,0.00,58.25
05:06:39,15,20.56,0.00,16.82,0.00,0.00,6.54,0.00,0.00,0.00,56.07
05:06:40,4,21.00,0.00,15.00,0.00,0.00,5.00,0.00,0.00,0.00,59.00
05:06:40,5,18.00,0.00,18.00,0.00,0.00,6.00,0.00,0.00,0.00,58.00
05:06:40,6,20.19,0.00,15.38,0.00,0.00,6.73,0.00,0.00,0.00,57.69
05:06:40,7,18.45,0.00,16.50,0.00,0.00,6.80,0.00,0.00,0.00,58.25
05:06:40,12,18.45,0.00,15.53,0.00,0.00,7.77,0.00,0.00,0.00,58.25
05:06:40,13,19.42,0.00,17.48,0.00,0.00,5.83,0.00,0.00,0.00,57.28
05:06:40,14,21.15,0.00,15.38,0.00,0.00,5.77,0.00,0.00,0.00,57.69
05:06:40,15,18.63,0.00,16.67,0.00,0.00,5.88,0.00,0.00,0.00,58.82
05:06:41,4,20.20,0.00,15.15,0.00,0.00,6.06,0.00,0.00,0.00,58.59
05:06:41,5,22.12,0.00,16.35,0.00,0.00,6.73,0.00,0.00,0.00,54.81
05:06:41,6,18.63,0.00,15.69,0.98,0.00,6.86,0.00,0.00,0.00,57.84
05:06:41,7,20.59,0.00,15.69,0.98,0.00,4.90,0.00,0.00,0.00,57.84
05:06:41,12,20.79,0.00,15.84,0.00,0.00,6.93,0.00,0.00,0.00,56.44
05:06:41,13,22.33,0.00,16.50,0.00,0.00,4.85,0.00,0.00,0.00,56.31
05:06:41,14,18.81,0.00,16.83,0.00,0.00,6.93,0.00,0.00,0.00,57.43
05:06:41,15,19.61,0.00,15.69,0.00,0.00,5.88,0.00,0.00,0.00,58.82
05:06:42,4,20.19,0.00,16.35,0.00,0.00,6.73,0.00,0.00,0.00,56.73
05:06:42,5,20.00,0.00,16.00,0.00,0.00,5.00,0.00,0.00,0.00,59.00
05:06:42,6,17.65,0.00,16.67,0.00,0.00,6.86,0.00,0.00,0.00,58.82
05:06:42,7,17.65,0.00,15.69,0.00,0.00,6.86,0.00,0.00,0.00,59.80
05:06:42,12,19.42,0.00,15.53,0.00,0.00,6.80,0.00,0.00,0.00,58.25
05:06:42,13,20.59,0.00,16.67,0.00,0.00,5.88,0.00,0.00,0.00,56.86
05:06:42,14,17.48,0.00,18.45,0.00,0.00,5.83,0.00,0.00,0.00,58.25
05:06:42,15,17.65,0.00,16.67,0.00,0.00,5.88,0.00,0.00,0.00,59.80
05:06:43,4,20.39,0.00,16.50,0.00,0.00,4.85,0.00,0.00,0.00,58.25
05:06:43,5,21.90,0.00,15.24,0.00,0.00,6.67,0.00,0.00,0.00,56.19
05:06:43,6,21.15,0.00,15.38,0.00,0.00,5.77,0.00,0.00,0.00,57.69
05:06:43,7,21.90,0.00,15.24,0.00,0.00,5.71,0.00,0.00,0.00,57.14
05:06:43,12,21.15,0.00,15.38,0.00,0.00,6.73,0.00,0.00,0.00,56.73
05:06:43,13,20.39,0.00,15.53,0.00,0.00,6.80,0.00,0.00,0.00,57.28
05:06:43,14,19.05,0.00,17.14,0.00,0.00,6.67,0.00,0.00,0.00,57.14
05:06:43,15,20.95,0.00,15.24,0.00,0.00,6.67,0.00,0.00,0.00,57.14
05:06:44,4,19.23,0.00,17.31,0.00,0.00,6.73,0.00,0.00,0.00,56.73
05:06:44,5,20.59,0.00,15.69,0.00,0.00,5.88,0.00,0.00,0.00,57.84
05:06:44,6,19.42,0.00,14.56,0.00,0.00,7.77,0.00,0.00,0.00,58.25
05:06:44,7,18.45,0.00,16.50,0.00,0.00,5.83,0.00,0.00,0.00,59.22
05:06:44,12,18.81,0.00,16.83,0.00,0.00,5.94,0.00,0.00,0.00,58.42
05:06:44,13,20.59,0.00,14.71,0.00,0.00,6.86,0.00,0.00,0.00,57.84
05:06:44,14,18.81,0.00,16.83,0.00,0.00,5.94,0.00,0.00,0.00,58.42
05:06:44,15,18.45,0.00,17.48,0.00,0.00,5.83,0.00,0.00,0.00,58.25
05:06:45,4,19.81,0.00,16.98,0.00,0.00,7.55,0.00,0.00,0.00,55.66
05:06:45,5,20.19,0.00,17.31,0.00,0.00,5.77,0.00,0.00,0.00,56.73
05:06:45,6,20.56,0.00,16.82,0.00,0.00,6.54,0.00,0.00,0.00,56.07
05:06:45,7,20.19,0.00,16.35,0.00,0.00,5.77,0.00,0.00,0.00,57.69
05:06:45,12,19.23,0.00,17.31,0.00,0.00,6.73,0.00,0.00,0.00,56.73
05:06:45,13,20.00,0.00,17.14,0.00,0.00,6.67,0.00,0.00,0.00,56.19
05:06:45,14,19.81,0.00,16.98,0.00,0.00,6.60,0.00,0.00,0.00,56.60
05:06:45,15,21.15,0.00,15.38,0.00,0.00,4.81,0.00,0.00,0.00,58.65
05:06:46,4,21.00,0.00,17.00,0.00,0.00,5.00,0.00,0.00,0.00,57.00
05:06:46,5,21.78,0.00,17.82,0.00,0.00,6.93,0.00,0.00,0.00,53.47
05:06:46,6,18.10,0.00,17.14,0.00,0.00,7.62,0.00,0.00,0.00,57.14
05:06:46,7,20.19,0.00,14.42,0.00,0.00,7.69,0.00,0.00,0.00,57.69
05:06:46,12,18.81,0.00,17.82,0.00,0.00,5.94,0.00,0.00,0.00,57.43
05:06:46,13,19.00,0.00,16.00,0.00,0.00,7.00,0.00,0.00,0.00,58.00
05:06:46,14,18.63,0.00,16.67,0.00,0.00,6.86,0.00,0.00,0.00,57.84
05:06:46,15,17.31,0.00,18.27,0.00,0.00,7.69,0.00,0.00,0.00,56.73
05:06:47,4,18.63,0.00,16.67,0.00,0.00,5.88,0.00,0.00,0.00,58.82
05:06:47,5,20.39,0.00,15.53,0.00,0.00,5.83,0.00,0.00,0.00,58.25
05:06:47,6,18.81,0.00,15.84,0.00,0.00,5.94,0.00,0.00,0.00,59.41
05:06:47,7,19.61,0.00,16.67,0.00,0.00,3.92,0.00,0.00,0.00,59.80
05:06:47,12,18.63,0.00,15.69,0.00,0.00,6.86,0.00,0.00,0.00,58.82
05:06:47,13,18.27,0.00,18.27,0.00,0.00,6.73,0.00,0.00,0.00,56.73
05:06:47,14,19.80,0.00,14.85,0.00,0.00,4.95,0.00,0.00,0.00,60.40
05:06:47,15,19.61,0.00,13.73,0.00,0.00,6.86,0.00,0.00,0.00,59.80
05:06:48,4,21.15,0.00,15.38,0.00,0.00,6.73,0.00,0.00,0.00,56.73
05:06:48,5,20.39,0.00,17.48,0.00,0.00,5.83,0.00,0.00,0.00,56.31
05:06:48,6,20.59,0.00,15.69,0.00,0.00,4.90,0.00,0.00,0.00,58.82
05:06:48,7,19.23,0.00,14.42,0.00,0.00,7.69,0.00,0.00,0.00,58.65
05:06:48,12,20.19,0.00,16.35,0.00,0.00,6.73,0.00,0.00,0.00,56.73
05:06:48,13,21.15,0.00,14.42,0.00,0.00,7.69,0.00,0.00,0.00,56.73
05:06:48,14,20.19,0.00,16.35,0.00,0.00,6.73,0.00,0.00,0.00,56.73
05:06:48,15,21.15,0.00,15.38,0.00,0.00,4.81,0.00,0.00,0.00,58.65
05:06:49,4,20.95,0.00,16.19,0.00,0.00,6.67,0.00,0.00,0.00,56.19
05:06:49,5,19.42,0.00,17.48,0.00,0.00,6.80,0.00,0.00,0.00,56.31
05:06:49,6,19.81,0.00,16.98,0.00,0.00,6.60,0.00,0.00,0.00,56.60
05:06:49,7,20.39,0.00,14.56,0.00,0.00,6.80,0.00,0.00,0.00,58.25
05:06:49,12,20.19,0.00,17.31,0.00,0.00,5.77,0.00,0.00,0.00,56.73
05:06:49,13,22.12,0.00,17.31,0.00,0.00,5.77,0.00,0.00,0.00,54.81
05:06:49,14,20.00,0.00,16.19,0.00,0.00,6.67,0.00,0.00,0.00,57.14
05:06:49,15,19.42,0.00,16.50,0.00,0.00,5.83,0.00,0.00,0.00,58.25
05:06:50,4,18.81,0.00,15.84,0.00,0.00,5.94,0.00,0.00,0.00,59.41
05:06:50,5,20.00,0.00,16.19,0.00,0.00,7.62,0.00,0.00,0.00,56.19
05:06:50,6,17.65,0.00,17.65,0.00,0.00,6.86,0.00,0.00,0.00,57.84
05:06:50,7,21.90,0.00,15.24,0.00,0.00,5.71,0.00,0.00,0.00,57.14
05:06:50,12,19.80,0.00,15.84,0.00,0.00,5.94,0.00,0.00,0.00,58.42
05:06:50,13,20.39,0.00,15.53,0.00,0.00,7.77,0.00,0.00,0.00,56.31
05:06:50,14,19.23,0.00,17.31,0.00,0.00,6.73,0.00,0.00,0.00,56.73
05:06:50,15,20.39,0.00,15.53,0.00,0.00,5.83,0.00,0.00,0.00,58.25
05:06:51,4,20.79,0.00,15.84,0.00,0.00,5.94,0.00,0.00,0.00,57.43
05:06:51,5,21.57,0.00,16.67,0.00,0.00,6.86,0.00,0.00,0.00,54.90
05:06:51,6,19.42,0.00,16.50,0.00,0.00,5.83,0.00,0.00,0.00,58.25
05:06:51,7,18.45,0.00,16.50,0.00,0.00,6.80,0.00,0.00,0.00,58.25
05:06:51,12,19.61,0.00,17.65,0.00,0.00,4.90,0.00,0.00,0.00,57.84
05:06:51,13,20.19,0.00,16.35,0.00,0.00,6.73,0.00,0.00,0.00,56.73
05:06:51,14,20.79,0.00,13.86,0.00,0.00,6.93,0.00,0.00,0.00,58.42
05:06:51,15,18.45,0.00,15.53,0.00,0.00,7.77,0.00,0.00,0.00,58.25
05:06:52,4,20.19,0.00,15.38,0.00,0.00,6.73,0.00,0.00,0.00,57.69
05:06:52,5,19.42,0.00,15.53,0.00,0.00,6.80,0.00,0.00,0.00,58.25
05:06:52,6,20.59,0.00,14.71,0.00,0.00,5.88,0.00,0.00,0.00,58.82
05:06:52,7,19.61,0.00,14.71,0.00,0.00,5.88,0.00,0.00,0.00,59.80
05:06:52,12,19.61,0.00,15.69,0.00,0.00,6.86,0.00,0.00,0.00,57.84
05:06:52,13,19.42,0.00,18.45,0.00,0.00,5.83,0.00,0.00,0.00,56.31
05:06:52,14,17.65,0.00,16.67,0.00,0.00,6.86,0.00,0.00,0.00,58.82
05:06:52,15,19.42,0.00,15.53,0.00,0.00,5.83,0.00,0.00,0.00,59.22
05:06:53,4,20.39,0.00,15.53,0.00,0.00,6.80,0.00,0.00,0.00,57.28
05:06:53,5,19.61,0.00,15.69,0.00,0.00,5.88,0.00,0.00,0.00,58.82
05:06:53,6,19.23,0.00,16.35,0.00,0.00,6.73,0.00,0.00,0.00,57.69
05:06:53,7,20.59,0.00,13.73,0.00,0.00,5.88,0.00,0.00,0.00,59.80
05:06:53,12,19.61,0.00,15.69,0.00,0.00,5.88,0.00,0.00,0.00,58.82
05:06:53,13,19.80,0.00,15.84,0.00,0.00,5.94,0.00,0.00,0.00,58.42
05:06:53,14,19.61,0.00,16.67,0.00,0.00,4.90,0.00,0.00,0.00,58.82
05:06:53,15,19.61,0.00,15.69,0.00,0.00,4.90,0.00,0.00,0.00,59.80
05:06:54,4,20.39,0.00,16.50,0.00,0.00,5.83,0.00,0.00,0.00,57.28
05:06:54,5,22.33,0.00,15.53,0.00,0.00,5.83,0.00,0.00,0.00,56.31
05:06:54,6,18.81,0.00,16.83,0.00,0.00,4.95,0.00,0.00,0.00,59.41
05:06:54,7,20.95,0.00,14.29,0.00,0.00,6.67,0.00,0.00,0.00,58.10
05:06:54,12,20.59,0.00,15.69,0.00,0.00,5.88,0.00,0.00,0.00,57.84
05:06:54,13,22.64,0.00,16.98,0.00,0.00,5.66,0.00,0.00,0.00,54.72
05:06:54,14,20.19,0.00,15.38,0.00,0.00,6.73,0.00,0.00,0.00,57.69
05:06:54,15,20.95,0.00,14.29,0.00,0.00,6.67,0.00,0.00,0.00,58.10
05:06:55,4,21.90,0.00,14.29,0.00,0.00,6.67,0.00,0.00,0.00,57.14
05:06:55,5,19.61,0.00,14.71,0.00,0.00,7.84,0.00,0.00,0.00,57.84
05:06:55,6,20.19,0.00,15.38,0.00,0.00,6.73,0.00,0.00,0.00,57.69
05:06:55,7,19.05,0.00,16.19,0.00,0.00,6.67,0.00,0.00,0.00,58.10
05:06:55,12,21.15,0.00,16.35,0.00,0.00,5.77,0.00,0.00,0.00,56.73
05:06:55,13,18.45,0.00,16.50,0.00,0.00,7.77,0.00,0.00,0.00,57.28
05:06:55,14,19.23,0.00,17.31,0.00,0.00,5.77,0.00,0.00,0.00,57.69
05:06:55,15,20.19,0.00,16.35,0.00,0.00,5.77,0.00,0.00,0.00,57.69
05:06:56,4,19.80,0.00,15.84,0.00,0.00,6.93,0.00,0.00,0.00,57.43
05:06:56,5,22.00,0.00,16.00,0.00,0.00,5.00,0.00,0.00,0.00,57.00
05:06:56,6,19.61,0.00,17.65,0.00,0.00,4.90,0.00,0.00,0.00,57.84
05:06:56,7,18.00,0.00,15.00,0.00,0.00,7.00,0.00,0.00,0.00,60.00
05:06:56,12,20.39,0.00,15.53,0.00,0.00,7.77,0.00,0.00,0.00,56.31
05:06:56,13,20.79,0.00,15.84,0.00,0.00,5.94,0.00,0.00,0.00,57.43
05:06:56,14,18.81,0.00,16.83,0.00,0.00,5.94,0.00,0.00,0.00,58.42
05:06:56,15,19.19,0.00,15.15,0.00,0.00,5.05,0.00,0.00,0.00,60.61
05:06:57,4,18.27,0.00,19.23,0.00,0.00,5.77,0.00,0.00,0.00,56.73
05:06:57,5,19.61,0.00,16.67,0.00,0.00,5.88,0.00,0.00,0.00,57.84
05:06:57,6,21.36,0.00,14.56,0.00,0.00,5.83,0.00,0.00,0.00,58.25
05:06:57,7,19.42,0.00,14.56,0.00,0.00,7.77,0.00,0.00,0.00,58.25
05:06:57,12,22.12,0.00,15.38,0.00,0.00,5.77,0.00,0.00,0.00,56.73
05:06:57,13,21.70,0.00,15.09,0.00,0.00,7.55,0.00,0.00,0.00,55.66
05:06:57,14,20.75,0.00,17.92,0.00,0.00,4.72,0.00,0.00,0.00,56.60
05:06:57,15,18.87,0.00,16.98,0.00,0.00,6.60,0.00,0.00,0.00,57.55
05:06:58,4,18.87,0.00,16.98,0.00,0.00,7.55,0.00,0.00,0.00,56.60
05:06:58,5,19.05,0.00,16.19,0.00,0.00,7.62,0.00,0.00,0.00,57.14
05:06:58,6,19.63,0.00,15.89,0.00,0.00,7.48,0.00,0.00,0.00,57.01
05:06:58,7,19.42,0.00,14.56,0.00,0.00,6.80,0.00,0.00,0.00,59.22
05:06:58,12,19.61,0.00,16.67,0.00,0.00,5.88,0.00,0.00,0.00,57.84
05:06:58,13,19.42,0.00,17.48,0.00,0.00,4.85,0.00,0.00,0.00,58.25
05:06:58,14,19.23,0.00,16.35,0.00,0.00,6.73,0.00,0.00,0.00,57.69
05:06:58,15,20.00,0.00,16.19,0.00,0.00,5.71,0.00,0.00,0.00,58.10
05:06:59,4,17.65,0.00,17.65,0.00,0.00,5.88,0.00,0.00,0.00,58.82
05:06:59,5,17.65,0.00,18.63,0.00,0.00,6.86,0.00,0.00,0.00,56.86
05:06:59,6,20.39,0.00,14.56,0.00,0.00,6.80,0.00,0.00,0.00,58.25
05:06:59,7,19.23,0.00,15.38,0.00,0.00,6.73,0.00,0.00,0.00,58.65
05:06:59,12,18.45,0.00,16.50,0.00,0.00,7.77,0.00,0.00,0.00,57.28
05:06:59,13,17.65,0.00,17.65,0.00,0.00,6.86,0.00,0.00,0.00,57.84
05:06:59,14,18.63,0.00,15.69,0.00,0.00,6.86,0.00,0.00,0.00,58.82
05:06:59,15,19.05,0.00,16.19,0.00,0.00,6.67,0.00,0.00,0.00,58.10
05:07:00,4,20.59,0.00,15.69,0.00,0.00,5.88,0.00,0.00,0.00,57.84
05:07:00,5,19.42,0.00,15.53,0.00,0.00,6.80,0.00,0.00,0.00,58.25
05:07:00,6,20.39,0.00,15.53,0.00,0.00,5.83,0.00,0.00,0.00,58.25
05:07:00,7,19.23,0.00,15.38,0.00,0.00,6.73,0.00,0.00,0.00,58.65
05:07:00,12,19.61,0.00,15.69,0.00,0.00,5.88,0.00,0.00,0.00,58.82
05:07:00,13,22.12,0.00,15.38,0.00,0.00,5.77,0.00,0.00,0.00,56.73
05:07:00,14,20.19,0.00,16.35,0.00,0.00,5.77,0.00,0.00,0.00,57.69
05:07:00,15,18.63,0.00,16.67,0.00,0.00,5.88,0.00,0.00,0.00,58.82
05:07:01,4,19.42,0.00,16.50,0.00,0.00,6.80,0.00,0.00,0.00,57.28
05:07:01,5,19.61,0.00,14.71,0.00,0.00,7.84,0.00,0.00,0.00,57.84
05:07:01,6,20.39,0.00,14.56,0.00,0.00,7.77,0.00,0.00,0.00,57.28
05:07:01,7,17.31,0.00,17.31,0.00,0.00,7.69,0.00,0.00,0.00,57.69
05:07:01,12,19.42,0.00,15.53,0.97,0.00,7.77,0.00,0.00,0.00,56.31
05:07:01,13,22.55,0.00,17.65,0.00,0.00,4.90,0.00,0.00,0.00,54.90
05:07:01,14,20.39,0.00,15.53,0.00,0.00,6.80,0.00,0.00,0.00,57.28
05:07:01,15,20.39,0.00,14.56,0.00,0.00,6.80,0.00,0.00,0.00,58.25
05:07:02,4,23.08,0.00,13.46,0.00,0.00,6.73,0.00,0.00,0.00,56.73
05:07:02,5,21.90,0.00,16.19,0.00,0.00,6.67,0.00,0.00,0.00,55.24
05:07:02,6,20.39,0.00,15.53,0.00,0.00,6.80,0.00,0.00,0.00,57.28
05:07:02,7,18.27,0.00,17.31,0.00,0.00,7.69,0.00,0.00,0.00,56.73
05:07:02,12,20.95,0.00,14.29,0.00,0.00,8.57,0.00,0.00,0.00,56.19
05:07:02,13,22.12,0.00,17.31,0.00,0.00,5.77,0.00,0.00,0.00,54.81
05:07:02,14,20.19,0.00,16.35,0.00,0.00,6.73,0.00,0.00,0.00,56.73
05:07:02,15,20.19,0.00,15.38,0.00,0.00,6.73,0.00,0.00,0.00,57.69
05:07:03,4,18.45,0.00,16.50,0.00,0.00,6.80,0.00,0.00,0.00,58.25
05:07:03,5,20.39,0.00,15.53,0.00,0.00,6.80,0.00,0.00,0.00,57.28
05:07:03,6,18.63,0.00,17.65,0.00,0.00,4.90,0.00,0.00,0.00,58.82
05:07:03,7,20.39,0.00,14.56,0.00,0.00,5.83,0.00,0.00,0.00,59.22
05:07:03,12,18.63,0.00,16.67,0.00,0.00,5.88,0.00,0.00,0.00,58.82
05:07:03,13,19.61,0.00,15.69,0.00,0.00,5.88,0.00,0.00,0.00,58.82
05:07:03,14,20.39,0.00,16.50,0.00,0.00,4.85,0.00,0.00,0.00,58.25
05:07:03,15,20.39,0.00,15.53,0.00,0.00,4.85,0.00,0.00,0.00,59.22
05:07:04,4,21.36,0.00,16.50,0.00,0.00,5.83,0.00,0.00,0.00,56.31
05:07:04,5,20.00,0.00,16.00,0.00,0.00,7.00,0.00,0.00,0.00,57.00
05:07:04,6,20.95,0.00,16.19,0.00,0.00,6.67,0.00,0.00,0.00,56.19
05:07:04,7,18.81,0.00,16.83,0.00,0.00,4.95,0.00,0.00,0.00,59.41
05:07:04,12,22.12,0.00,16.35,0.00,0.00,5.77,0.00,0.00,0.00,55.77
05:07:04,13,20.59,0.00,15.69,0.00,0.00,6.86,0.00,0.00,0.00,56.86
05:07:04,14,19.81,0.00,16.98,0.00,0.00,6.60,0.00,0.00,0.00,56.60
05:07:04,15,19.42,0.00,16.50,0.00,0.00,6.80,0.00,0.00,0.00,57.28
05:07:05,4,19.05,0.00,17.14,0.00,0.00,7.62,0.00,0.00,0.00,56.19
05:07:05,5,21.70,0.00,18.87,0.00,0.00,5.66,0.00,0.00,0.00,53.77
05:07:05,6,20.95,0.00,16.19,0.00,0.00,6.67,0.00,0.00,0.00,56.19
05:07:05,7,21.90,0.00,15.24,0.00,0.00,6.67,0.00,0.00,0.00,56.19
05:07:05,12,21.90,0.00,16.19,0.00,0.00,7.62,0.00,0.00,0.00,54.29
05:07:05,13,20.95,0.00,24.76,0.95,0.00,6.67,0.00,0.00,0.00,46.67
05:07:05,14,20.75,0.00,16.98,0.00,0.00,7.55,0.00,0.00,0.00,54.72
05:07:05,15,20.19,0.00,15.38,0.00,0.00,6.73,0.00,0.00,0.00,57.69
05:07:06,4,21.15,0.00,16.35,0.00,0.00,5.77,0.00,0.00,0.00,56.73
05:07:06,5,21.36,0.00,15.53,0.00,0.00,5.83,0.00,0.00,0.00,57.28
05:07:06,6,20.00,0.00,15.24,0.00,0.00,7.62,0.00,0.00,0.00,57.14
05:07:06,7,21.36,0.00,12.62,0.00,0.00,6.80,0.00,0.00,0.00,59.22
05:07:06,12,20.95,0.00,17.14,0.00,0.00,5.71,0.00,0.00,0.00,56.19
05:07:06,13,21.15,0.00,16.35,0.00,0.00,5.77,0.00,0.00,0.00,56.73
05:07:06,14,18.27,0.00,17.31,0.00,0.00,6.73,0.00,0.00,0.00,57.69
05:07:06,15,20.39,0.00,14.56,0.00,0.00,6.80,0.00,0.00,0.00,58.25
05:07:07,4,22.33,0.00,14.56,0.00,0.00,6.80,0.00,0.00,0.00,56.31
05:07:07,5,22.00,0.00,15.00,0.00,0.00,7.00,0.00,0.00,0.00,56.00
05:07:07,6,20.19,0.00,16.35,0.00,0.00,6.73,0.00,0.00,0.00,56.73
05:07:07,7,18.45,0.00,15.53,0.00,0.00,7.77,0.00,0.00,0.00,58.25
05:07:07,12,18.27,0.00,19.23,0.00,0.00,5.77,0.00,0.00,0.00,56.73
05:07:07,13,21.57,0.00,17.65,0.00,0.00,4.90,0.00,0.00,0.00,55.88
05:07:07,14,20.19,0.00,16.35,0.00,0.00,6.73,0.00,0.00,0.00,56.73
05:07:07,15,21.36,0.00,14.56,0.00,0.00,5.83,0.00,0.00,0.00,58.25
05:07:08,4,19.61,0.00,14.71,0.00,0.00,6.86,0.00,0.00,0.00,58.82
05:07:08,5,17.48,0.00,18.45,0.00,0.00,6.80,0.00,0.00,0.00,57.28
05:07:08,6,17.48,0.00,16.50,0.00,0.00,7.77,0.00,0.00,0.00,58.25
05:07:08,7,19.42,0.00,14.56,0.00,0.00,6.80,0.00,0.00,0.00,59.22
05:07:08,12,19.42,0.00,15.53,0.00,0.00,6.80,0.00,0.00,0.00,58.25
05:07:08,13,20.39,0.00,16.50,0.00,0.00,5.83,0.00,0.00,0.00,57.28
05:07:08,14,19.61,0.00,15.69,0.00,0.00,5.88,0.00,0.00,0.00,58.82
05:07:08,15,19.61,0.00,15.69,0.00,0.00,4.90,0.00,0.00,0.00,59.80
05:07:09,4,20.95,0.00,15.24,0.00,0.00,6.67,0.00,0.00,0.00,57.14
05:07:09,5,20.39,0.00,15.53,0.00,0.00,5.83,0.00,0.00,0.00,58.25
05:07:09,6,19.80,0.00,13.86,0.00,0.00,5.94,0.00,0.00,0.00,60.40
05:07:09,7,19.61,0.00,15.69,0.00,0.00,4.90,0.00,0.00,0.00,59.80
05:07:09,12,20.39,0.00,17.48,0.00,0.00,4.85,0.00,0.00,0.00,57.28
05:07:09,13,22.12,0.00,15.38,0.00,0.00,5.77,0.00,0.00,0.00,56.73
05:07:09,14,20.39,0.00,14.56,0.00,0.00,6.80,0.00,0.00,0.00,58.25
05:07:09,15,18.63,0.00,15.69,0.00,0.00,5.88,0.00,0.00,0.00,59.80
05:07:10,4,21.70,0.00,17.92,0.00,0.00,5.66,0.00,0.00,0.00,54.72
05:07:10,5,20.59,0.00,17.65,0.00,0.00,5.88,0.00,0.00,0.00,55.88
05:07:10,6,20.95,0.00,17.14,0.00,0.00,5.71,0.00,0.00,0.00,56.19
05:07:10,7,20.19,0.00,15.38,0.00,0.00,7.69,0.00,0.00,0.00,56.73
05:07:10,12,20.95,0.00,15.24,0.00,0.00,7.62,0.00,0.00,0.00,56.19
05:07:10,13,21.36,0.00,15.53,0.00,0.00,6.80,0.00,0.00,0.00,56.31
05:07:10,14,21.36,0.00,15.53,0.00,0.00,5.83,0.00,0.00,0.00,57.28
05:07:10,15,19.23,0.00,17.31,0.00,0.00,5.77,0.00,0.00,0.00,57.69
05:07:11,4,19.80,0.00,14.85,0.00,0.00,6.93,0.00,0.00,0.00,58.42
05:07:11,5,20.59,0.00,15.69,0.00,0.00,5.88,0.00,0.00,0.00,57.84
05:07:11,6,19.61,0.00,14.71,0.00,0.00,6.86,0.00,0.00,0.00,58.82
05:07:11,7,17.65,0.00,16.67,0.00,0.00,5.88,0.00,0.00,0.00,59.80
05:07:11,12,20.39,0.00,15.53,0.00,0.00,6.80,0.00,0.00,0.00,57.28
05:07:11,13,18.81,0.00,15.84,0.00,0.00,6.93,0.00,0.00,0.00,58.42
05:07:11,14,17.48,0.00,16.50,0.00,0.00,7.77,0.00,0.00,0.00,58.25
05:07:11,15,20.59,0.00,14.71,0.00,0.00,4.90,0.00,0.00,0.00,59.80
05:07:12,4,20.19,0.00,17.31,0.00,0.00,7.69,0.00,0.00,0.00,54.81
05:07:12,5,22.64,0.00,17.92,0.00,0.00,6.60,0.00,0.00,0.00,52.83
05:07:12,6,20.56,0.00,18.69,0.00,0.00,5.61,0.00,0.00,0.00,55.14
05:07:12,7,19.81,0.00,16.04,0.00,0.00,7.55,0.00,0.00,0.00,56.60
05:07:12,12,22.55,0.00,16.67,0.00,0.00,4.90,0.00,0.00,0.00,55.88
05:07:12,13,24.27,0.00,16.50,0.00,0.00,5.83,0.00,0.00,0.00,53.40
05:07:12,14,20.95,0.00,16.19,0.00,0.00,6.67,0.00,0.00,0.00,56.19
05:07:12,15,19.42,0.00,18.45,0.00,0.00,4.85,0.00,0.00,0.00,57.28
05:07:13,4,20.39,0.00,15.53,0.00,0.00,5.83,0.00,0.00,0.00,58.25
05:07:13,5,17.65,0.00,18.63,0.00,0.00,6.86,0.00,0.00,0.00,56.86
05:07:13,6,18.63,0.00,16.67,0.00,0.00,6.86,0.00,0.00,0.00,57.84
05:07:13,7,20.59,0.00,13.73,0.00,0.00,6.86,0.00,0.00,0.00,58.82
05:07:13,12,21.15,0.00,14.42,0.00,0.00,7.69,0.00,0.00,0.00,56.73
05:07:13,13,20.95,0.00,18.10,0.00,0.00,6.67,0.00,0.00,0.00,54.29
05:07:13,14,20.39,0.00,15.53,0.00,0.00,5.83,0.00,0.00,0.00,58.25
05:07:13,15,18.10,0.00,15.24,0.00,0.00,8.57,0.00,0.00,0.00,58.10
05:07:14,4,20.59,0.00,14.71,0.00,0.00,6.86,0.00,0.00,0.00,57.84
05:07:14,5,18.27,0.00,18.27,0.00,0.00,6.73,0.00,0.00,0.00,56.73
05:07:14,6,20.19,0.00,15.38,0.00,0.00,6.73,0.00,0.00,0.00,57.69
05:07:14,7,19.42,0.00,16.50,0.00,0.00,5.83,0.00,0.00,0.00,58.25
05:07:14,12,19.42,0.00,15.53,0.00,0.00,7.77,0.00,0.00,0.00,57.28
05:07:14,13,19.23,0.00,16.35,0.00,0.00,7.69,0.00,0.00,0.00,56.73
05:07:14,14,19.61,0.00,15.69,0.00,0.00,5.88,0.00,0.00,0.00,58.82
05:07:14,15,20.19,0.00,15.38,0.00,0.00,6.73,0.00,0.00,0.00,57.69
05:07:15,4,9.71,0.00,8.74,1.94,0.00,2.91,0.00,0.00,0.00,76.70
05:07:15,5,9.09,0.00,8.08,1.01,0.00,4.04,0.00,0.00,0.00,77.78
05:07:15,6,9.00,0.00,8.00,0.00,0.00,2.00,0.00,0.00,0.00,81.00
05:07:15,7,6.93,0.00,8.91,0.00,0.00,3.96,0.00,0.00,0.00,80.20
05:07:15,12,8.00,0.00,9.00,0.00,0.00,3.00,0.00,0.00,0.00,80.00
05:07:15,13,9.80,0.00,7.84,0.00,0.00,2.94,0.00,0.00,0.00,79.41
05:07:15,14,8.00,0.00,9.00,0.00,0.00,3.00,0.00,0.00,0.00,80.00
05:07:15,15,9.80,0.00,7.84,0.00,0.00,2.94,0.00,0.00,0.00,79.41
05:07:16,4,0.00,0.00,0.00,0.00,0.00,0.00,0.00,0.00,0.00,100.00
05:07:16,5,0.00,0.00,2.04,0.00,0.00,0.00,0.00,0.00,0.00,97.96
05:07:16,6,0.00,0.00,0.00,0.00,0.00,0.00,0.00,0.00,0.00,100.00
05:07:16,7,0.00,0.00,0.00,0.00,0.00,0.00,0.00,0.00,0.00,100.00
05:07:16,12,0.00,0.00,1.00,0.00,0.00,0.00,0.00,0.00,0.00,99.00
05:07:16,13,0.00,0.00,0.00,0.00,0.00,0.00,0.00,0.00,0.00,100.00
05:07:16,14,0.00,0.00,0.00,0.00,0.00,0.00,0.00,0.00,0.00,100.00
05:07:16,15,0.00,0.00,0.00,0.00,0.00,0.00,0.00,0.00,0.00,100.00
05:07:17,4,0.00,0.00,0.00,0.00,0.00,0.00,0.00,0.00,0.00,100.00
05:07:17,5,3.00,0.00,1.00,0.00,0.00,0.00,0.00,0.00,0.00,96.00
05:07:17,6,0.00,0.00,0.00,0.00,0.00,0.00,0.00,0.00,0.00,100.00
05:07:17,7,0.00,0.00,0.00,0.00,0.00,0.00,0.00,0.00,0.00,100.00
05:07:17,12,0.99,0.00,0.00,0.00,0.00,0.00,0.00,0.00,0.00,99.01
05:07:17,13,0.00,0.00,0.00,0.00,0.00,0.00,0.00,0.00,0.00,100.00
05:07:17,14,2.00,0.00,0.00,0.00,0.00,0.00,0.00,0.00,0.00,98.00
05:07:17,15,0.00,0.00,0.00,0.00,0.00,0.00,0.00,0.00,0.00,100.00
05:07:18,4,0.99,0.00,0.99,0.00,0.00,0.00,0.00,0.00,0.00,98.02
05:07:18,5,0.00,0.00,0.00,0.00,0.00,0.00,0.00,0.00,0.00,100.00
05:07:18,6,0.00,0.00,0.00,0.00,0.00,0.00,0.00,0.00,0.00,100.00
05:07:18,7,0.00,0.00,0.00,0.00,0.00,0.00,0.00,0.00,0.00,100.00
05:07:18,12,0.00,0.00,0.00,0.00,0.00,0.00,0.00,0.00,0.00,100.00
05:07:18,13,0.00,0.00,2.00,0.00,0.00,0.00,0.00,0.00,0.00,98.00
05:07:18,14,0.00,0.00,0.00,0.00,0.00,0.00,0.00,0.00,0.00,100.00
05:07:18,15,0.00,0.00,0.00,0.00,0.00,0.00,0.00,0.00,0.00,100.00
05:07:19,4,0.00,0.00,0.00,0.00,0.00,0.00,0.00,0.00,0.00,100.00
05:07:19,5,0.99,0.00,0.99,0.00,0.00,0.00,0.00,0.00,0.00,98.02
05:07:19,6,0.00,0.00,1.00,0.00,0.00,0.00,0.00,0.00,0.00,99.00
05:07:19,7,0.98,0.00,0.98,0.00,0.00,0.00,0.00,0.00,0.00,98.04
05:07:19,12,0.00,0.00,0.00,0.00,0.00,0.00,0.00,0.00,0.00,100.00
05:07:19,13,0.00,0.00,0.00,0.00,0.00,0.00,0.00,0.00,0.00,100.00
05:07:19,14,0.00,0.00,0.00,0.00,0.00,0.00,0.00,0.00,0.00,100.00
05:07:19,15,0.00,0.00,0.00,0.00,0.00,0.00,0.00,0.00,0.00,100.00
05:07:20,4,0.00,0.00,0.00,0.99,0.00,0.00,0.00,0.00,0.00,99.01
05:07:20,5,1.03,0.00,2.06,0.00,0.00,0.00,0.00,0.00,0.00,96.91
05:07:20,6,0.00,0.00,0.00,2.02,0.00,0.00,0.00,0.00,0.00,97.98
05:07:20,7,0.00,0.00,0.00,0.00,0.00,0.00,0.00,0.00,0.00,100.00
05:07:20,12,0.00,0.00,0.00,0.00,0.00,0.00,0.00,0.00,0.00,100.00
05:07:20,13,0.00,0.00,0.00,0.00,0.00,0.00,0.00,0.00,0.00,100.00
05:07:20,14,0.00,0.00,0.00,0.00,0.00,0.00,0.00,0.00,0.00,100.00
05:07:20,15,0.00,0.00,0.00,0.00,0.00,0.00,0.00,0.00,0.00,100.00
05:07:21,4,0.00,0.00,0.00,0.00,0.00,0.00,0.00,0.00,0.00,100.00
05:07:21,5,0.00,0.00,2.00,0.00,0.00,0.00,0.00,0.00,0.00,98.00
05:07:21,6,0.99,0.00,0.99,0.00,0.00,0.00,0.00,0.00,0.00,98.02
05:07:21,7,0.00,0.00,0.00,0.00,0.00,0.00,0.00,0.00,0.00,100.00
05:07:21,12,0.00,0.00,1.00,0.00,0.00,0.00,0.00,0.00,0.00,99.00
05:07:21,13,0.00,0.00,0.00,0.00,0.00,0.00,0.00,0.00,0.00,100.00
05:07:21,14,0.00,0.00,0.00,0.00,0.00,0.00,0.00,0.00,0.00,100.00
05:07:21,15,0.00,0.00,0.00,0.00,0.00,0.00,0.00,0.00,0.00,100.00
05:07:22,4,0.99,0.00,0.99,0.00,0.00,0.00,0.00,0.00,0.00,98.02
05:07:22,5,2.02,0.00,2.02,0.00,0.00,0.00,0.00,0.00,0.00,95.96
05:07:22,6,1.01,0.00,1.01,0.00,0.00,0.00,0.00,0.00,0.00,97.98
05:07:22,7,0.00,0.00,1.01,0.00,0.00,0.00,0.00,0.00,0.00,98.99
05:07:22,12,0.00,0.00,0.00,0.00,0.00,0.00,0.00,0.00,0.00,100.00
05:07:22,13,0.00,0.00,0.00,0.00,0.00,0.00,0.00,0.00,0.00,100.00
05:07:22,14,0.00,0.00,0.00,0.00,0.00,0.00,0.00,0.00,0.00,100.00
05:07:22,15,0.00,0.00,0.99,0.00,0.00,0.00,0.00,0.00,0.00,99.01
05:07:23,4,0.00,0.00,0.00,0.00,0.00,0.00,0.00,0.00,0.00,100.00
05:07:23,5,0.00,0.00,0.00,0.00,0.00,0.00,0.00,0.00,0.00,100.00
05:07:23,6,0.00,0.00,0.00,0.00,0.00,0.00,0.00,0.00,0.00,100.00
05:07:23,7,0.00,0.00,0.00,0.00,0.00,0.00,0.00,0.00,0.00,100.00
05:07:23,12,0.00,0.00,0.00,0.00,0.00,0.00,0.00,0.00,0.00,100.00
05:07:23,13,0.00,0.00,0.99,0.00,0.00,0.00,0.00,0.00,0.00,99.01
05:07:23,14,0.00,0.00,0.00,0.00,0.00,0.00,0.00,0.00,0.00,100.00
05:07:23,15,0.00,0.00,0.00,0.00,0.00,0.00,0.00,0.00,0.00,100.00
05:07:24,4,0.00,0.00,0.00,0.00,0.00,0.00,0.00,0.00,0.00,100.00
05:07:24,5,1.00,0.00,1.00,0.00,0.00,0.00,0.00,0.00,0.00,98.00
05:07:24,6,0.00,0.00,0.99,0.00,0.00,0.00,0.00,0.00,0.00,99.01
05:07:24,7,0.00,0.00,0.00,0.00,0.00,0.00,0.00,0.00,0.00,100.00
05:07:24,12,0.00,0.00,0.99,0.00,0.00,0.00,0.00,0.00,0.00,99.01
05:07:24,13,0.00,0.00,0.00,0.00,0.00,0.00,0.00,0.00,0.00,100.00
05:07:24,14,0.00,0.00,0.00,0.00,0.00,0.00,0.00,0.00,0.00,100.00
05:07:24,15,0.00,0.00,1.00,0.00,0.00,0.00,0.00,0.00,0.00,99.00
05:07:25,4,0.00,0.00,0.00,1.00,0.00,0.00,0.00,0.00,0.00,99.00
05:07:25,5,0.00,0.00,1.03,0.00,0.00,0.00,0.00,0.00,0.00,98.97
05:07:25,6,0.00,0.00,0.00,0.00,0.00,0.00,0.00,0.00,0.00,100.00
05:07:25,7,0.00,0.00,0.00,0.00,0.00,0.00,0.00,0.00,0.00,100.00
05:07:25,12,0.00,0.00,0.00,0.00,0.00,0.00,0.00,0.00,0.00,100.00
05:07:25,13,0.00,0.00,0.00,0.00,0.00,0.00,0.00,0.00,0.00,100.00
05:07:25,14,1.00,0.00,0.00,0.00,0.00,0.00,0.00,0.00,0.00,99.00
05:07:25,15,0.00,0.00,1.00,0.00,0.00,0.00,0.00,0.00,0.00,99.00
