18:37:20,CPU,%usr,%nice,%sys,%iowait,%irq,%soft,%steal,%guest,%gnice,%idle
18:37:21,4,15.00,0.00,3.00,0.00,0.00,1.00,0.00,0.00,0.00,81.00
18:37:21,5,20.20,0.00,5.05,0.00,0.00,2.02,0.00,0.00,0.00,72.73
18:37:21,6,10.00,0.00,4.00,0.00,0.00,0.00,0.00,0.00,0.00,86.00
18:37:21,7,2.02,0.00,2.02,0.00,0.00,0.00,0.00,0.00,0.00,95.96
18:37:21,12,13.86,0.00,1.98,0.00,0.00,0.99,0.00,0.00,0.00,83.17
18:37:21,13,18.00,0.00,4.00,0.00,0.00,1.00,0.00,0.00,0.00,77.00
18:37:21,14,11.76,0.00,0.98,0.00,0.00,0.98,0.00,0.00,0.00,86.27
18:37:21,15,3.03,0.00,2.02,0.00,0.00,0.00,0.00,0.00,0.00,94.95
18:37:22,4,15.84,0.00,2.97,0.00,0.00,0.00,0.00,0.00,0.00,81.19
18:37:22,5,14.43,0.00,2.06,0.00,0.00,0.00,0.00,0.00,0.00,83.51
18:37:22,6,14.71,0.00,1.96,0.00,0.00,1.96,0.00,0.00,0.00,81.37
18:37:22,7,10.89,0.00,1.98,0.00,0.00,0.99,0.00,0.00,0.00,86.14
18:37:22,12,28.16,0.00,4.85,0.00,0.00,1.94,0.00,0.00,0.00,65.05
18:37:22,13,38.00,0.00,5.00,0.00,0.00,2.00,0.00,0.00,0.00,55.00
18:37:22,14,22.77,0.00,2.97,0.00,0.00,0.99,0.00,0.00,0.00,73.27
18:37:22,15,13.73,0.00,1.96,0.00,0.00,0.98,0.00,0.00,0.00,83.33
18:37:23,4,24.51,0.00,1.96,0.00,0.00,0.98,0.00,0.00,0.00,72.55
18:37:23,5,17.82,0.00,0.99,0.00,0.00,0.99,0.00,0.00,0.00,80.20
18:37:23,6,14.85,0.00,0.99,0.00,0.00,0.00,0.00,0.00,0.00,84.16
18:37:23,7,11.88,0.00,0.99,0.00,0.00,0.00,0.00,0.00,0.00,87.13
18:37:23,12,31.31,0.00,3.03,0.00,0.00,1.01,0.00,0.00,0.00,64.65
18:37:23,13,37.25,0.00,3.92,0.00,0.00,1.96,0.00,0.00,0.00,56.86
18:37:23,14,17.48,0.00,0.97,0.00,0.00,0.97,0.00,0.00,0.00,80.58
18:37:23,15,3.00,0.00,0.00,0.00,0.00,0.00,0.00,0.00,0.00,97.00
18:37:24,4,27.45,0.00,2.94,0.00,0.00,1.96,0.00,0.00,0.00,67.65
18:37:24,5,20.59,0.00,0.98,0.00,0.00,0.98,0.00,0.00,0.00,77.45
18:37:24,6,26.00,0.00,3.00,0.00,0.00,2.00,0.00,0.00,0.00,69.00
18:37:24,7,14.56,0.00,0.97,0.00,0.00,0.97,0.00,0.00,0.00,83.50
18:37:24,12,15.69,0.00,0.98,0.00,0.00,0.98,0.00,0.00,0.00,82.35
18:37:24,13,34.69,0.00,2.04,0.00,0.00,1.02,0.00,0.00,0.00,62.24
18:37:24,14,6.93,0.00,0.99,0.00,0.00,0.00,0.00,0.00,0.00,92.08
18:37:24,15,7.92,0.00,0.99,0.00,0.00,0.99,0.00,0.00,0.00,90.10
18:37:25,4,23.23,0.00,1.01,0.00,0.00,1.01,0.00,0.00,0.00,74.75
18:37:25,5,28.28,0.00,4.04,0.00,0.00,1.01,0.00,0.00,0.00,66.67
18:37:25,6,16.67,0.00,2.94,0.00,0.00,0.00,0.00,0.00,0.00,80.39
18:37:25,7,9.00,0.00,1.00,0.00,0.00,0.00,0.00,0.00,0.00,90.00
18:37:25,12,16.50,0.00,1.94,0.00,0.00,0.97,0.00,0.00,0.00,80.58
18:37:25,13,28.71,0.00,3.96,0.00,0.00,0.99,0.00,0.00,0.00,66.34
18:37:25,14,20.59,0.00,1.96,0.00,0.00,0.98,0.00,0.00,0.00,76.47
18:37:25,15,16.16,0.00,1.01,0.00,0.00,0.00,0.00,0.00,0.00,82.83
18:37:26,4,38.24,0.00,2.94,0.00,0.00,1.96,0.00,0.00,0.00,56.86
18:37:26,5,6.93,0.00,0.00,0.00,0.00,0.00,0.00,0.00,0.00,93.07
18:37:26,6,17.65,0.00,0.98,0.00,0.00,0.98,0.00,0.00,0.00,80.39
18:37:26,7,2.00,0.00,0.00,0.00,0.00,0.00,0.00,0.00,0.00,98.00
18:37:26,12,28.85,0.00,1.92,0.00,0.00,0.96,0.00,0.00,0.00,68.27
18:37:26,13,41.58,0.00,2.97,0.00,0.00,1.98,0.00,0.00,0.00,53.47
18:37:26,14,12.62,0.00,0.97,0.00,0.00,0.00,0.00,0.00,0.00,86.41
18:37:26,15,12.62,0.00,1.94,0.00,0.00,0.97,0.00,0.00,0.00,84.47
18:37:27,4,24.51,0.00,2.94,0.00,0.00,0.98,0.00,0.00,0.00,71.57
18:37:27,5,21.00,0.00,3.00,0.00,0.00,1.00,0.00,0.00,0.00,75.00
18:37:27,6,19.19,0.00,2.02,0.00,0.00,1.01,0.00,0.00,0.00,77.78
18:37:27,7,10.00,0.00,2.00,0.00,0.00,1.00,0.00,0.00,0.00,87.00
18:37:27,12,27.18,0.00,2.91,0.00,0.00,0.97,0.00,0.00,0.00,68.93
18:37:27,13,34.31,0.00,1.96,0.00,0.00,1.96,0.00,0.00,0.00,61.76
18:37:27,14,18.81,0.00,2.97,0.00,0.00,0.99,0.00,0.00,0.00,77.23
18:37:27,15,11.88,0.00,0.99,0.00,0.00,0.00,0.00,0.00,0.00,87.13
18:37:28,4,21.21,0.00,3.03,0.00,0.00,1.01,0.00,0.00,0.00,74.75
18:37:28,5,18.81,0.00,1.98,0.00,0.00,0.99,0.00,0.00,0.00,78.22
18:37:28,6,17.65,0.00,0.98,0.00,0.00,0.98,0.00,0.00,0.00,80.39
18:37:28,7,8.91,0.00,0.99,0.00,0.00,0.00,0.00,0.00,0.00,90.10
18:37:28,12,23.76,0.00,0.99,0.00,0.00,0.99,0.00,0.00,0.00,74.26
18:37:28,13,44.33,0.00,4.12,0.00,0.00,2.06,0.00,0.00,0.00,49.48
18:37:28,14,20.59,0.00,0.98,0.00,0.00,0.98,0.00,0.00,0.00,77.45
18:37:28,15,2.02,0.00,0.00,0.00,0.00,0.00,0.00,0.00,0.00,97.98
18:37:29,4,22.00,0.00,1.00,0.00,0.00,1.00,0.00,0.00,0.00,76.00
18:37:29,5,32.65,0.00,3.06,0.00,0.00,1.02,0.00,0.00,0.00,63.27
18:37:29,6,17.48,0.00,2.91,0.00,0.00,0.97,0.00,0.00,0.00,78.64
18:37:29,7,8.00,0.00,1.00,0.00,0.00,1.00,0.00,0.00,0.00,90.00
18:37:29,12,33.33,0.00,2.94,0.00,0.00,1.96,0.00,0.00,0.00,61.76
18:37:29,13,28.16,0.00,1.94,0.00,0.00,1.94,0.00,0.00,0.00,67.96
18:37:29,14,12.75,0.00,0.98,0.00,0.00,0.98,0.00,0.00,0.00,85.29
18:37:29,15,6.86,0.00,0.98,0.00,0.00,0.00,0.00,0.00,0.00,92.16
18:37:30,4,24.51,0.00,2.94,0.00,0.00,1.96,0.00,0.00,0.00,70.59
18:37:30,5,32.32,0.00,3.03,0.00,0.00,1.01,0.00,0.00,0.00,63.64
18:37:30,6,18.81,0.00,1.98,0.99,0.00,0.99,0.00,0.00,0.00,77.23
18:37:30,7,11.76,0.00,0.98,0.00,0.00,0.00,0.00,0.00,0.00,87.25
18:37:30,12,20.20,0.00,2.02,0.00,0.00,1.01,0.00,0.00,0.00,76.77
18:37:30,13,20.39,0.00,1.94,0.00,0.00,0.97,0.00,0.00,0.00,76.70
18:37:30,14,18.00,0.00,2.00,0.00,0.00,1.00,0.00,0.00,0.00,79.00
18:37:30,15,8.00,0.00,0.00,0.00,0.00,0.00,0.00,0.00,0.00,92.00
18:37:31,4,38.00,0.00,3.00,0.00,0.00,1.00,0.00,0.00,0.00,58.00
18:37:31,5,15.00,0.00,1.00,0.00,0.00,1.00,0.00,0.00,0.00,83.00
18:37:31,6,18.63,0.00,0.98,0.00,0.00,0.98,0.00,0.00,0.00,79.41
18:37:31,7,15.84,0.00,1.98,0.00,0.00,0.99,0.00,0.00,0.00,81.19
18:37:31,12,12.00,0.00,2.00,0.00,0.00,0.00,0.00,0.00,0.00,86.00
18:37:31,13,35.64,0.00,2.97,0.00,0.00,0.99,0.00,0.00,0.00,60.40
18:37:31,14,10.78,0.00,0.98,0.00,0.00,0.98,0.00,0.00,0.00,87.25
18:37:31,15,6.93,0.00,0.99,0.00,0.00,0.99,0.00,0.00,0.00,91.09
18:37:32,4,18.18,0.00,2.02,0.00,0.00,1.01,0.00,0.00,0.00,78.79
18:37:32,5,26.73,0.00,2.97,0.00,0.00,1.98,0.00,0.00,0.00,68.32
18:37:32,6,25.24,0.00,2.91,0.00,0.00,0.97,0.00,0.00,0.00,70.87
18:37:32,7,12.75,0.00,0.98,0.00,0.00,0.00,0.00,0.00,0.00,86.27
18:37:32,12,15.69,0.00,1.96,0.00,0.00,0.98,0.00,0.00,0.00,81.37
18:37:32,13,37.86,0.00,2.91,0.00,0.00,1.94,0.00,0.00,0.00,57.28
18:37:32,14,19.19,0.00,1.01,0.00,0.00,1.01,0.00,0.00,0.00,78.79
18:37:32,15,8.82,0.00,0.98,0.00,0.00,0.00,0.00,0.00,0.00,90.20
18:37:33,4,26.00,0.00,3.00,0.00,0.00,1.00,0.00,0.00,0.00,70.00
18:37:33,5,29.70,0.00,2.97,0.00,0.00,1.98,0.00,0.00,0.00,65.35
18:37:33,6,18.10,0.00,0.95,0.00,0.00,0.95,0.00,0.00,0.00,80.00
18:37:33,7,6.00,0.00,1.00,0.00,0.00,0.00,0.00,0.00,0.00,93.00
18:37:33,12,24.27,0.00,3.88,0.00,0.00,0.97,0.00,0.00,0.00,70.87
18:37:33,13,42.42,0.00,4.04,0.00,0.00,2.02,0.00,0.00,0.00,51.52
18:37:33,14,12.62,0.00,0.97,0.00,0.00,0.97,0.00,0.00,0.00,85.44
18:37:33,15,9.90,0.00,0.99,0.00,0.00,0.00,0.00,0.00,0.00,89.11
18:37:34,4,29.70,0.00,3.96,0.00,0.00,0.99,0.00,0.00,0.00,65.35
18:37:34,5,37.00,0.00,3.00,0.00,0.00,1.00,0.00,0.00,0.00,59.00
18:37:34,6,13.86,0.00,1.98,0.00,0.00,0.99,0.00,0.00,0.00,83.17
18:37:34,7,7.84,0.00,0.98,0.00,0.00,0.98,0.00,0.00,0.00,90.20
18:37:34,12,27.72,0.00,1.98,0.00,0.00,0.99,0.00,0.00,0.00,69.31
18:37:34,13,32.04,0.00,2.91,0.00,0.00,1.94,0.00,0.00,0.00,63.11
18:37:34,14,12.50,0.00,1.92,0.00,0.00,0.96,0.00,0.00,0.00,84.62
18:37:34,15,2.94,0.00,0.98,0.00,0.00,0.98,0.00,0.00,0.00,95.10
18:37:35,4,18.81,0.00,1.98,0.00,0.00,0.99,0.00,0.00,0.00,78.22
18:37:35,5,17.00,0.00,2.00,0.00,0.00,1.00,0.00,0.00,0.00,80.00
18:37:35,6,20.00,0.00,2.00,2.00,0.00,1.00,0.00,0.00,0.00,75.00
18:37:35,7,16.67,0.00,1.96,0.00,0.00,0.00,0.00,0.00,0.00,81.37
18:37:35,12,22.33,0.00,1.94,0.00,0.00,0.97,0.00,0.00,0.00,74.76
18:37:35,13,33.00,0.00,3.00,0.00,0.00,2.00,0.00,0.00,0.00,62.00
18:37:35,14,15.84,0.00,0.99,0.00,0.00,0.00,0.00,0.00,0.00,83.17
18:37:35,15,7.07,0.00,1.01,0.00,0.00,0.00,0.00,0.00,0.00,91.92
18:37:36,4,24.00,0.00,1.00,0.00,0.00,1.00,0.00,0.00,0.00,74.00
18:37:36,5,22.45,0.00,2.04,0.00,0.00,1.02,0.00,0.00,0.00,74.49
18:37:36,6,21.57,0.00,1.96,0.00,0.00,0.98,0.00,0.00,0.00,75.49
18:37:36,7,7.92,0.00,0.99,0.00,0.00,0.99,0.00,0.00,0.00,90.10
18:37:36,12,24.04,0.00,1.92,0.00,0.00,1.92,0.00,0.00,0.00,72.12
18:37:36,13,39.60,0.00,3.96,0.00,0.00,2.97,0.00,0.00,0.00,53.47
18:37:36,14,11.65,0.00,0.97,0.00,0.00,0.97,0.00,0.00,0.00,86.41
18:37:36,15,6.86,0.00,0.98,0.00,0.00,0.00,0.00,0.00,0.00,92.16
18:37:37,4,29.70,0.00,2.97,0.00,0.00,0.99,0.00,0.00,0.00,66.34
18:37:37,5,17.82,0.00,3.96,0.00,0.00,0.99,0.00,0.00,0.00,77.23
18:37:37,6,22.77,0.00,1.98,0.00,0.00,0.99,0.00,0.00,0.00,74.26
18:37:37,7,21.57,0.00,1.96,0.00,0.00,0.00,0.00,0.00,0.00,76.47
18:37:37,12,15.84,0.00,0.99,0.00,0.00,0.99,0.00,0.00,0.00,82.18
18:37:37,13,40.59,0.00,2.97,0.00,0.00,0.99,0.00,0.00,0.00,55.45
18:37:37,14,6.00,0.00,1.00,0.00,0.00,0.00,0.00,0.00,0.00,93.00
18:37:37,15,5.00,0.00,0.00,0.00,0.00,0.00,0.00,0.00,0.00,95.00
18:37:38,4,26.21,0.00,2.91,0.00,0.00,1.94,0.00,0.00,0.00,68.93
18:37:38,5,16.16,0.00,2.02,0.00,0.00,1.01,0.00,0.00,0.00,80.81
18:37:38,6,13.00,0.00,1.00,0.00,0.00,0.00,0.00,0.00,0.00,86.00
18:37:38,7,14.00,0.00,1.00,0.00,0.00,1.00,0.00,0.00,0.00,84.00
18:37:38,12,32.35,0.00,2.94,0.00,0.00,1.96,0.00,0.00,0.00,62.75
18:37:38,13,27.72,0.00,2.97,0.00,0.00,0.99,0.00,0.00,0.00,68.32
18:37:38,14,16.67,0.00,1.96,0.00,0.00,0.98,0.00,0.00,0.00,80.39
18:37:38,15,6.93,0.00,0.99,0.00,0.00,0.99,0.00,0.00,0.00,91.09
18:37:39,4,32.67,0.00,2.97,0.00,0.00,0.99,0.00,0.00,0.00,63.37
18:37:39,5,9.00,0.00,1.00,0.00,0.00,0.00,0.00,0.00,0.00,90.00
18:37:39,6,8.82,0.00,0.98,0.00,0.00,0.98,0.00,0.00,0.00,89.22
18:37:39,7,10.78,0.00,1.96,0.00,0.00,0.00,0.00,0.00,0.00,87.25
18:37:39,12,32.08,0.00,2.83,0.00,0.00,0.94,0.00,0.00,0.00,64.15
18:37:39,13,35.00,0.00,3.00,0.00,0.00,2.00,0.00,0.00,0.00,60.00
18:37:39,14,20.59,0.00,0.98,0.00,0.00,0.00,0.00,0.00,0.00,78.43
18:37:39,15,7.92,0.00,0.99,0.00,0.00,0.00,0.00,0.00,0.00,91.09
18:37:40,4,23.76,0.00,0.99,0.00,0.00,1.98,0.00,0.00,0.00,73.27
18:37:40,5,19.61,0.00,1.96,0.00,0.00,0.98,0.00,0.00,0.00,77.45
18:37:40,6,11.88,0.00,0.99,0.00,0.00,0.99,0.00,0.00,0.00,86.14
18:37:40,7,17.65,0.00,1.96,0.00,0.00,0.98,0.00,0.00,0.00,79.41
18:37:40,12,23.30,0.00,1.94,0.00,0.00,0.97,0.00,0.00,0.00,73.79
18:37:40,13,35.00,0.00,3.00,0.00,0.00,0.00,0.00,0.00,0.00,62.00
18:37:40,14,19.61,0.00,1.96,0.00,0.00,0.98,0.00,0.00,0.00,77.45
18:37:40,15,12.87,0.00,0.99,0.00,0.00,0.00,0.00,0.00,0.00,86.14
18:37:41,4,22.77,0.00,1.98,0.00,0.00,0.99,0.00,0.00,0.00,74.26
18:37:41,5,17.48,0.00,0.97,0.00,0.00,0.97,0.00,0.00,0.00,80.58
18:37:41,6,16.83,0.00,0.99,0.00,0.00,0.99,0.00,0.00,0.00,81.19
18:37:41,7,18.63,0.00,1.96,0.00,0.00,0.98,0.00,0.00,0.00,78.43
18:37:41,12,42.42,0.00,4.04,0.00,0.00,2.02,0.00,0.00,0.00,51.52
18:37:41,13,28.57,0.00,2.86,0.00,0.00,0.95,0.00,0.00,0.00,67.62
18:37:41,14,12.87,0.00,0.00,0.00,0.00,0.00,0.00,0.00,0.00,87.13
18:37:41,15,4.90,0.00,0.00,0.00,0.00,0.98,0.00,0.00,0.00,94.12
18:37:42,4,17.65,0.00,1.96,0.00,0.00,0.00,0.00,0.00,0.00,80.39
18:37:42,5,15.00,0.00,3.00,0.00,0.00,0.00,0.00,0.00,0.00,82.00
18:37:42,6,17.82,0.00,1.98,0.00,0.00,0.00,0.00,0.00,0.00,80.20
18:37:42,7,21.21,0.00,2.02,0.00,0.00,1.01,0.00,0.00,0.00,75.76
18:37:42,12,32.35,0.00,2.94,0.00,0.00,0.98,0.00,0.00,0.00,63.73
18:37:42,13,22.77,0.00,2.97,0.00,0.00,0.99,0.00,0.00,0.00,73.27
18:37:42,14,25.49,0.00,4.90,0.00,0.00,0.98,0.00,0.00,0.00,68.63
18:37:42,15,10.89,0.00,0.99,0.00,0.00,0.00,0.00,0.00,0.00,88.12
18:37:43,4,28.71,0.00,2.97,0.00,0.00,1.98,0.00,0.00,0.00,66.34
18:37:43,5,40.20,0.00,3.92,0.00,0.00,1.96,0.00,0.00,0.00,53.92
18:37:43,6,19.80,0.00,1.98,0.00,0.00,0.99,0.00,0.00,0.00,77.23
18:37:43,7,15.84,0.00,0.99,0.00,0.00,0.99,0.00,0.00,0.00,82.18
18:37:43,12,17.31,0.00,0.96,0.00,0.00,0.96,0.00,0.00,0.00,80.77
18:37:43,13,23.00,0.00,2.00,0.00,0.00,0.00,0.00,0.00,0.00,75.00
18:37:43,14,10.89,0.00,0.00,0.00,0.00,0.00,0.00,0.00,0.00,89.11
18:37:43,15,1.98,0.00,0.00,0.00,0.00,0.00,0.00,0.00,0.00,98.02
18:37:44,4,21.78,0.00,2.97,0.00,0.00,0.99,0.00,0.00,0.00,74.26
18:37:44,5,28.28,0.00,2.02,0.00,0.00,2.02,0.00,0.00,0.00,67.68
18:37:44,6,16.83,0.00,0.99,0.00,0.00,0.99,0.00,0.00,0.00,81.19
18:37:44,7,14.71,0.00,0.98,0.00,0.00,0.98,0.00,0.00,0.00,83.33
18:37:44,12,19.42,0.00,0.97,0.00,0.00,0.00,0.00,0.00,0.00,79.61
18:37:44,13,38.00,0.00,4.00,0.00,0.00,2.00,0.00,0.00,0.00,56.00
18:37:44,14,9.80,0.00,1.96,0.00,0.00,0.98,0.00,0.00,0.00,87.25
18:37:44,15,9.90,0.00,0.99,0.00,0.00,0.99,0.00,0.00,0.00,88.12
18:37:45,4,28.00,0.00,2.00,0.00,0.00,1.00,0.00,0.00,0.00,69.00
18:37:45,5,22.55,0.00,1.96,0.00,0.00,0.98,0.00,0.00,0.00,74.51
18:37:45,6,16.50,0.00,2.91,0.00,0.00,0.97,0.00,0.00,0.00,79.61
18:37:45,7,10.89,0.00,1.98,0.00,0.00,0.00,0.00,0.00,0.00,87.13
18:37:45,12,23.81,0.00,1.90,0.00,0.00,0.95,0.00,0.00,0.00,73.33
18:37:45,13,39.60,0.00,2.97,0.00,0.00,0.99,0.00,0.00,0.00,56.44
18:37:45,14,12.75,0.00,0.98,0.00,0.00,0.00,0.00,0.00,0.00,86.27
18:37:45,15,5.94,0.00,0.99,0.00,0.00,0.00,0.00,0.00,0.00,93.07
18:37:46,4,14.71,0.00,0.98,0.00,0.00,0.00,0.00,0.00,0.00,84.31
18:37:46,5,14.14,0.00,2.02,0.00,0.00,1.01,0.00,0.00,0.00,82.83
18:37:46,6,9.00,0.00,1.00,0.00,0.00,0.00,0.00,0.00,0.00,90.00
18:37:46,7,9.80,0.00,0.98,0.00,0.00,0.98,0.00,0.00,0.00,88.24
18:37:46,12,34.31,0.00,2.94,0.00,0.00,1.96,0.00,0.00,0.00,60.78
18:37:46,13,36.00,0.00,4.00,0.00,0.00,2.00,0.00,0.00,0.00,58.00
18:37:46,14,18.81,0.00,1.98,0.00,0.00,0.99,0.00,0.00,0.00,78.22
18:37:46,15,12.75,0.00,0.98,0.00,0.00,0.98,0.00,0.00,0.00,85.29
18:37:47,4,11.88,0.00,1.98,0.00,0.00,0.00,0.00,0.00,0.00,86.14
18:37:47,5,36.00,0.00,4.00,0.00,0.00,0.00,0.00,0.00,0.00,60.00
18:37:47,6,13.00,0.00,1.00,0.00,0.00,1.00,0.00,0.00,0.00,85.00
18:37:47,7,10.78,0.00,1.96,0.00,0.00,0.00,0.00,0.00,0.00,87.25
18:37:47,12,27.72,0.00,1.98,0.00,0.00,0.99,0.00,0.00,0.00,69.31
18:37:47,13,38.61,0.00,3.96,0.00,0.00,1.98,0.00,0.00,0.00,55.45
18:37:47,14,18.81,0.00,0.99,0.00,0.00,0.99,0.00,0.00,0.00,79.21
18:37:47,15,14.56,0.00,1.94,0.00,0.00,0.00,0.00,0.00,0.00,83.50
18:37:48,4,25.24,0.00,1.94,0.00,0.00,1.94,0.00,0.00,0.00,70.87
18:37:48,5,22.45,0.00,2.04,0.00,0.00,1.02,0.00,0.00,0.00,74.49
18:37:48,6,15.00,0.00,2.00,0.00,0.00,0.00,0.00,0.00,0.00,83.00
18:37:48,7,9.00,0.00,2.00,0.00,0.00,0.00,0.00,0.00,0.00,89.00
18:37:48,12,25.00,0.00,1.00,0.00,0.00,2.00,0.00,0.00,0.00,72.00
18:37:48,13,36.27,0.00,2.94,0.00,0.00,1.96,0.00,0.00,0.00,58.82
18:37:48,14,11.88,0.00,0.99,0.00,0.00,0.00,0.00,0.00,0.00,87.13
18:37:48,15,11.65,0.00,0.97,0.00,0.00,0.97,0.00,0.00,0.00,86.41
18:37:49,4,28.28,0.00,3.03,0.00,0.00,2.02,0.00,0.00,0.00,66.67
18:37:49,5,25.24,0.00,3.88,0.00,0.00,1.94,0.00,0.00,0.00,68.93
18:37:49,6,25.49,0.00,1.96,0.00,0.00,0.98,0.00,0.00,0.00,71.57
18:37:49,7,10.78,0.00,0.98,0.00,0.00,0.98,0.00,0.00,0.00,87.25
18:37:49,12,23.08,0.00,1.92,0.00,0.00,0.00,0.00,0.00,0.00,75.00
18:37:49,13,34.31,0.00,3.92,0.00,0.00,0.98,0.00,0.00,0.00,60.78
18:37:49,14,5.05,0.00,0.00,0.00,0.00,0.00,0.00,0.00,0.00,94.95
18:37:49,15,3.00,0.00,0.00,0.00,0.00,0.00,0.00,0.00,0.00,97.00
18:37:50,4,31.00,0.00,3.00,0.00,0.00,1.00,0.00,0.00,0.00,65.00
18:37:50,5,27.72,0.00,2.97,0.00,0.00,1.98,0.00,0.00,0.00,67.33
18:37:50,6,22.77,0.00,1.98,0.00,0.00,0.99,0.00,0.00,0.00,74.26
18:37:50,7,7.00,0.00,0.00,0.00,0.00,1.00,0.00,0.00,0.00,92.00
18:37:50,12,16.00,0.00,1.00,0.00,0.00,1.00,0.00,0.00,0.00,82.00
18:37:50,13,28.16,0.00,2.91,0.00,0.00,0.97,0.00,0.00,0.00,67.96
18:37:50,14,15.38,0.00,1.92,0.00,0.00,0.96,0.00,0.00,0.00,81.73
18:37:50,15,6.93,0.00,1.98,0.00,0.00,0.00,0.00,0.00,0.00,91.09
18:37:51,4,27.45,0.00,1.96,0.00,0.00,0.98,0.00,0.00,0.00,69.61
18:37:51,5,26.47,0.00,2.94,0.00,0.00,0.98,0.00,0.00,0.00,69.61
18:37:51,6,10.89,0.00,1.98,0.00,0.00,0.00,0.00,0.00,0.00,87.13
18:37:51,7,13.73,0.00,1.96,0.00,0.00,0.00,0.00,0.00,0.00,84.31
18:37:51,12,17.65,0.00,0.98,0.00,0.00,0.98,0.00,0.00,0.00,80.39
18:37:51,13,36.63,0.00,3.96,0.00,0.00,0.99,0.00,0.00,0.00,58.42
18:37:51,14,20.19,0.00,2.88,0.00,0.00,0.96,0.00,0.00,0.00,75.96
18:37:51,15,6.86,0.00,0.98,0.00,0.00,0.98,0.00,0.00,0.00,91.18
18:37:52,4,24.00,0.00,3.00,0.00,0.00,0.00,0.00,0.00,0.00,73.00
18:37:52,5,15.15,0.00,3.03,0.00,0.00,0.00,0.00,0.00,0.00,81.82
18:37:52,6,23.08,0.00,1.92,0.00,0.00,1.92,0.00,0.00,0.00,73.08
18:37:52,7,13.59,0.00,0.97,0.00,0.00,0.97,0.00,0.00,0.00,84.47
18:37:52,12,22.86,0.00,3.81,0.00,0.00,0.95,0.00,0.00,0.00,72.38
18:37:52,13,40.59,0.00,2.97,0.00,0.00,1.98,0.00,0.00,0.00,54.46
18:37:52,14,23.53,0.00,1.96,0.00,0.00,0.98,0.00,0.00,0.00,73.53
18:37:52,15,2.00,0.00,0.00,0.00,0.00,0.00,0.00,0.00,0.00,98.00
18:37:53,4,17.00,0.00,2.00,0.00,0.00,2.00,0.00,0.00,0.00,79.00
18:37:53,5,21.57,0.00,3.92,0.00,0.00,1.96,0.00,0.00,0.00,72.55
18:37:53,6,26.47,0.00,2.94,0.00,0.00,0.98,0.00,0.00,0.00,69.61
18:37:53,7,11.88,0.00,0.99,0.00,0.00,0.00,0.00,0.00,0.00,87.13
18:37:53,12,33.01,0.00,1.94,0.00,0.00,0.97,0.00,0.00,0.00,64.08
18:37:53,13,29.41,0.00,2.94,0.00,0.00,1.96,0.00,0.00,0.00,65.69
18:37:53,14,11.88,0.00,1.98,0.00,0.00,0.00,0.00,0.00,0.00,86.14
18:37:53,15,5.00,0.00,0.00,0.00,0.00,0.00,0.00,0.00,0.00,95.00
18:37:54,4,28.12,0.00,2.08,0.00,0.00,1.04,0.00,0.00,0.00,68.75
18:37:54,5,27.00,0.00,2.00,0.00,0.00,0.00,0.00,0.00,0.00,71.00
18:37:54,6,17.00,0.00,1.00,0.00,0.00,1.00,0.00,0.00,0.00,81.00
18:37:54,7,9.80,0.00,0.98,0.00,0.00,0.98,0.00,0.00,0.00,88.24
18:37:54,12,35.29,0.00,2.94,0.00,0.00,0.98,0.00,0.00,0.00,60.78
18:37:54,13,33.98,0.00,2.91,0.00,0.00,0.97,0.00,0.00,0.00,62.14
18:37:54,14,8.91,0.00,0.99,0.00,0.00,0.00,0.00,0.00,0.00,90.10
18:37:54,15,2.00,0.00,0.00,0.00,0.00,0.00,0.00,0.00,0.00,98.00
18:37:55,4,23.76,0.00,1.98,0.00,0.00,0.99,0.00,0.00,0.00,73.27
18:37:55,5,22.77,0.00,0.99,0.00,0.00,1.98,0.00,0.00,0.00,74.26
18:37:55,6,20.59,0.00,1.96,0.00,0.00,0.98,0.00,0.00,0.00,76.47
18:37:55,7,11.88,0.00,0.99,0.00,0.00,0.00,0.00,0.00,0.00,87.13
18:37:55,12,31.73,0.00,2.88,0.00,0.00,1.92,0.00,0.00,0.00,63.46
18:37:55,13,28.71,0.00,3.96,0.00,0.00,0.99,0.00,0.00,0.00,66.34
18:37:55,14,12.75,0.00,0.98,0.00,0.00,0.98,0.00,0.00,0.00,85.29
18:37:55,15,8.08,0.00,1.01,0.00,0.00,0.00,0.00,0.00,0.00,90.91
18:37:56,4,30.69,0.00,2.97,0.00,0.00,0.99,0.00,0.00,0.00,65.35
18:37:56,5,27.27,0.00,3.03,0.00,0.00,1.01,0.00,0.00,0.00,68.69
18:37:56,6,22.77,0.00,2.97,0.00,0.00,0.99,0.00,0.00,0.00,73.27
18:37:56,7,11.88,0.00,1.98,0.00,0.00,0.99,0.00,0.00,0.00,85.15
18:37:56,12,17.82,0.00,1.98,0.00,0.00,0.00,0.00,0.00,0.00,80.20
18:37:56,13,29.13,0.00,2.91,0.00,0.00,1.94,0.00,0.00,0.00,66.02
18:37:56,14,12.75,0.00,0.98,0.00,0.00,0.00,0.00,0.00,0.00,86.27
18:37:56,15,5.94,0.00,0.99,0.00,0.00,0.00,0.00,0.00,0.00,93.07
18:37:57,4,31.00,0.00,3.00,0.00,0.00,2.00,0.00,0.00,0.00,64.00
18:37:57,5,38.38,0.00,4.04,0.00,0.00,2.02,0.00,0.00,0.00,55.56
18:37:57,6,23.00,0.00,2.00,0.00,0.00,1.00,0.00,0.00,0.00,74.00
18:37:57,7,14.85,0.00,1.98,0.00,0.00,0.00,0.00,0.00,0.00,83.17
18:37:57,12,15.00,0.00,2.00,0.00,0.00,1.00,0.00,0.00,0.00,82.00
18:37:57,13,15.84,0.00,0.99,0.00,0.00,0.00,0.00,0.00,0.00,83.17
18:37:57,14,15.69,0.00,0.98,0.00,0.00,0.98,0.00,0.00,0.00,82.35
18:37:57,15,5.94,0.00,0.00,0.00,0.00,0.00,0.00,0.00,0.00,94.06
18:37:58,4,25.77,0.00,1.03,0.00,0.00,1.03,0.00,0.00,0.00,72.16
18:37:58,5,24.04,0.00,2.88,0.00,0.00,1.92,0.00,0.00,0.00,71.15
18:37:58,6,12.87,0.00,1.98,0.00,0.00,0.00,0.00,0.00,0.00,85.15
18:37:58,7,13.00,0.00,1.00,0.00,0.00,0.00,0.00,0.00,0.00,86.00
18:37:58,12,26.47,0.00,1.96,0.00,0.00,0.98,0.00,0.00,0.00,70.59
18:37:58,13,32.35,0.00,2.94,0.00,0.00,1.96,0.00,0.00,0.00,62.75
18:37:58,14,16.50,0.00,1.94,0.00,0.00,0.97,0.00,0.00,0.00,80.58
18:37:58,15,11.65,0.00,1.94,0.00,0.00,0.97,0.00,0.00,0.00,85.44
18:37:59,4,25.74,0.00,1.98,0.00,0.00,0.99,0.00,0.00,0.00,71.29
18:37:59,5,16.16,0.00,1.01,0.00,0.00,0.00,0.00,0.00,0.00,82.83
18:37:59,6,28.87,0.00,2.06,0.00,0.00,2.06,0.00,0.00,0.00,67.01
18:37:59,7,8.00,0.00,2.00,0.00,0.00,1.00,0.00,0.00,0.00,89.00
18:37:59,12,21.15,0.00,1.92,0.00,0.00,0.96,0.00,0.00,0.00,75.96
18:37:59,13,30.00,0.00,2.00,0.00,0.00,1.00,0.00,0.00,0.00,67.00
18:37:59,14,10.10,0.00,1.01,0.00,0.00,0.00,0.00,0.00,0.00,88.89
18:37:59,15,8.91,0.00,0.00,0.00,0.00,0.00,0.00,0.00,0.00,91.09
18:38:00,4,23.76,0.00,1.98,0.00,0.00,1.98,0.00,0.00,0.00,72.28
18:38:00,5,36.36,0.00,4.04,0.00,0.00,1.01,0.00,0.00,0.00,58.59
18:38:00,6,20.39,0.00,2.91,0.00,0.00,0.00,0.00,0.00,0.00,76.70
18:38:00,7,6.00,0.00,0.00,0.00,0.00,1.00,0.00,0.00,0.00,93.00
18:38:00,12,22.77,0.00,1.98,0.00,0.00,1.98,0.00,0.00,0.00,73.27
18:38:00,13,25.00,0.00,1.92,0.00,0.00,1.92,0.00,0.00,0.00,71.15
18:38:00,14,15.69,0.00,1.96,0.00,0.00,0.98,0.00,0.00,0.00,81.37
18:38:00,15,9.71,0.00,0.97,0.00,0.00,0.97,0.00,0.00,0.00,88.35
18:38:01,4,17.00,0.00,2.00,0.00,0.00,1.00,0.00,0.00,0.00,80.00
18:38:01,5,20.59,0.00,1.96,0.00,0.00,0.98,0.00,0.00,0.00,76.47
18:38:01,6,18.18,0.00,1.01,0.00,0.00,1.01,0.00,0.00,0.00,79.80
18:38:01,7,15.69,0.00,1.96,0.00,0.00,0.00,0.00,0.00,0.00,82.35
18:38:01,12,25.49,0.00,1.96,0.00,0.00,1.96,0.00,0.00,0.00,70.59
18:38:01,13,40.00,0.00,4.00,0.00,0.00,2.00,0.00,0.00,0.00,54.00
18:38:01,14,7.84,0.00,0.98,0.00,0.00,0.00,0.00,0.00,0.00,91.18
18:38:01,15,9.80,0.00,0.98,0.00,0.00,0.98,0.00,0.00,0.00,88.24
18:38:02,4,15.00,0.00,2.00,0.00,0.00,1.00,0.00,0.00,0.00,82.00
18:38:02,5,23.00,0.00,2.00,0.00,0.00,2.00,0.00,0.00,0.00,73.00
18:38:02,6,18.81,0.00,1.98,0.00,0.00,0.99,0.00,0.00,0.00,78.22
18:38:02,7,14.85,0.00,0.99,0.00,0.00,0.99,0.00,0.00,0.00,83.17
18:38:02,12,37.86,0.00,3.88,0.00,0.00,0.97,0.00,0.00,0.00,57.28
18:38:02,13,23.08,0.00,1.92,0.00,0.00,0.96,0.00,0.00,0.00,74.04
18:38:02,14,14.71,0.00,1.96,0.00,0.00,0.98,0.00,0.00,0.00,82.35
18:38:02,15,8.00,0.00,2.00,0.00,0.00,0.00,0.00,0.00,0.00,90.00
18:38:03,4,18.81,0.00,0.99,0.00,0.00,0.99,0.00,0.00,0.00,79.21
18:38:03,5,31.37,0.00,2.94,0.00,0.00,0.98,0.00,0.00,0.00,64.71
18:38:03,6,27.45,0.00,2.94,0.00,0.00,1.96,0.00,0.00,0.00,67.65
18:38:03,7,13.73,0.00,1.96,0.00,0.00,0.98,0.00,0.00,0.00,83.33
18:38:03,12,16.83,0.00,1.98,0.00,0.00,1.98,0.00,0.00,0.00,79.21
18:38:03,13,28.00,0.00,4.00,0.00,0.00,1.00,0.00,0.00,0.00,67.00
18:38:03,14,12.87,0.00,1.98,0.00,0.00,0.00,0.00,0.00,0.00,85.15
18:38:03,15,9.90,0.00,0.99,0.00,0.00,0.99,0.00,0.00,0.00,88.12
18:38:04,4,28.16,0.00,2.91,0.00,0.00,1.94,0.00,0.00,0.00,66.99
18:38:04,5,40.00,0.00,4.00,0.00,0.00,2.00,0.00,0.00,0.00,54.00
18:38:04,6,20.79,0.00,0.99,0.00,0.00,0.99,0.00,0.00,0.00,77.23
18:38:04,7,13.59,0.00,1.94,0.00,0.00,0.00,0.00,0.00,0.00,84.47
18:38:04,12,7.84,0.00,0.00,0.00,0.00,0.00,0.00,0.00,0.00,92.16
18:38:04,13,34.00,0.00,2.00,0.00,0.00,1.00,0.00,0.00,0.00,63.00
18:38:04,14,12.62,0.00,1.94,0.00,0.00,0.97,0.00,0.00,0.00,84.47
18:38:04,15,3.96,0.00,0.99,0.00,0.00,0.00,0.00,0.00,0.00,95.05
18:38:05,4,35.58,0.00,2.88,0.96,0.00,1.92,0.00,0.00,0.00,58.65
18:38:05,5,19.00,0.00,1.00,0.00,0.00,1.00,0.00,0.00,0.00,79.00
18:38:05,6,27.45,0.00,3.92,0.00,0.00,1.96,0.00,0.00,0.00,66.67
18:38:05,7,6.93,0.00,0.00,0.00,0.00,0.99,0.00,0.00,0.00,92.08
18:38:05,12,22.86,0.00,1.90,0.00,0.00,0.95,0.00,0.00,0.00,74.29
18:38:05,13,39.60,0.00,2.97,0.99,0.00,1.98,0.00,0.00,0.00,54.46
18:38:05,14,7.84,0.00,0.98,0.00,0.00,0.00,0.00,0.00,0.00,91.18
18:38:05,15,3.03,0.00,0.00,0.00,0.00,0.00,0.00,0.00,0.00,96.97
18:38:06,4,22.77,0.00,0.99,0.00,0.00,0.99,0.00,0.00,0.00,75.25
18:38:06,5,24.51,0.00,2.94,0.00,0.00,0.98,0.00,0.00,0.00,71.57
18:38:06,6,18.27,0.00,2.88,0.00,0.00,0.96,0.00,0.00,0.00,77.88
18:38:06,7,10.89,0.00,1.98,0.00,0.00,0.00,0.00,0.00,0.00,87.13
18:38:06,12,25.25,0.00,1.01,0.00,0.00,1.01,0.00,0.00,0.00,72.73
18:38:06,13,34.31,0.00,3.92,0.00,0.00,0.98,0.00,0.00,0.00,60.78
18:38:06,14,13.73,0.00,0.98,0.00,0.00,0.98,0.00,0.00,0.00,84.31
18:38:06,15,9.71,0.00,0.97,0.00,0.00,0.97,0.00,0.00,0.00,88.35
18:38:07,4,23.00,0.00,2.00,0.00,0.00,1.00,0.00,0.00,0.00,74.00
18:38:07,5,29.90,0.00,3.09,0.00,0.00,2.06,0.00,0.00,0.00,64.95
18:38:07,6,26.47,0.00,0.98,0.00,0.00,0.00,0.00,0.00,0.00,72.55
18:38:07,7,17.82,0.00,0.99,0.00,0.00,0.99,0.00,0.00,0.00,80.20
18:38:07,12,15.84,0.00,0.99,0.00,0.00,0.00,0.00,0.00,0.00,83.17
18:38:07,13,27.45,0.00,1.96,0.00,0.00,1.96,0.00,0.00,0.00,68.63
18:38:07,14,11.76,0.00,1.96,0.00,0.00,0.98,0.00,0.00,0.00,85.29
18:38:07,15,7.00,0.00,0.00,0.00,0.00,0.00,0.00,0.00,0.00,93.00
18:38:08,4,20.00,0.00,2.00,0.00,0.00,2.00,0.00,0.00,0.00,76.00
18:38:08,5,31.00,0.00,3.00,0.00,0.00,2.00,0.00,0.00,0.00,64.00
18:38:08,6,17.00,0.00,2.00,0.00,0.00,1.00,0.00,0.00,0.00,80.00
18:38:08,7,16.00,0.00,2.00,0.00,0.00,0.00,0.00,0.00,0.00,82.00
18:38:08,12,20.00,0.00,2.86,0.00,0.00,1.90,0.00,0.00,0.00,75.24
18:38:08,13,34.34,0.00,4.04,0.00,0.00,2.02,0.00,0.00,0.00,59.60
18:38:08,14,19.61,0.00,1.96,0.00,0.00,0.98,0.00,0.00,0.00,77.45
18:38:08,15,5.94,0.00,0.99,0.00,0.00,0.00,0.00,0.00,0.00,93.07
18:38:09,4,26.21,0.00,1.94,0.00,0.00,0.97,0.00,0.00,0.00,70.87
18:38:09,5,24.75,0.00,2.97,0.00,0.00,0.99,0.00,0.00,0.00,71.29
18:38:09,6,18.27,0.00,2.88,0.00,0.00,0.96,0.00,0.00,0.00,77.88
18:38:09,7,6.93,0.00,0.00,0.00,0.00,0.00,0.00,0.00,0.00,93.07
18:38:09,12,16.67,0.00,0.98,0.00,0.00,0.00,0.00,0.00,0.00,82.35
18:38:09,13,35.00,0.00,2.00,0.00,0.00,2.00,0.00,0.00,0.00,61.00
18:38:09,14,29.25,0.00,2.83,0.00,0.00,1.89,0.00,0.00,0.00,66.04
18:38:09,15,5.00,0.00,1.00,0.00,0.00,0.00,0.00,0.00,0.00,94.00
18:38:10,4,20.00,0.00,1.00,0.00,0.00,1.00,0.00,0.00,0.00,78.00
18:38:10,5,18.00,0.00,2.00,0.00,0.00,1.00,0.00,0.00,0.00,79.00
18:38:10,6,17.65,0.00,1.96,0.00,0.00,0.00,0.00,0.00,0.00,80.39
18:38:10,7,13.73,0.00,1.96,0.00,0.00,0.98,0.00,0.00,0.00,83.33
18:38:10,12,24.51,0.00,1.96,0.00,0.00,0.98,0.00,0.00,0.00,72.55
18:38:10,13,36.54,0.00,4.81,0.00,0.00,1.92,0.00,0.00,0.00,56.73
18:38:10,14,19.39,0.00,1.02,0.00,0.00,0.00,0.00,0.00,0.00,79.59
18:38:10,15,6.86,0.00,0.98,0.00,0.00,0.98,0.00,0.00,0.00,91.18
18:38:11,4,32.00,0.00,4.00,0.00,0.00,2.00,0.00,0.00,0.00,62.00
18:38:11,5,28.71,0.00,1.98,0.00,0.00,0.99,0.00,0.00,0.00,68.32
18:38:11,6,22.00,0.00,2.00,0.00,0.00,1.00,0.00,0.00,0.00,75.00
18:38:11,7,11.76,0.00,0.98,0.98,0.00,0.98,0.00,0.00,0.00,85.29
18:38:11,12,12.87,0.00,1.98,0.00,0.00,0.99,0.00,0.00,0.00,84.16
18:38:11,13,30.10,0.00,3.88,0.00,0.00,0.97,0.00,0.00,0.00,65.05
18:38:11,14,14.56,0.00,1.94,0.00,0.00,0.00,0.00,0.00,0.00,83.50
18:38:11,15,8.91,0.00,0.99,0.00,0.00,0.00,0.00,0.00,0.00,90.10
18:38:12,4,23.53,0.00,1.96,0.00,0.00,0.98,0.00,0.00,0.00,73.53
18:38:12,5,39.39,0.00,4.04,0.00,0.00,1.01,0.00,0.00,0.00,55.56
18:38:12,6,28.71,0.00,2.97,0.00,0.00,1.98,0.00,0.00,0.00,66.34
18:38:12,7,18.63,0.00,0.98,0.00,0.00,0.00,0.00,0.00,0.00,80.39
18:38:12,12,8.82,0.00,0.00,0.00,0.00,0.98,0.00,0.00,0.00,90.20
18:38:12,13,32.69,0.00,2.88,0.00,0.00,1.92,0.00,0.00,0.00,62.50
18:38:12,14,3.96,0.00,0.99,0.00,0.00,0.00,0.00,0.00,0.00,95.05
18:38:12,15,3.96,0.00,0.99,0.00,0.00,0.00,0.00,0.00,0.00,95.05
18:38:13,4,20.59,0.00,2.94,0.00,0.00,0.98,0.00,0.00,0.00,75.49
18:38:13,5,16.00,0.00,3.00,0.00,0.00,1.00,0.00,0.00,0.00,80.00
18:38:13,6,22.77,0.00,1.98,0.00,0.00,0.99,0.00,0.00,0.00,74.26
18:38:13,7,6.00,0.00,0.00,0.00,0.00,1.00,0.00,0.00,0.00,93.00
18:38:13,12,7.84,0.00,0.98,0.00,0.00,0.00,0.00,0.00,0.00,91.18
18:38:13,13,39.05,0.00,3.81,0.00,0.00,2.86,0.00,0.00,0.00,54.29
18:38:13,14,29.70,0.00,2.97,0.00,0.00,0.99,0.00,0.00,0.00,66.34
18:38:13,15,19.80,0.00,2.97,0.00,0.00,0.99,0.00,0.00,0.00,76.24
18:38:14,4,22.77,0.00,1.98,0.00,0.00,0.99,0.00,0.00,0.00,74.26
18:38:14,5,32.00,0.00,2.00,0.00,0.00,1.00,0.00,0.00,0.00,65.00
18:38:14,6,28.43,0.00,1.96,0.00,0.00,0.98,0.00,0.00,0.00,68.63
18:38:14,7,6.93,0.00,0.99,0.00,0.00,0.00,0.00,0.00,0.00,92.08
18:38:14,12,4.90,0.00,0.00,0.00,0.00,0.98,0.00,0.00,0.00,94.12
18:38:14,13,45.10,0.00,2.94,0.00,0.00,1.96,0.00,0.00,0.00,50.00
18:38:14,14,12.62,0.00,0.97,0.00,0.00,0.97,0.00,0.00,0.00,85.44
18:38:14,15,12.50,0.00,1.92,0.00,0.00,0.00,0.00,0.00,0.00,85.58
18:38:15,4,41.00,0.00,3.00,0.00,0.00,2.00,0.00,0.00,0.00,54.00
18:38:15,5,30.30,0.00,2.02,0.00,0.00,1.01,0.00,0.00,0.00,66.67
18:38:15,6,14.71,0.00,1.96,0.00,0.00,0.98,0.00,0.00,0.00,82.35
18:38:15,7,12.87,0.00,1.98,0.00,0.00,0.99,0.00,0.00,0.00,84.16
18:38:15,12,19.00,0.00,2.00,0.00,0.00,1.00,0.00,0.00,0.00,78.00
18:38:15,13,16.16,0.00,2.02,0.00,0.00,1.01,0.00,0.00,0.00,80.81
18:38:15,14,19.42,0.00,0.97,0.00,0.00,0.97,0.00,0.00,0.00,78.64
18:38:15,15,0.99,0.00,0.00,0.00,0.00,0.99,0.00,0.00,0.00,98.02
18:38:16,4,22.00,0.00,3.00,0.00,0.00,1.00,0.00,0.00,0.00,74.00
18:38:16,5,34.69,0.00,3.06,1.02,0.00,2.04,0.00,0.00,0.00,59.18
18:38:16,6,25.74,0.00,1.98,0.00,0.00,0.99,0.00,0.00,0.00,71.29
18:38:16,7,9.00,0.00,1.00,0.00,0.00,0.00,0.00,0.00,0.00,90.00
18:38:16,12,22.22,0.00,2.02,0.00,0.00,1.01,0.00,0.00,0.00,74.75
18:38:16,13,19.80,0.00,0.99,0.00,0.00,0.99,0.00,0.00,0.00,78.22
18:38:16,14,16.83,0.00,0.99,0.00,0.00,0.00,0.00,0.00,0.00,82.18
18:38:16,15,6.93,0.00,0.00,0.00,0.00,0.00,0.00,0.00,0.00,93.07
18:38:17,4,20.00,0.00,1.00,0.00,0.00,2.00,0.00,0.00,0.00,77.00
18:38:17,5,29.29,0.00,4.04,0.00,0.00,1.01,0.00,0.00,0.00,65.66
18:38:17,6,26.73,0.00,2.97,0.00,0.00,1.98,0.00,0.00,0.00,68.32
18:38:17,7,13.59,0.00,2.91,0.00,0.00,0.97,0.00,0.00,0.00,82.52
18:38:17,12,13.73,0.00,1.96,0.00,0.00,0.00,0.00,0.00,0.00,84.31
18:38:17,13,33.33,0.00,4.76,0.00,0.00,0.95,0.00,0.00,0.00,60.95
18:38:17,14,15.38,0.00,0.96,0.00,0.00,0.96,0.00,0.00,0.00,82.69
18:38:17,15,3.00,0.00,0.00,0.00,0.00,0.00,0.00,0.00,0.00,97.00
18:38:18,4,22.77,0.00,2.97,0.00,0.00,0.00,0.00,0.00,0.00,74.26
18:38:18,5,19.00,0.00,3.00,0.00,0.00,1.00,0.00,0.00,0.00,77.00
18:38:18,6,23.00,0.00,2.00,0.00,0.00,1.00,0.00,0.00,0.00,74.00
18:38:18,7,15.69,0.00,0.98,0.00,0.00,0.00,0.00,0.00,0.00,83.33
18:38:18,12,34.65,0.00,2.97,0.00,0.00,1.98,0.00,0.00,0.00,60.40
18:38:18,13,23.81,0.00,1.90,0.00,0.00,0.95,0.00,0.00,0.00,73.33
18:38:18,14,17.82,0.00,0.00,0.00,0.00,0.00,0.00,0.00,0.00,82.18
18:38:18,15,9.80,0.00,1.96,0.00,0.00,0.98,0.00,0.00,0.00,87.25
18:38:19,4,33.01,0.00,2.91,0.00,0.00,1.94,0.00,0.00,0.00,62.14
18:38:19,5,41.58,0.00,3.96,0.00,0.00,1.98,0.00,0.00,0.00,52.48
18:38:19,6,18.63,0.00,0.98,0.00,0.00,0.00,0.00,0.00,0.00,80.39
18:38:19,7,12.87,0.00,0.99,0.00,0.00,0.99,0.00,0.00,0.00,85.15
18:38:19,12,19.61,0.00,1.96,0.00,0.00,0.98,0.00,0.00,0.00,77.45
18:38:19,13,25.24,0.00,1.94,0.00,0.00,0.97,0.00,0.00,0.00,71.84
18:38:19,14,2.94,0.00,0.98,0.00,0.00,0.98,0.00,0.00,0.00,95.10
18:38:19,15,7.00,0.00,0.00,0.00,0.00,1.00,0.00,0.00,0.00,92.00
18:38:20,4,27.72,0.00,1.98,0.00,0.00,0.99,0.00,0.00,0.00,69.31
18:38:20,5,15.84,0.00,0.99,0.00,0.00,0.99,0.00,0.00,0.00,82.18
18:38:20,6,23.58,0.00,3.77,0.00,0.00,1.89,0.00,0.00,0.00,70.75
18:38:20,7,11.00,0.00,1.00,0.00,0.00,0.00,0.00,0.00,0.00,88.00
18:38:20,12,13.00,0.00,2.00,0.00,0.00,1.00,0.00,0.00,0.00,84.00
18:38:20,13,42.00,0.00,3.00,0.00,0.00,2.00,0.00,0.00,0.00,53.00
18:38:20,14,9.90,0.00,0.99,0.00,0.00,0.00,0.00,0.00,0.00,89.11
18:38:20,15,11.76,0.00,0.98,0.00,0.00,0.98,0.00,0.00,0.00,86.27
18:38:21,4,29.13,0.00,3.88,0.97,0.00,1.94,0.00,0.00,0.00,64.08
18:38:21,5,29.29,0.00,2.02,0.00,0.00,0.00,0.00,0.00,0.00,68.69
18:38:21,6,10.00,0.00,0.00,0.00,0.00,0.00,0.00,0.00,0.00,90.00
18:38:21,7,11.76,0.00,1.96,0.98,0.00,0.00,0.00,0.00,0.00,85.29
18:38:21,12,4.00,0.00,0.00,0.00,0.00,0.00,0.00,0.00,0.00,96.00
18:38:21,13,44.33,0.00,5.15,0.00,0.00,1.03,0.00,0.00,0.00,49.48
18:38:21,14,20.19,0.00,1.92,0.00,0.00,1.92,0.00,0.00,0.00,75.96
18:38:21,15,10.89,0.00,0.00,0.00,0.00,0.00,0.00,0.00,0.00,89.11
18:38:22,4,16.83,0.00,0.99,0.00,0.00,0.00,0.00,0.00,0.00,82.18
18:38:22,5,28.71,0.00,2.97,0.00,0.00,0.99,0.00,0.00,0.00,67.33
18:38:22,6,28.16,0.00,3.88,0.00,0.00,0.97,0.00,0.00,0.00,66.99
18:38:22,7,16.83,0.00,0.99,0.00,0.00,0.99,0.00,0.00,0.00,81.19
18:38:22,12,19.42,0.00,0.97,0.00,0.00,0.97,0.00,0.00,0.00,78.64
18:38:22,13,27.27,0.00,2.02,0.00,0.00,1.01,0.00,0.00,0.00,69.70
18:38:22,14,9.80,0.00,0.98,0.00,0.00,0.00,0.00,0.00,0.00,89.22
18:38:22,15,8.00,0.00,1.00,0.00,0.00,0.00,0.00,0.00,0.00,91.00
18:38:23,4,18.00,0.00,1.00,0.00,0.00,1.00,0.00,0.00,0.00,80.00
18:38:23,5,17.82,0.00,1.98,0.00,0.00,0.99,0.00,0.00,0.00,79.21
18:38:23,6,23.76,0.00,2.97,0.00,0.00,1.98,0.00,0.00,0.00,71.29
18:38:23,7,10.78,0.00,1.96,0.00,0.00,0.00,0.00,0.00,0.00,87.25
18:38:23,12,18.63,0.00,1.96,0.00,0.00,0.98,0.00,0.00,0.00,78.43
18:38:23,13,44.00,0.00,6.00,0.00,0.00,3.00,0.00,0.00,0.00,47.00
18:38:23,14,10.78,0.00,0.98,0.00,0.00,0.98,0.00,0.00,0.00,87.25
18:38:23,15,17.31,0.00,1.92,0.00,0.00,0.96,0.00,0.00,0.00,79.81
18:38:24,4,8.82,0.00,0.98,0.00,0.00,0.00,0.00,0.00,0.00,90.20
18:38:24,5,23.76,0.00,2.97,0.00,0.00,0.99,0.00,0.00,0.00,72.28
18:38:24,6,31.31,0.00,2.02,0.00,0.00,1.01,0.00,0.00,0.00,65.66
18:38:24,7,9.90,0.00,0.99,0.00,0.00,0.99,0.00,0.00,0.00,88.12
18:38:24,12,18.63,0.00,1.96,0.00,0.00,0.00,0.00,0.00,0.00,79.41
18:38:24,13,33.01,0.00,2.91,0.00,0.00,1.94,0.00,0.00,0.00,62.14
18:38:24,14,15.15,0.00,1.01,0.00,0.00,1.01,0.00,0.00,0.00,82.83
18:38:24,15,15.00,0.00,1.00,0.00,0.00,1.00,0.00,0.00,0.00,83.00
18:38:25,4,13.73,0.00,0.98,0.00,0.00,0.98,0.00,0.00,0.00,84.31
18:38:25,5,26.73,0.00,2.97,0.00,0.00,0.99,0.00,0.00,0.00,69.31
18:38:25,6,29.41,0.00,2.94,0.00,0.00,1.96,0.00,0.00,0.00,65.69
18:38:25,7,7.84,0.00,0.98,0.00,0.00,0.00,0.00,0.00,0.00,91.18
18:38:25,12,19.80,0.00,1.98,0.00,0.00,0.99,0.00,0.00,0.00,77.23
18:38:25,13,39.81,0.00,3.88,0.00,0.00,1.94,0.00,0.00,0.00,54.37
18:38:25,14,14.56,0.00,1.94,0.00,0.00,0.00,0.00,0.00,0.00,83.50
18:38:25,15,7.84,0.00,0.98,0.00,0.00,0.98,0.00,0.00,0.00,90.20
18:38:26,4,17.82,0.00,1.98,0.00,0.00,0.99,0.00,0.00,0.00,79.21
18:38:26,5,21.00,0.00,2.00,1.00,0.00,1.00,0.00,0.00,0.00,75.00
18:38:26,6,19.00,0.00,3.00,0.00,0.00,1.00,0.00,0.00,0.00,77.00
18:38:26,7,13.86,0.00,0.99,0.00,0.00,0.00,0.00,0.00,0.00,85.15
18:38:26,12,35.92,0.00,2.91,0.00,0.00,1.94,0.00,0.00,0.00,59.22
18:38:26,13,22.00,0.00,1.00,0.00,0.00,0.00,0.00,0.00,0.00,77.00
18:38:26,14,20.79,0.00,0.99,0.00,0.00,0.99,0.00,0.00,0.00,77.23
18:38:26,15,16.83,0.00,1.98,0.00,0.00,0.00,0.00,0.00,0.00,81.19
18:38:27,4,27.88,0.00,2.88,0.00,0.00,1.92,0.00,0.00,0.00,67.31
18:38:27,5,37.00,0.00,4.00,0.00,0.00,2.00,0.00,0.00,0.00,57.00
18:38:27,6,18.63,0.00,0.98,0.00,0.00,0.98,0.00,0.00,0.00,79.41
18:38:27,7,9.80,0.00,0.98,0.00,0.00,0.98,0.00,0.00,0.00,88.24
18:38:27,12,19.00,0.00,3.00,0.00,0.00,1.00,0.00,0.00,0.00,77.00
18:38:27,13,15.84,0.00,1.98,0.00,0.00,0.99,0.00,0.00,0.00,81.19
18:38:27,14,13.59,0.00,0.97,0.00,0.00,0.97,0.00,0.00,0.00,84.47
18:38:27,15,10.78,0.00,0.98,0.00,0.00,0.00,0.00,0.00,0.00,88.24
18:38:28,4,31.31,0.00,4.04,0.00,0.00,1.01,0.00,0.00,0.00,63.64
18:38:28,5,29.70,0.00,2.97,0.00,0.00,0.99,0.00,0.00,0.00,66.34
18:38:28,6,21.78,0.00,1.98,0.00,0.00,0.99,0.00,0.00,0.00,75.25
18:38:28,7,11.88,0.00,1.98,0.00,0.00,0.99,0.00,0.00,0.00,85.15
18:38:28,12,17.65,0.00,1.96,0.00,0.00,0.98,0.00,0.00,0.00,79.41
18:38:28,13,30.39,0.00,3.92,0.00,0.00,0.98,0.00,0.00,0.00,64.71
18:38:28,14,6.93,0.00,1.98,0.00,0.00,0.00,0.00,0.00,0.00,91.09
18:38:28,15,11.76,0.00,0.98,0.00,0.00,0.98,0.00,0.00,0.00,86.27
18:38:29,4,12.12,0.00,1.01,0.00,0.00,0.00,0.00,0.00,0.00,86.87
18:38:29,5,18.37,0.00,2.04,0.00,0.00,1.02,0.00,0.00,0.00,78.57
18:38:29,6,21.00,0.00,3.00,0.00,0.00,1.00,0.00,0.00,0.00,75.00
18:38:29,7,14.14,0.00,1.01,0.00,0.00,0.00,0.00,0.00,0.00,84.85
18:38:29,12,33.98,0.00,2.91,0.00,0.00,1.94,0.00,0.00,0.00,61.17
18:38:29,13,31.00,0.00,2.00,0.00,0.00,2.00,0.00,0.00,0.00,65.00
18:38:29,14,19.42,0.00,0.97,0.00,0.00,0.00,0.00,0.00,0.00,79.61
18:38:29,15,3.96,0.00,0.99,0.00,0.00,0.00,0.00,0.00,0.00,95.05
18:38:30,4,23.53,0.00,2.94,0.00,0.00,0.98,0.00,0.00,0.00,72.55
18:38:30,5,19.61,0.00,1.96,0.00,0.00,0.98,0.00,0.00,0.00,77.45
18:38:30,6,19.23,0.00,1.92,0.00,0.00,0.96,0.00,0.00,0.00,77.88
18:38:30,7,8.74,0.00,0.97,0.00,0.00,0.97,0.00,0.00,0.00,89.32
18:38:30,12,38.83,0.00,2.91,0.00,0.00,1.94,0.00,0.00,0.00,56.31
18:38:30,13,36.36,0.00,2.02,0.00,0.00,2.02,0.00,0.00,0.00,59.60
18:38:30,14,13.59,0.00,0.97,0.00,0.00,0.97,0.00,0.00,0.00,84.47
18:38:30,15,5.88,0.00,0.00,0.00,0.00,0.98,0.00,0.00,0.00,93.14
18:38:31,4,18.00,0.00,1.00,0.00,0.00,1.00,0.00,0.00,0.00,80.00
18:38:31,5,20.79,0.00,3.96,0.00,0.00,0.00,0.00,0.00,0.00,75.25
18:38:31,6,22.77,0.00,1.98,0.00,0.00,0.00,0.00,0.00,0.00,75.25
18:38:31,7,15.84,0.00,0.99,1.98,0.00,0.99,0.00,0.00,0.00,80.20
18:38:31,12,26.00,0.00,3.00,0.00,0.00,0.00,0.00,0.00,0.00,71.00
18:38:31,13,31.31,0.00,4.04,0.00,0.00,1.01,0.00,0.00,0.00,63.64
18:38:31,14,12.75,0.00,0.98,0.98,0.00,0.98,0.00,0.00,0.00,84.31
18:38:31,15,7.92,0.00,0.99,0.00,0.00,0.00,0.00,0.00,0.00,91.09
18:38:32,4,15.15,0.00,2.02,0.00,0.00,1.01,0.00,0.00,0.00,81.82
18:38:32,5,39.22,0.00,3.92,0.00,0.00,1.96,0.00,0.00,0.00,54.90
18:38:32,6,26.00,0.00,3.00,0.00,0.00,1.00,0.00,0.00,0.00,70.00
18:38:32,7,16.35,0.00,0.96,0.00,0.00,0.96,0.00,0.00,0.00,81.73
18:38:32,12,18.63,0.00,1.96,0.00,0.00,1.96,0.00,0.00,0.00,77.45
18:38:32,13,10.89,0.00,0.99,0.00,0.00,0.99,0.00,0.00,0.00,87.13
18:38:32,14,15.69,0.00,1.96,0.00,0.00,0.98,0.00,0.00,0.00,81.37
18:38:32,15,4.00,0.00,1.00,0.00,0.00,0.00,0.00,0.00,0.00,95.00
18:38:33,4,21.57,0.00,2.94,0.00,0.00,0.98,0.00,0.00,0.00,74.51
18:38:33,5,23.47,0.00,2.04,0.00,0.00,2.04,0.00,0.00,0.00,72.45
18:38:33,6,27.18,0.00,1.94,0.00,0.00,1.94,0.00,0.00,0.00,68.93
18:38:33,7,17.82,0.00,1.98,0.00,0.00,0.99,0.00,0.00,0.00,79.21
18:38:33,12,14.56,0.00,0.97,0.00,0.00,0.00,0.00,0.00,0.00,84.47
18:38:33,13,37.76,0.00,3.06,0.00,0.00,3.06,0.00,0.00,0.00,56.12
18:38:33,14,17.31,0.00,1.92,0.00,0.00,0.96,0.00,0.00,0.00,79.81
18:38:33,15,7.84,0.00,1.96,0.00,0.00,0.98,0.00,0.00,0.00,89.22
18:38:34,4,28.00,0.00,2.00,0.00,0.00,1.00,0.00,0.00,0.00,69.00
18:38:34,5,17.35,0.00,4.08,0.00,0.00,0.00,0.00,0.00,0.00,78.57
18:38:34,6,20.39,0.00,1.94,0.00,0.00,0.97,0.00,0.00,0.00,76.70
18:38:34,7,10.89,0.00,0.99,0.00,0.00,0.00,0.00,0.00,0.00,88.12
18:38:34,12,21.70,0.00,1.89,0.00,0.00,0.94,0.00,0.00,0.00,75.47
18:38:34,13,40.00,0.00,3.00,0.00,0.00,2.00,0.00,0.00,0.00,55.00
18:38:34,14,18.00,0.00,2.00,0.00,0.00,0.00,0.00,0.00,0.00,80.00
18:38:34,15,4.95,0.00,0.00,0.00,0.00,0.00,0.00,0.00,0.00,95.05
18:38:35,4,21.21,0.00,1.01,0.00,0.00,2.02,0.00,0.00,0.00,75.76
18:38:35,5,4.95,0.00,0.00,0.00,0.00,0.00,0.00,0.00,0.00,95.05
18:38:35,6,11.65,0.00,0.97,0.00,0.00,0.97,0.00,0.00,0.00,86.41
18:38:35,7,4.95,0.00,0.00,0.00,0.00,0.00,0.00,0.00,0.00,95.05
18:38:35,12,31.07,0.00,2.91,0.00,0.00,0.97,0.00,0.00,0.00,65.05
18:38:35,13,34.65,0.00,2.97,0.00,0.00,1.98,0.00,0.00,0.00,60.40
18:38:35,14,26.73,0.00,2.97,0.00,0.00,1.98,0.00,0.00,0.00,68.32
18:38:35,15,14.71,0.00,0.98,0.00,0.00,0.98,0.00,0.00,0.00,83.33
18:38:36,4,23.23,0.00,3.03,0.00,0.00,1.01,0.00,0.00,0.00,72.73
18:38:36,5,20.79,0.00,2.97,0.00,0.00,0.99,0.00,0.00,0.00,75.25
18:38:36,6,20.79,0.00,2.97,0.00,0.00,0.99,0.00,0.00,0.00,75.25
18:38:36,7,11.65,0.00,0.97,1.94,0.00,0.97,0.00,0.00,0.00,84.47
18:38:36,12,15.69,0.00,0.98,0.00,0.00,0.98,0.00,0.00,0.00,82.35
18:38:36,13,33.98,0.00,3.88,0.00,0.00,1.94,0.00,0.00,0.00,60.19
18:38:36,14,22.55,0.00,1.96,0.00,0.00,0.98,0.00,0.00,0.00,74.51
18:38:36,15,7.92,0.00,0.99,0.00,0.00,0.00,0.00,0.00,0.00,91.09
18:38:37,4,22.33,0.00,1.94,0.00,0.00,0.97,0.00,0.00,0.00,74.76
18:38:37,5,28.57,0.00,2.04,0.00,0.00,1.02,0.00,0.00,0.00,68.37
18:38:37,6,31.37,0.00,3.92,0.00,0.00,1.96,0.00,0.00,0.00,62.75
18:38:37,7,13.13,0.00,1.01,0.00,0.00,0.00,0.00,0.00,0.00,85.86
18:38:37,12,23.76,0.00,0.99,0.00,0.00,0.00,0.00,0.00,0.00,75.25
18:38:37,13,24.51,0.00,2.94,0.00,0.00,0.00,0.00,0.00,0.00,72.55
18:38:37,14,5.94,0.00,0.00,0.00,0.00,0.99,0.00,0.00,0.00,93.07
18:38:37,15,6.86,0.00,0.98,0.00,0.00,0.98,0.00,0.00,0.00,91.18
18:38:38,4,34.00,0.00,4.00,2.00,0.00,1.00,0.00,0.00,0.00,59.00
18:38:38,5,24.00,0.00,2.00,0.00,0.00,1.00,0.00,0.00,0.00,73.00
18:38:38,6,28.16,0.00,1.94,0.00,0.00,0.97,0.00,0.00,0.00,68.93
18:38:38,7,9.00,0.00,1.00,0.00,0.00,1.00,0.00,0.00,0.00,89.00
18:38:38,12,18.63,0.00,1.96,0.00,0.00,1.96,0.00,0.00,0.00,77.45
18:38:38,13,24.76,0.00,4.76,0.00,0.00,0.95,0.00,0.00,0.00,69.52
18:38:38,14,23.76,0.00,2.97,0.00,0.00,0.00,0.00,0.00,0.00,73.27
18:38:38,15,6.93,0.00,0.99,0.00,0.00,0.00,0.00,0.00,0.00,92.08
18:38:39,4,23.76,0.00,0.99,0.00,0.00,0.99,0.00,0.00,0.00,74.26
18:38:39,5,19.42,0.00,1.94,0.00,0.00,0.00,0.00,0.00,0.00,78.64
18:38:39,6,24.75,0.00,1.98,0.00,0.00,0.99,0.00,0.00,0.00,72.28
18:38:39,7,7.00,0.00,0.00,0.00,0.00,0.00,0.00,0.00,0.00,93.00
18:38:39,12,22.12,0.00,1.92,0.00,0.00,0.96,0.00,0.00,0.00,75.00
18:38:39,13,40.40,0.00,3.03,0.00,0.00,1.01,0.00,0.00,0.00,55.56
18:38:39,14,17.65,0.00,0.98,0.00,0.00,0.98,0.00,0.00,0.00,80.39
18:38:39,15,8.82,0.00,0.98,0.00,0.00,0.00,0.00,0.00,0.00,90.20
18:38:40,4,35.64,0.00,3.96,0.00,0.00,0.99,0.00,0.00,0.00,59.41
18:38:40,5,8.00,0.00,1.00,0.00,0.00,1.00,0.00,0.00,0.00,90.00
18:38:40,6,15.84,0.00,1.98,0.00,0.00,0.99,0.00,0.00,0.00,81.19
18:38:40,7,9.71,0.00,0.97,0.00,0.00,0.00,0.00,0.00,0.00,89.32
18:38:40,12,22.86,0.00,1.90,0.00,0.00,0.95,0.00,0.00,0.00,74.29
18:38:40,13,36.36,0.00,4.04,0.00,0.00,2.02,0.00,0.00,0.00,57.58
18:38:40,14,15.84,0.00,1.98,0.00,0.00,0.99,0.00,0.00,0.00,81.19
18:38:40,15,5.94,0.00,0.00,0.00,0.00,0.99,0.00,0.00,0.00,93.07
18:38:41,4,30.00,0.00,2.00,0.00,0.00,2.00,0.00,0.00,0.00,66.00
18:38:41,5,31.31,0.00,3.03,0.00,0.00,1.01,0.00,0.00,0.00,64.65
18:38:41,6,16.83,0.00,1.98,0.00,0.00,0.99,0.00,0.00,0.00,80.20
18:38:41,7,10.68,0.00,1.94,0.00,0.00,0.97,0.00,0.00,0.00,86.41
18:38:41,12,21.21,0.00,1.01,0.00,0.00,0.00,0.00,0.00,0.00,77.78
18:38:41,13,33.33,0.00,3.03,0.00,0.00,2.02,0.00,0.00,0.00,61.62
18:38:41,14,13.13,0.00,1.01,0.00,0.00,0.00,0.00,0.00,0.00,85.86
18:38:41,15,1.98,0.00,0.99,0.00,0.00,0.00,0.00,0.00,0.00,97.03
18:38:42,4,31.68,0.00,2.97,0.00,0.00,0.99,0.00,0.00,0.00,64.36
18:38:42,5,21.00,0.00,2.00,0.00,0.00,1.00,0.00,0.00,0.00,76.00
18:38:42,6,26.73,0.00,1.98,0.00,0.00,0.99,0.00,0.00,0.00,70.30
18:38:42,7,7.92,0.00,0.99,0.00,0.00,0.00,0.00,0.00,0.00,91.09
18:38:42,12,32.69,0.00,2.88,0.00,0.00,1.92,0.00,0.00,0.00,62.50
18:38:42,13,16.83,0.00,0.99,0.00,0.00,0.99,0.00,0.00,0.00,81.19
18:38:42,14,21.36,0.00,2.91,0.00,0.00,0.97,0.00,0.00,0.00,74.76
18:38:42,15,1.00,0.00,0.00,0.00,0.00,0.00,0.00,0.00,0.00,99.00
18:38:43,4,26.00,0.00,3.00,0.00,0.00,1.00,0.00,0.00,0.00,70.00
18:38:43,5,38.00,0.00,4.00,0.00,0.00,1.00,0.00,0.00,0.00,57.00
18:38:43,6,26.47,0.00,2.94,1.96,0.00,1.96,0.00,0.00,0.00,66.67
18:38:43,7,12.00,0.00,1.00,0.00,0.00,1.00,0.00,0.00,0.00,86.00
18:38:43,12,14.56,0.00,1.94,0.00,0.00,0.97,0.00,0.00,0.00,82.52
18:38:43,13,23.76,0.00,2.97,0.00,0.00,0.99,0.00,0.00,0.00,72.28
18:38:43,14,12.12,0.00,1.01,0.00,0.00,0.00,0.00,0.00,0.00,86.87
18:38:43,15,9.00,0.00,1.00,0.00,0.00,0.00,0.00,0.00,0.00,90.00
18:38:44,4,25.24,0.00,2.91,0.00,0.00,1.94,0.00,0.00,0.00,69.90
18:38:44,5,12.00,0.00,1.00,0.00,0.00,1.00,0.00,0.00,0.00,86.00
18:38:44,6,25.00,0.00,1.92,0.00,0.00,1.92,0.00,0.00,0.00,71.15
18:38:44,7,18.45,0.00,1.94,0.00,0.00,0.97,0.00,0.00,0.00,78.64
18:38:44,12,31.00,0.00,3.00,0.00,0.00,1.00,0.00,0.00,0.00,65.00
18:38:44,13,29.81,0.00,3.85,0.00,0.00,1.92,0.00,0.00,0.00,64.42
18:38:44,14,12.75,0.00,0.98,0.00,0.00,0.98,0.00,0.00,0.00,85.29
18:38:44,15,3.96,0.00,0.99,0.00,0.00,0.99,0.00,0.00,0.00,94.06
18:38:45,4,26.00,0.00,2.00,0.00,0.00,1.00,0.00,0.00,0.00,71.00
18:38:45,5,22.00,0.00,2.00,0.00,0.00,1.00,0.00,0.00,0.00,75.00
18:38:45,6,20.59,0.00,1.96,0.00,0.00,0.98,0.00,0.00,0.00,76.47
18:38:45,7,17.82,0.00,0.99,0.00,0.00,0.99,0.00,0.00,0.00,80.20
18:38:45,12,16.83,0.00,1.98,0.00,0.00,0.99,0.00,0.00,0.00,80.20
18:38:45,13,20.00,0.00,2.00,0.00,0.00,1.00,0.00,0.00,0.00,77.00
18:38:45,14,25.24,0.00,1.94,0.00,0.00,0.97,0.00,0.00,0.00,71.84
18:38:45,15,6.00,0.00,0.00,0.00,0.00,0.00,0.00,0.00,0.00,94.00
18:38:46,4,29.29,0.00,2.02,0.00,0.00,2.02,0.00,0.00,0.00,66.67
18:38:46,5,27.72,0.00,1.98,0.00,0.00,0.99,0.00,0.00,0.00,69.31
18:38:46,6,24.24,0.00,2.02,0.00,0.00,1.01,0.00,0.00,0.00,72.73
18:38:46,7,12.75,0.00,1.96,0.00,0.00,0.00,0.00,0.00,0.00,85.29
18:38:46,12,19.00,0.00,2.00,0.00,0.00,1.00,0.00,0.00,0.00,78.00
18:38:46,13,25.49,0.00,0.98,0.00,0.00,0.98,0.00,0.00,0.00,72.55
18:38:46,14,15.53,0.00,2.91,0.97,0.00,0.97,0.00,0.00,0.00,79.61
18:38:46,15,5.88,0.00,0.00,0.00,0.00,0.00,0.00,0.00,0.00,94.12
18:38:47,4,18.00,0.00,2.00,0.00,0.00,1.00,0.00,0.00,0.00,79.00
18:38:47,5,19.80,0.00,1.98,0.00,0.00,1.98,0.00,0.00,0.00,76.24
18:38:47,6,15.69,0.00,0.98,0.00,0.00,0.98,0.00,0.00,0.00,82.35
18:38:47,7,10.89,0.00,0.00,0.00,0.00,0.00,0.00,0.00,0.00,89.11
18:38:47,12,19.61,0.00,2.94,0.00,0.00,0.98,0.00,0.00,0.00,76.47
18:38:47,13,39.18,0.00,3.09,0.00,0.00,2.06,0.00,0.00,0.00,55.67
18:38:47,14,20.79,0.00,1.98,0.00,0.00,0.99,0.00,0.00,0.00,76.24
18:38:47,15,9.80,0.00,0.98,0.00,0.00,0.98,0.00,0.00,0.00,88.24
18:38:48,4,20.00,0.00,3.00,0.00,0.00,0.00,0.00,0.00,0.00,77.00
18:38:48,5,32.67,0.00,3.96,0.00,0.00,0.99,0.00,0.00,0.00,62.38
18:38:48,6,6.93,0.00,1.98,0.00,0.00,0.00,0.00,0.00,0.00,91.09
18:38:48,7,13.86,0.00,1.98,0.00,0.00,0.99,0.00,0.00,0.00,83.17
18:38:48,12,25.00,0.00,2.88,0.00,0.00,0.96,0.00,0.00,0.00,71.15
18:38:48,13,34.65,0.00,2.97,0.00,0.00,1.98,0.00,0.00,0.00,60.40
18:38:48,14,15.84,0.00,1.98,0.00,0.00,0.99,0.00,0.00,0.00,81.19
18:38:48,15,16.19,0.00,1.90,0.00,0.00,0.95,0.00,0.00,0.00,80.95
18:38:49,4,18.63,0.00,1.96,0.00,0.00,0.98,0.00,0.00,0.00,78.43
18:38:49,5,14.14,0.00,1.01,0.00,0.00,1.01,0.00,0.00,0.00,83.84
18:38:49,6,20.59,0.00,0.98,0.00,0.00,0.98,0.00,0.00,0.00,77.45
18:38:49,7,10.78,0.00,0.98,0.00,0.00,0.00,0.00,0.00,0.00,88.24
18:38:49,12,23.76,0.00,1.98,0.00,0.00,1.98,0.00,0.00,0.00,72.28
18:38:49,13,44.90,0.00,4.08,0.00,0.00,1.02,0.00,0.00,0.00,50.00
18:38:49,14,15.69,0.00,0.98,0.00,0.00,0.00,0.00,0.00,0.00,83.33
18:38:49,15,8.00,0.00,1.00,0.00,0.00,0.00,0.00,0.00,0.00,91.00
18:38:50,4,26.53,0.00,2.04,0.00,0.00,1.02,0.00,0.00,0.00,70.41
18:38:50,5,25.49,0.00,2.94,0.00,0.00,0.98,0.00,0.00,0.00,70.59
18:38:50,6,14.71,0.00,0.98,0.00,0.00,0.98,0.00,0.00,0.00,83.33
18:38:50,7,9.18,0.00,0.00,0.00,0.00,0.00,0.00,0.00,0.00,90.82
18:38:50,12,17.82,0.00,0.99,0.00,0.00,0.99,0.00,0.00,0.00,80.20
18:38:50,13,35.29,0.00,3.92,0.00,0.00,1.96,0.00,0.00,0.00,58.82
18:38:50,14,16.50,0.00,1.94,0.00,0.00,0.97,0.00,0.00,0.00,80.58
18:38:50,15,6.93,0.00,0.99,0.00,0.00,0.99,0.00,0.00,0.00,91.09
18:38:51,4,23.53,0.00,1.96,0.00,0.00,1.96,0.00,0.00,0.00,72.55
18:38:51,5,22.77,0.00,0.99,0.00,0.00,0.99,0.00,0.00,0.00,75.25
18:38:51,6,17.48,0.00,3.88,0.00,0.00,0.97,0.00,0.00,0.00,77.67
18:38:51,7,9.80,0.00,0.98,0.00,0.00,0.98,0.00,0.00,0.00,88.24
18:38:51,12,27.00,0.00,3.00,0.00,0.00,1.00,0.00,0.00,0.00,69.00
18:38:51,13,41.41,0.00,4.04,0.00,0.00,2.02,0.00,0.00,0.00,52.53
18:38:51,14,13.73,0.00,1.96,0.00,0.00,0.98,0.00,0.00,0.00,83.33
18:38:51,15,4.04,0.00,0.00,0.00,0.00,0.00,0.00,0.00,0.00,95.96
18:38:52,4,25.74,0.00,2.97,0.00,0.00,1.98,0.00,0.00,0.00,69.31
18:38:52,5,24.75,0.00,3.96,0.00,0.00,0.99,0.00,0.00,0.00,70.30
18:38:52,6,26.47,0.00,1.96,0.00,0.00,0.98,0.00,0.00,0.00,70.59
18:38:52,7,6.93,0.00,0.99,0.00,0.00,0.99,0.00,0.00,0.00,91.09
18:38:52,12,19.42,0.00,1.94,0.00,0.00,0.97,0.00,0.00,0.00,77.67
18:38:52,13,33.66,0.00,2.97,0.00,0.00,1.98,0.00,0.00,0.00,61.39
18:38:52,14,12.75,0.00,0.98,0.00,0.00,0.00,0.00,0.00,0.00,86.27
18:38:52,15,7.92,0.00,0.99,0.00,0.00,0.00,0.00,0.00,0.00,91.09
18:38:53,4,24.49,0.00,2.04,0.00,0.00,0.00,0.00,0.00,0.00,73.47
18:38:53,5,11.76,0.00,0.00,0.00,0.00,0.98,0.00,0.00,0.00,87.25
18:38:53,6,11.54,0.00,0.96,0.00,0.00,0.00,0.00,0.00,0.00,87.50
18:38:53,7,14.71,0.00,0.98,0.00,0.00,0.98,0.00,0.00,0.00,83.33
18:38:53,12,31.68,0.00,1.98,0.00,0.00,1.98,0.00,0.00,0.00,64.36
18:38:53,13,41.00,0.00,3.00,0.00,0.00,2.00,0.00,0.00,0.00,54.00
18:38:53,14,16.83,0.00,0.99,0.00,0.00,0.99,0.00,0.00,0.00,81.19
18:38:53,15,10.68,0.00,0.97,0.00,0.00,0.00,0.00,0.00,0.00,88.35
18:38:54,4,34.65,0.00,3.96,0.00,0.00,1.98,0.00,0.00,0.00,59.41
18:38:54,5,27.45,0.00,2.94,0.00,0.00,1.96,0.00,0.00,0.00,67.65
18:38:54,6,16.16,0.00,2.02,0.00,0.00,0.00,0.00,0.00,0.00,81.82
18:38:54,7,12.00,0.00,2.00,0.00,0.00,1.00,0.00,0.00,0.00,85.00
18:38:54,12,19.42,0.00,1.94,0.00,0.00,0.97,0.00,0.00,0.00,77.67
18:38:54,13,29.70,0.00,2.97,0.00,0.00,1.98,0.00,0.00,0.00,65.35
18:38:54,14,10.20,0.00,0.00,0.00,0.00,0.00,0.00,0.00,0.00,89.80
18:38:54,15,11.76,0.00,0.98,0.00,0.00,0.98,0.00,0.00,0.00,86.27
18:38:55,4,19.39,0.00,2.04,0.00,0.00,1.02,0.00,0.00,0.00,77.55
18:38:55,5,23.53,0.00,1.96,0.00,0.00,0.98,0.00,0.00,0.00,73.53
18:38:55,6,20.79,0.00,1.98,0.00,0.00,0.99,0.00,0.00,0.00,76.24
18:38:55,7,16.67,0.00,1.96,0.00,0.00,0.00,0.00,0.00,0.00,81.37
18:38:55,12,16.50,0.00,1.94,0.00,0.00,0.00,0.00,0.00,0.00,81.55
18:38:55,13,31.07,0.00,3.88,0.00,0.00,0.97,0.00,0.00,0.00,64.08
18:38:55,14,14.71,0.00,2.94,0.00,0.00,0.98,0.00,0.00,0.00,81.37
18:38:55,15,12.00,0.00,2.00,0.00,0.00,0.00,0.00,0.00,0.00,86.00
18:38:56,4,30.10,0.00,2.91,0.00,0.00,1.94,0.00,0.00,0.00,65.05
18:38:56,5,32.00,0.00,3.00,0.00,0.00,1.00,0.00,0.00,0.00,64.00
18:38:56,6,15.69,0.00,1.96,0.00,0.00,0.98,0.00,0.00,0.00,81.37
18:38:56,7,7.84,0.00,0.98,0.00,0.00,0.00,0.00,0.00,0.00,91.18
18:38:56,12,17.65,0.00,0.98,0.00,0.00,0.98,0.00,0.00,0.00,80.39
18:38:56,13,40.40,0.00,3.03,0.00,0.00,2.02,0.00,0.00,0.00,54.55
18:38:56,14,9.80,0.00,0.98,0.00,0.00,0.98,0.00,0.00,0.00,88.24
18:38:56,15,9.80,0.00,0.00,0.00,0.00,0.00,0.00,0.00,0.00,90.20
18:38:57,4,15.53,0.00,1.94,0.00,0.00,0.97,0.00,0.00,0.00,81.55
18:38:57,5,26.26,0.00,2.02,0.00,0.00,2.02,0.00,0.00,0.00,69.70
18:38:57,6,14.71,0.00,0.98,0.00,0.00,0.98,0.00,0.00,0.00,83.33
18:38:57,7,13.46,0.00,1.92,0.00,0.00,0.96,0.00,0.00,0.00,83.65
18:38:57,12,25.49,0.00,1.96,0.00,0.00,0.98,0.00,0.00,0.00,71.57
18:38:57,13,39.39,0.00,4.04,0.00,0.00,2.02,0.00,0.00,0.00,54.55
18:38:57,14,19.23,0.00,1.92,0.00,0.00,0.96,0.00,0.00,0.00,77.88
18:38:57,15,6.86,0.00,0.98,0.00,0.00,0.98,0.00,0.00,0.00,91.18
18:38:58,4,39.00,0.00,3.00,0.00,0.00,1.00,0.00,0.00,0.00,57.00
18:38:58,5,26.21,0.00,2.91,0.00,0.00,2.91,0.00,0.00,0.00,67.96
18:38:58,6,15.53,0.00,1.94,0.00,0.00,0.00,0.00,0.00,0.00,82.52
18:38:58,7,12.00,0.00,1.00,0.00,0.00,0.00,0.00,0.00,0.00,87.00
18:38:58,12,18.10,0.00,1.90,0.00,0.00,0.95,0.00,0.00,0.00,79.05
18:38:58,13,24.27,0.00,1.94,0.00,0.00,0.97,0.00,0.00,0.00,72.82
18:38:58,14,10.00,0.00,1.00,0.00,0.00,0.00,0.00,0.00,0.00,89.00
18:38:58,15,13.00,0.00,1.00,0.00,0.00,0.00,0.00,0.00,0.00,86.00
18:38:59,4,27.72,0.00,2.97,0.00,0.00,0.99,0.00,0.00,0.00,68.32
18:38:59,5,34.65,0.00,3.96,0.00,0.00,0.99,0.00,0.00,0.00,60.40
18:38:59,6,26.47,0.00,1.96,0.00,0.00,0.98,0.00,0.00,0.00,70.59
18:38:59,7,14.56,0.00,1.94,0.00,0.00,0.97,0.00,0.00,0.00,82.52
18:38:59,12,20.00,0.00,2.00,0.00,0.00,0.00,0.00,0.00,0.00,78.00
18:38:59,13,23.00,0.00,3.00,0.00,0.00,2.00,0.00,0.00,0.00,72.00
18:38:59,14,13.86,0.00,0.99,0.00,0.00,0.99,0.00,0.00,0.00,84.16
18:38:59,15,6.86,0.00,1.96,0.00,0.00,0.00,0.00,0.00,0.00,91.18
18:39:00,4,27.00,0.00,4.00,0.00,0.00,2.00,0.00,0.00,0.00,67.00
18:39:00,5,18.00,0.00,1.00,0.00,0.00,1.00,0.00,0.00,0.00,80.00
18:39:00,6,23.53,0.00,0.98,0.00,0.00,0.00,0.00,0.00,0.00,75.49
18:39:00,7,13.59,0.00,1.94,0.00,0.00,0.00,0.00,0.00,0.00,84.47
18:39:00,12,20.39,0.00,0.97,0.00,0.00,1.94,0.00,0.00,0.00,76.70
18:39:00,13,29.00,0.00,2.00,0.00,0.00,1.00,0.00,0.00,0.00,68.00
18:39:00,14,23.76,0.00,1.98,0.00,0.00,0.00,0.00,0.00,0.00,74.26
18:39:00,15,4.00,0.00,1.00,0.00,0.00,0.00,0.00,0.00,0.00,95.00
18:39:01,4,31.37,0.00,2.94,0.00,0.00,0.98,0.00,0.00,0.00,64.71
18:39:01,5,19.00,0.00,2.00,1.00,0.00,1.00,0.00,0.00,0.00,77.00
18:39:01,6,13.59,0.00,1.94,0.00,0.00,0.97,0.00,0.00,0.00,83.50
18:39:01,7,13.73,0.00,1.96,0.00,0.00,0.98,0.00,0.00,0.00,83.33
18:39:01,12,21.43,0.00,2.04,0.00,0.00,1.02,0.00,0.00,0.00,75.51
18:39:01,13,29.70,0.00,1.98,0.00,0.00,0.99,0.00,0.00,0.00,67.33
18:39:01,14,23.53,0.00,0.98,0.98,0.00,1.96,0.00,0.00,0.00,72.55
18:39:01,15,7.92,0.00,1.98,0.00,0.00,0.00,0.00,0.00,0.00,90.10
18:39:02,4,25.24,0.00,1.94,0.00,0.00,1.94,0.00,0.00,0.00,70.87
18:39:02,5,23.76,0.00,1.98,0.00,0.00,0.99,0.00,0.00,0.00,73.27
18:39:02,6,26.26,0.00,2.02,0.00,0.00,2.02,0.00,0.00,0.00,69.70
18:39:02,7,9.90,0.00,0.99,0.00,0.00,0.00,0.00,0.00,0.00,89.11
18:39:02,12,17.48,0.00,0.97,0.00,0.00,0.97,0.00,0.00,0.00,80.58
18:39:02,13,35.58,0.00,3.85,0.00,0.00,1.92,0.00,0.00,0.00,58.65
18:39:02,14,14.85,0.00,1.98,0.00,0.00,0.00,0.00,0.00,0.00,83.17
18:39:02,15,10.78,0.00,0.98,0.00,0.00,0.98,0.00,0.00,0.00,87.25
18:39:03,4,33.66,0.00,4.95,0.00,0.00,1.98,0.00,0.00,0.00,59.41
18:39:03,5,38.61,0.00,4.95,0.00,0.00,1.98,0.00,0.00,0.00,54.46
18:39:03,6,32.35,0.00,2.94,0.00,0.00,1.96,0.00,0.00,0.00,62.75
18:39:03,7,8.74,0.00,0.97,0.00,0.00,0.97,0.00,0.00,0.00,89.32
18:39:03,12,8.91,0.00,0.99,0.00,0.00,0.00,0.00,0.00,0.00,90.10
18:39:03,13,16.67,0.00,2.94,0.00,0.00,0.98,0.00,0.00,0.00,79.41
18:39:03,14,7.84,0.00,0.98,0.00,0.00,0.98,0.00,0.00,0.00,90.20
18:39:03,15,2.97,0.00,0.00,0.00,0.00,0.00,0.00,0.00,0.00,97.03
18:39:04,4,36.73,0.00,5.10,0.00,0.00,2.04,0.00,0.00,0.00,56.12
18:39:04,5,20.79,0.00,2.97,0.00,0.00,0.99,0.00,0.00,0.00,75.25
18:39:04,6,13.13,0.00,2.02,0.00,0.00,1.01,0.00,0.00,0.00,83.84
18:39:04,7,12.00,0.00,1.00,0.00,0.00,0.00,0.00,0.00,0.00,87.00
18:39:04,12,18.63,0.00,1.96,0.00,0.00,0.98,0.00,0.00,0.00,78.43
18:39:04,13,25.24,0.00,1.94,0.00,0.00,0.97,0.00,0.00,0.00,71.84
18:39:04,14,22.77,0.00,2.97,0.00,0.00,0.99,0.00,0.00,0.00,73.27
18:39:04,15,10.89,0.00,1.98,0.00,0.00,0.00,0.00,0.00,0.00,87.13
18:39:05,4,36.89,0.00,3.88,0.00,0.00,0.97,0.00,0.00,0.00,58.25
18:39:05,5,5.00,0.00,2.00,0.00,0.00,1.00,0.00,0.00,0.00,92.00
18:39:05,6,14.85,0.00,0.99,0.00,0.00,0.99,0.00,0.00,0.00,83.17
18:39:05,7,3.96,0.00,0.99,0.00,0.00,0.00,0.00,0.00,0.00,95.05
18:39:05,12,21.36,0.00,0.97,0.00,0.00,1.94,0.00,0.00,0.00,75.73
18:39:05,13,42.16,0.00,3.92,0.00,0.00,1.96,0.00,0.00,0.00,51.96
18:39:05,14,28.43,0.00,1.96,0.00,0.00,0.98,0.00,0.00,0.00,68.63
18:39:05,15,1.01,0.00,0.00,0.00,0.00,0.00,0.00,0.00,0.00,98.99
18:39:06,4,31.96,0.00,2.06,0.00,0.00,1.03,0.00,0.00,0.00,64.95
18:39:06,5,20.79,0.00,0.99,0.00,0.00,0.99,0.00,0.00,0.00,77.23
18:39:06,6,27.72,0.00,3.96,0.00,0.00,0.99,0.00,0.00,0.00,67.33
18:39:06,7,12.75,0.00,0.98,0.00,0.00,0.98,0.00,0.00,0.00,85.29
18:39:06,12,24.51,0.00,1.96,0.00,0.00,0.00,0.00,0.00,0.00,73.53
18:39:06,13,17.82,0.00,0.99,0.00,0.00,0.00,0.00,0.00,0.00,81.19
18:39:06,14,12.75,0.00,0.98,0.00,0.00,0.00,0.00,0.00,0.00,86.27
18:39:06,15,3.92,0.00,0.98,0.00,0.00,0.98,0.00,0.00,0.00,94.12
18:39:07,4,21.36,0.00,1.94,0.00,0.00,1.94,0.00,0.00,0.00,74.76
18:39:07,5,27.27,0.00,4.04,0.00,0.00,2.02,0.00,0.00,0.00,66.67
18:39:07,6,23.00,0.00,3.00,0.00,0.00,1.00,0.00,0.00,0.00,73.00
18:39:07,7,4.95,0.00,1.98,0.00,0.00,0.00,0.00,0.00,0.00,93.07
18:39:07,12,29.41,0.00,1.96,0.00,0.00,1.96,0.00,0.00,0.00,66.67
18:39:07,13,32.32,0.00,3.03,0.00,0.00,1.01,0.00,0.00,0.00,63.64
18:39:07,14,11.88,0.00,0.99,0.00,0.00,0.99,0.00,0.00,0.00,86.14
18:39:07,15,8.91,0.00,0.00,0.00,0.00,0.00,0.00,0.00,0.00,91.09
18:39:08,4,25.25,0.00,2.02,0.00,0.00,1.01,0.00,0.00,0.00,71.72
18:39:08,5,36.73,0.00,3.06,0.00,0.00,2.04,0.00,0.00,0.00,58.16
18:39:08,6,23.76,0.00,0.99,0.00,0.00,0.99,0.00,0.00,0.00,74.26
18:39:08,7,6.93,0.00,0.00,0.00,0.00,0.99,0.00,0.00,0.00,92.08
18:39:08,12,10.00,0.00,1.00,0.00,0.00,0.00,0.00,0.00,0.00,89.00
18:39:08,13,26.92,0.00,2.88,0.00,0.00,0.96,0.00,0.00,0.00,69.23
18:39:08,14,12.87,0.00,1.98,0.00,0.00,0.99,0.00,0.00,0.00,84.16
18:39:08,15,7.92,0.00,0.99,0.00,0.00,0.99,0.00,0.00,0.00,90.10
18:39:09,4,24.51,0.00,1.96,0.00,0.00,0.98,0.00,0.00,0.00,72.55
18:39:09,5,22.77,0.00,2.97,0.00,0.00,0.99,0.00,0.00,0.00,73.27
18:39:09,6,18.27,0.00,1.92,0.00,0.00,0.96,0.00,0.00,0.00,78.85
18:39:09,7,9.90,0.00,1.98,0.00,0.00,0.99,0.00,0.00,0.00,87.13
18:39:09,12,20.19,0.00,1.92,0.00,0.00,0.96,0.00,0.00,0.00,76.92
18:39:09,13,44.44,0.00,4.04,0.00,0.00,3.03,0.00,0.00,0.00,48.48
18:39:09,14,20.59,0.00,1.96,0.00,0.00,0.98,0.00,0.00,0.00,76.47
18:39:09,15,6.93,0.00,0.99,0.00,0.00,0.00,0.00,0.00,0.00,92.08
18:39:10,4,30.10,0.00,1.94,0.00,0.00,1.94,0.00,0.00,0.00,66.02
18:39:10,5,1.98,0.00,0.00,0.00,0.00,0.00,0.00,0.00,0.00,98.02
18:39:10,6,19.42,0.00,0.97,0.00,0.00,0.97,0.00,0.00,0.00,78.64
18:39:10,7,8.91,0.00,0.99,0.00,0.00,0.00,0.00,0.00,0.00,90.10
18:39:10,12,41.84,0.00,4.08,0.00,0.00,2.04,0.00,0.00,0.00,52.04
18:39:10,13,37.86,0.00,2.91,0.00,0.00,0.97,0.00,0.00,0.00,58.25
18:39:10,14,11.76,0.00,1.96,0.00,0.00,0.00,0.00,0.00,0.00,86.27
18:39:10,15,6.80,0.00,0.97,0.00,0.00,0.00,0.00,0.00,0.00,92.23
18:39:11,4,35.29,0.00,2.94,0.00,0.00,1.96,0.00,0.00,0.00,59.80
18:39:11,5,24.00,0.00,2.00,0.00,0.00,1.00,0.00,0.00,0.00,73.00
18:39:11,6,16.83,0.00,1.98,0.00,0.00,0.99,0.00,0.00,0.00,80.20
18:39:11,7,10.78,0.00,0.98,0.00,0.00,0.98,0.00,0.00,0.00,87.25
18:39:11,12,10.78,0.00,1.96,0.00,0.00,0.98,0.00,0.00,0.00,86.27
18:39:11,13,35.35,0.00,3.03,0.00,0.00,2.02,0.00,0.00,0.00,59.60
18:39:11,14,21.57,0.00,1.96,0.00,0.00,0.98,0.00,0.00,0.00,75.49
18:39:11,15,5.88,0.00,0.98,0.00,0.00,0.00,0.00,0.00,0.00,93.14
18:39:12,4,27.27,0.00,2.02,0.00,0.00,1.01,0.00,0.00,0.00,69.70
18:39:12,5,22.92,0.00,2.08,0.00,0.00,1.04,0.00,0.00,0.00,73.96
18:39:12,6,14.85,0.00,0.99,0.00,0.00,0.99,0.00,0.00,0.00,83.17
18:39:12,7,10.78,0.00,0.00,0.00,0.00,0.98,0.00,0.00,0.00,88.24
18:39:12,12,17.65,0.00,1.96,0.00,0.00,0.98,0.00,0.00,0.00,79.41
18:39:12,13,36.08,0.00,3.09,0.00,0.00,2.06,0.00,0.00,0.00,58.76
18:39:12,14,13.86,0.00,1.98,0.00,0.00,0.99,0.00,0.00,0.00,83.17
18:39:12,15,11.76,0.00,0.98,0.00,0.00,0.98,0.00,0.00,0.00,86.27
18:39:13,4,37.11,0.00,3.09,0.00,0.00,2.06,0.00,0.00,0.00,57.73
18:39:13,5,14.71,0.00,1.96,0.00,0.00,0.98,0.00,0.00,0.00,82.35
18:39:13,6,23.58,0.00,2.83,0.00,0.00,0.94,0.00,0.00,0.00,72.64
18:39:13,7,8.91,0.00,0.99,0.00,0.00,0.00,0.00,0.00,0.00,90.10
18:39:13,12,33.33,0.00,2.94,0.00,0.00,0.98,0.00,0.00,0.00,62.75
18:39:13,13,31.73,0.00,2.88,0.00,0.00,1.92,0.00,0.00,0.00,63.46
18:39:13,14,13.46,0.00,1.92,0.00,0.00,0.96,0.00,0.00,0.00,83.65
18:39:13,15,4.00,0.00,1.00,0.00,0.00,0.00,0.00,0.00,0.00,95.00
18:39:14,4,22.77,0.00,2.97,0.00,0.00,0.99,0.00,0.00,0.00,73.27
18:39:14,5,24.49,0.00,4.08,0.00,0.00,1.02,0.00,0.00,0.00,70.41
18:39:14,6,26.00,0.00,3.00,0.00,0.00,1.00,0.00,0.00,0.00,70.00
18:39:14,7,13.00,0.00,2.00,0.00,0.00,1.00,0.00,0.00,0.00,84.00
18:39:14,12,21.78,0.00,0.99,0.00,0.00,0.99,0.00,0.00,0.00,76.24
18:39:14,13,36.63,0.00,2.97,0.00,0.00,1.98,0.00,0.00,0.00,58.42
18:39:14,14,9.90,0.00,0.99,0.00,0.00,0.00,0.00,0.00,0.00,89.11
18:39:14,15,8.74,0.00,0.97,0.00,0.00,0.00,0.00,0.00,0.00,90.29
18:39:15,4,24.51,0.00,1.96,0.00,0.00,1.96,0.00,0.00,0.00,71.57
18:39:15,5,29.70,0.00,3.96,0.00,0.00,0.99,0.00,0.00,0.00,65.35
18:39:15,6,16.00,0.00,1.00,0.00,0.00,1.00,0.00,0.00,0.00,82.00
18:39:15,7,21.78,0.00,0.99,0.00,0.00,0.99,0.00,0.00,0.00,76.24
18:39:15,12,13.73,0.00,1.96,0.00,0.00,0.98,0.00,0.00,0.00,83.33
18:39:15,13,22.33,0.00,2.91,0.00,0.00,0.97,0.00,0.00,0.00,73.79
18:39:15,14,22.33,0.00,2.91,0.00,0.00,0.97,0.00,0.00,0.00,73.79
18:39:15,15,6.06,0.00,0.00,0.00,0.00,0.00,0.00,0.00,0.00,93.94
18:39:16,4,29.29,0.00,3.03,0.00,0.00,1.01,0.00,0.00,0.00,66.67
18:39:16,5,34.34,0.00,4.04,2.02,0.00,1.01,0.00,0.00,0.00,58.59
18:39:16,6,24.75,0.00,2.97,0.00,0.00,0.99,0.00,0.00,0.00,71.29
18:39:16,7,9.90,0.00,1.98,0.00,0.00,0.00,0.00,0.00,0.00,88.12
18:39:16,12,17.00,0.00,1.00,0.00,0.00,1.00,0.00,0.00,0.00,81.00
18:39:16,13,24.27,0.00,0.97,0.00,0.00,0.97,0.00,0.00,0.00,73.79
18:39:16,14,7.84,0.00,0.98,0.00,0.00,0.00,0.00,0.00,0.00,91.18
18:39:16,15,1.98,0.00,0.99,0.00,0.00,0.00,0.00,0.00,0.00,97.03
18:39:17,4,11.76,0.00,0.98,0.00,0.00,0.98,0.00,0.00,0.00,86.27
18:39:17,5,8.91,0.00,1.98,0.00,0.00,0.99,0.00,0.00,0.00,88.12
18:39:17,6,27.45,0.00,4.90,0.00,0.00,1.96,0.00,0.00,0.00,65.69
18:39:17,7,20.00,0.00,1.00,0.00,0.00,2.00,0.00,0.00,0.00,77.00
18:39:17,12,38.00,0.00,4.00,0.00,0.00,2.00,0.00,0.00,0.00,56.00
18:39:17,13,22.55,0.00,1.96,0.00,0.00,1.96,0.00,0.00,0.00,73.53
18:39:17,14,12.75,0.00,0.98,0.00,0.00,0.98,0.00,0.00,0.00,85.29
18:39:17,15,7.92,0.00,0.00,0.00,0.00,0.99,0.00,0.00,0.00,91.09
18:39:18,4,12.87,0.00,0.99,0.00,0.00,0.99,0.00,0.00,0.00,85.15
18:39:18,5,15.38,0.00,0.96,0.00,0.00,0.00,0.00,0.00,0.00,83.65
18:39:18,6,26.47,0.00,2.94,0.00,0.00,1.96,0.00,0.00,0.00,68.63
18:39:18,7,5.00,0.00,1.00,0.00,0.00,0.00,0.00,0.00,0.00,94.00
18:39:18,12,33.00,0.00,2.00,0.00,0.00,1.00,0.00,0.00,0.00,64.00
18:39:18,13,32.00,0.00,2.00,0.00,0.00,1.00,0.00,0.00,0.00,65.00
18:39:18,14,24.27,0.00,2.91,0.00,0.00,0.97,0.00,0.00,0.00,71.84
18:39:18,15,7.92,0.00,0.99,0.00,0.00,0.00,0.00,0.00,0.00,91.09
18:39:19,4,17.82,0.00,1.98,0.00,0.00,0.00,0.00,0.00,0.00,80.20
18:39:19,5,20.59,0.00,1.96,0.00,0.00,0.98,0.00,0.00,0.00,76.47
18:39:19,6,12.00,0.00,2.00,0.00,0.00,0.00,0.00,0.00,0.00,86.00
18:39:19,7,11.00,0.00,2.00,0.00,0.00,0.00,0.00,0.00,0.00,87.00
18:39:19,12,25.51,0.00,2.04,0.00,0.00,1.02,0.00,0.00,0.00,71.43
18:39:19,13,42.16,0.00,3.92,0.00,0.00,1.96,0.00,0.00,0.00,51.96
18:39:19,14,19.42,0.00,1.94,0.00,0.00,1.94,0.00,0.00,0.00,76.70
18:39:19,15,10.89,0.00,0.99,0.00,0.00,0.99,0.00,0.00,0.00,87.13
18:39:20,4,21.57,0.00,1.96,0.00,0.00,0.98,0.00,0.00,0.00,75.49
18:39:20,5,23.76,0.00,1.98,0.00,0.00,0.99,0.00,0.00,0.00,73.27
18:39:20,6,17.48,0.00,1.94,0.00,0.00,0.97,0.00,0.00,0.00,79.61
18:39:20,7,8.91,0.00,0.99,0.00,0.00,0.99,0.00,0.00,0.00,89.11
18:39:20,12,27.88,0.00,3.85,0.00,0.00,1.92,0.00,0.00,0.00,66.35
18:39:20,13,27.45,0.00,3.92,0.00,0.00,0.98,0.00,0.00,0.00,67.65
18:39:20,14,13.00,0.00,1.00,0.00,0.00,0.00,0.00,0.00,0.00,86.00
18:39:20,15,17.65,0.00,2.94,0.00,0.00,0.98,0.00,0.00,0.00,78.43
18:39:21,4,15.31,0.00,1.02,0.00,0.00,0.00,0.00,0.00,0.00,83.67
18:39:21,5,16.33,0.00,2.04,0.00,0.00,0.00,0.00,0.00,0.00,81.63
18:39:21,6,15.84,0.00,0.99,0.00,0.00,0.99,0.00,0.00,0.00,82.18
18:39:21,7,3.00,0.00,0.00,0.00,0.00,0.00,0.00,0.00,0.00,97.00
18:39:21,12,3.00,0.00,0.00,0.00,0.00,0.00,0.00,0.00,0.00,97.00
18:39:21,13,11.65,0.00,0.97,0.00,0.00,0.00,0.00,0.00,0.00,87.38
18:39:21,14,7.84,0.00,0.98,0.98,0.00,0.98,0.00,0.00,0.00,89.22
18:39:21,15,4.00,0.00,1.00,0.00,0.00,0.00,0.00,0.00,0.00,95.00
