04:18:18,CPU,%usr,%nice,%sys,%iowait,%irq,%soft,%steal,%guest,%gnice,%idle
04:18:19,4,16.50,0.00,12.62,0.00,0.00,3.88,0.00,0.00,0.00,66.99
04:18:19,5,20.39,0.00,13.59,0.00,0.00,3.88,0.00,0.00,0.00,62.14
04:18:19,6,15.69,0.00,10.78,0.00,0.00,4.90,0.00,0.00,0.00,68.63
04:18:19,7,14.56,0.00,12.62,0.00,0.00,3.88,0.00,0.00,0.00,68.93
04:18:19,12,17.65,0.00,11.76,0.00,0.00,3.92,0.00,0.00,0.00,66.67
04:18:19,13,18.63,0.00,11.76,0.00,0.00,4.90,0.00,0.00,0.00,64.71
04:18:19,14,17.48,0.00,10.68,0.00,0.00,3.88,0.00,0.00,0.00,67.96
04:18:19,15,14.71,0.00,12.75,0.00,0.00,3.92,0.00,0.00,0.00,68.63
04:18:20,4,18.27,0.00,13.46,0.00,0.00,6.73,0.00,0.00,0.00,61.54
04:18:20,5,18.81,0.00,12.87,0.00,0.00,4.95,0.00,0.00,0.00,63.37
04:18:20,6,16.35,0.00,14.42,0.00,0.00,5.77,0.00,0.00,0.00,63.46
04:18:20,7,17.65,0.00,13.73,0.00,0.00,3.92,0.00,0.00,0.00,64.71
04:18:20,12,18.45,0.00,13.59,0.00,0.00,4.85,0.00,0.00,0.00,63.11
04:18:20,13,17.31,0.00,15.38,0.00,0.00,5.77,0.00,0.00,0.00,61.54
04:18:20,14,16.35,0.00,16.35,0.00,0.00,4.81,0.00,0.00,0.00,62.50
04:18:20,15,17.48,0.00,12.62,0.00,0.00,5.83,0.00,0.00,0.00,64.08
04:18:21,4,19.23,0.00,14.42,0.00,0.00,4.81,0.00,0.00,0.00,61.54
04:18:21,5,18.27,0.00,15.38,0.00,0.00,5.77,0.00,0.00,0.00,60.58
04:18:21,6,20.19,0.00,13.46,0.00,0.00,4.81,0.00,0.00,0.00,61.54
04:18:21,7,20.95,0.00,12.38,0.00,0.00,4.76,0.00,0.00,0.00,61.90
04:18:21,12,20.00,0.00,15.24,0.00,0.00,4.76,0.00,0.00,0.00,60.00
04:18:21,13,19.23,0.00,14.42,0.00,0.00,5.77,0.00,0.00,0.00,60.58
04:18:21,14,17.14,0.00,14.29,0.00,0.00,6.67,0.00,0.00,0.00,61.90
04:18:21,15,19.23,0.00,12.50,0.00,0.00,4.81,0.00,0.00,0.00,63.46
04:18:22,4,20.00,0.00,12.38,0.00,0.00,6.67,0.00,0.00,0.00,60.95
04:18:22,5,20.75,0.00,12.26,0.00,0.00,6.60,0.00,0.00,0.00,60.38
04:18:22,6,17.92,0.00,14.15,0.00,0.00,6.60,0.00,0.00,0.00,61.32
04:18:22,7,19.05,0.00,14.29,0.00,0.00,4.76,0.00,0.00,0.00,61.90
04:18:22,12,18.87,0.00,15.09,0.94,0.00,5.66,0.00,0.00,0.00,59.43
04:18:22,13,19.63,0.00,14.95,0.93,0.00,5.61,0.00,0.00,0.00,58.88
04:18:22,14,20.00,0.00,13.33,0.00,0.00,5.71,0.00,0.00,0.00,60.95
04:18:22,15,16.67,0.00,16.67,0.00,0.00,5.56,0.00,0.00,0.00,61.11
04:18:23,4,17.31,0.00,16.35,0.00,0.00,4.81,0.00,0.00,0.00,61.54
04:18:23,5,18.87,0.00,15.09,0.00,0.00,5.66,0.00,0.00,0.00,60.38
04:18:23,6,18.87,0.00,13.21,0.00,0.00,6.60,0.00,0.00,0.00,61.32
04:18:23,7,20.56,0.00,13.08,0.00,0.00,4.67,0.00,0.00,0.00,61.68
04:18:23,12,19.23,0.00,13.46,0.00,0.00,5.77,0.00,0.00,0.00,61.54
04:18:23,13,19.63,0.00,15.89,0.00,0.00,5.61,0.00,0.00,0.00,58.88
04:18:23,14,17.65,0.00,14.71,0.00,0.00,4.90,0.00,0.00,0.00,62.75
04:18:23,15,17.82,0.00,12.87,0.00,0.00,4.95,0.00,0.00,0.00,64.36
04:18:24,4,20.00,0.00,13.33,0.00,0.00,5.71,0.00,0.00,0.00,60.95
04:18:24,5,18.45,0.00,15.53,0.00,0.00,5.83,0.00,0.00,0.00,60.19
04:18:24,6,18.63,0.00,12.75,0.00,0.00,5.88,0.00,0.00,0.00,62.75
04:18:24,7,16.67,0.00,15.69,0.00,0.00,4.90,0.00,0.00,0.00,62.75
04:18:24,12,20.39,0.00,13.59,0.00,0.00,4.85,0.00,0.00,0.00,61.17
04:18:24,13,19.42,0.00,13.59,0.00,0.00,6.80,0.00,0.00,0.00,60.19
04:18:24,14,21.50,0.00,12.15,0.00,0.00,6.54,0.00,0.00,0.00,59.81
04:18:24,15,15.53,0.00,14.56,0.00,0.00,6.80,0.00,0.00,0.00,63.11
04:18:25,4,15.84,0.00,14.85,0.00,0.00,5.94,0.00,0.00,0.00,63.37
04:18:25,5,18.63,0.00,13.73,0.00,0.00,4.90,0.00,0.00,0.00,62.75
04:18:25,6,18.69,0.00,14.02,0.00,0.00,5.61,0.00,0.00,0.00,61.68
04:18:25,7,18.10,0.00,14.29,0.00,0.00,4.76,0.00,0.00,0.00,62.86
04:18:25,12,19.23,0.00,12.50,0.00,0.00,6.73,0.00,0.00,0.00,61.54
04:18:25,13,18.10,0.00,16.19,0.00,0.00,4.76,0.00,0.00,0.00,60.95
04:18:25,14,19.23,0.00,13.46,0.00,0.00,4.81,0.00,0.00,0.00,62.50
04:18:25,15,16.50,0.00,13.59,0.00,0.00,5.83,0.00,0.00,0.00,64.08
04:18:26,4,18.87,0.00,15.09,0.00,0.00,5.66,0.00,0.00,0.00,60.38
04:18:26,5,21.15,0.00,13.46,0.00,0.00,4.81,0.00,0.00,0.00,60.58
04:18:26,6,18.45,0.00,13.59,0.00,0.00,5.83,0.00,0.00,0.00,62.14
04:18:26,7,19.23,0.00,13.46,0.00,0.00,4.81,0.00,0.00,0.00,62.50
04:18:26,12,20.00,0.00,13.33,0.00,0.00,5.71,0.00,0.00,0.00,60.95
04:18:26,13,19.42,0.00,14.56,0.00,0.00,4.85,0.00,0.00,0.00,61.17
04:18:26,14,20.56,0.00,14.95,0.00,0.00,3.74,0.00,0.00,0.00,60.75
04:18:26,15,19.23,0.00,13.46,0.00,0.00,4.81,0.00,0.00,0.00,62.50
04:18:27,4,19.81,0.00,14.15,0.00,0.00,4.72,0.00,0.00,0.00,61.32
04:18:27,5,16.04,0.00,16.98,0.00,0.00,5.66,0.00,0.00,0.00,61.32
04:18:27,6,16.35,0.00,15.38,0.00,0.00,5.77,0.00,0.00,0.00,62.50
04:18:27,7,17.31,0.00,13.46,0.96,0.00,5.77,0.00,0.00,0.00,62.50
04:18:27,12,18.27,0.00,13.46,0.00,0.00,5.77,0.00,0.00,0.00,62.50
04:18:27,13,17.65,0.00,14.71,0.00,0.00,5.88,0.00,0.00,0.00,61.76
04:18:27,14,16.50,0.00,14.56,0.00,0.00,5.83,0.00,0.00,0.00,63.11
04:18:27,15,18.87,0.00,14.15,0.94,0.00,4.72,0.00,0.00,0.00,61.32
04:18:28,4,17.65,0.00,14.71,0.00,0.00,4.90,0.00,0.00,0.00,62.75
04:18:28,5,19.23,0.00,14.42,0.00,0.00,5.77,0.00,0.00,0.00,60.58
04:18:28,6,19.23,0.00,12.50,0.00,0.00,5.77,0.00,0.00,0.00,62.50
04:18:28,7,16.35,0.00,15.38,0.00,0.00,4.81,0.00,0.00,0.00,63.46
04:18:28,12,19.42,0.00,14.56,0.00,0.00,3.88,0.00,0.00,0.00,62.14
04:18:28,13,18.27,0.00,16.35,0.00,0.00,4.81,0.00,0.00,0.00,60.58
04:18:28,14,18.27,0.00,13.46,0.00,0.00,5.77,0.00,0.00,0.00,62.50
04:18:28,15,17.76,0.00,14.95,0.00,0.00,5.61,0.00,0.00,0.00,61.68
04:18:29,4,19.05,0.00,14.29,0.00,0.00,5.71,0.00,0.00,0.00,60.95
04:18:29,5,19.61,0.00,14.71,0.00,0.00,5.88,0.00,0.00,0.00,59.80
04:18:29,6,17.92,0.00,15.09,0.00,0.00,6.60,0.00,0.00,0.00,60.38
04:18:29,7,17.92,0.00,16.04,0.00,0.00,4.72,0.00,0.00,0.00,61.32
04:18:29,12,18.45,0.00,16.50,0.00,0.00,3.88,0.00,0.00,0.00,61.17
04:18:29,13,19.05,0.00,13.33,0.00,0.00,5.71,0.00,0.00,0.00,61.90
04:18:29,14,17.14,0.00,16.19,0.00,0.00,5.71,0.00,0.00,0.00,60.95
04:18:29,15,17.31,0.00,15.38,0.00,0.00,4.81,0.00,0.00,0.00,62.50
04:18:30,4,18.63,0.00,13.73,0.00,0.00,4.90,0.00,0.00,0.00,62.75
04:18:30,5,19.23,0.00,14.42,0.00,0.00,4.81,0.00,0.00,0.00,61.54
04:18:30,6,17.31,0.00,15.38,0.00,0.00,4.81,0.00,0.00,0.00,62.50
04:18:30,7,18.10,0.00,14.29,0.00,0.00,4.76,0.00,0.00,0.00,62.86
04:18:30,12,17.48,0.00,14.56,0.00,0.00,5.83,0.00,0.00,0.00,62.14
04:18:30,13,20.00,0.00,14.29,0.00,0.00,5.71,0.00,0.00,0.00,60.00
04:18:30,14,18.45,0.00,13.59,0.00,0.00,5.83,0.00,0.00,0.00,62.14
04:18:30,15,16.50,0.00,13.59,0.00,0.00,6.80,0.00,0.00,0.00,63.11
04:18:31,4,17.31,0.00,14.42,0.00,0.00,6.73,0.00,0.00,0.00,61.54
04:18:31,5,18.27,0.00,14.42,0.00,0.00,5.77,0.00,0.00,0.00,61.54
04:18:31,6,17.48,0.00,12.62,0.00,0.00,6.80,0.00,0.00,0.00,63.11
04:18:31,7,16.50,0.00,13.59,0.00,0.00,6.80,0.00,0.00,0.00,63.11
04:18:31,12,18.10,0.00,15.24,0.00,0.00,5.71,0.00,0.00,0.00,60.95
04:18:31,13,20.00,0.00,13.33,0.00,0.00,5.71,0.00,0.00,0.00,60.95
04:18:31,14,18.27,0.00,14.42,0.00,0.00,4.81,0.00,0.00,0.00,62.50
04:18:31,15,18.27,0.00,13.46,0.00,0.00,4.81,0.00,0.00,0.00,63.46
04:18:32,4,18.10,0.00,14.29,1.90,0.00,5.71,0.00,0.00,0.00,60.00
04:18:32,5,18.27,0.00,14.42,0.00,0.00,5.77,0.00,0.00,0.00,61.54
04:18:32,6,19.23,0.00,13.46,0.00,0.00,4.81,0.00,0.00,0.00,62.50
04:18:32,7,17.92,0.00,15.09,0.00,0.00,4.72,0.00,0.00,0.00,62.26
04:18:32,12,18.27,0.00,14.42,0.00,0.00,4.81,0.00,0.00,0.00,62.50
04:18:32,13,16.35,0.00,14.42,0.00,0.00,6.73,0.00,0.00,0.00,62.50
04:18:32,14,19.23,0.00,13.46,0.00,0.00,5.77,0.00,0.00,0.00,61.54
04:18:32,15,19.23,0.00,12.50,0.00,0.00,4.81,0.00,0.00,0.00,63.46
04:18:33,4,18.27,0.00,15.38,0.00,0.00,5.77,0.00,0.00,0.00,60.58
04:18:33,5,19.23,0.00,15.38,0.00,0.00,4.81,0.00,0.00,0.00,60.58
04:18:33,6,18.27,0.00,14.42,0.00,0.00,5.77,0.00,0.00,0.00,61.54
04:18:33,7,19.05,0.00,13.33,0.00,0.00,4.76,0.00,0.00,0.00,62.86
04:18:33,12,19.23,0.00,15.38,0.00,0.00,3.85,0.00,0.00,0.00,61.54
04:18:33,13,19.05,0.00,15.24,0.00,0.00,5.71,0.00,0.00,0.00,60.00
04:18:33,14,20.19,0.00,13.46,0.00,0.00,4.81,0.00,0.00,0.00,61.54
04:18:33,15,18.27,0.00,14.42,0.00,0.00,4.81,0.00,0.00,0.00,62.50
04:18:34,4,20.59,0.00,13.73,0.00,0.00,3.92,0.00,0.00,0.00,61.76
04:18:34,5,19.42,0.00,12.62,0.00,0.00,6.80,0.00,0.00,0.00,61.17
04:18:34,6,18.87,0.00,14.15,0.00,0.00,5.66,0.00,0.00,0.00,61.32
04:18:34,7,18.27,0.00,13.46,0.00,0.00,5.77,0.00,0.00,0.00,62.50
04:18:34,12,17.31,0.00,14.42,0.00,0.00,7.69,0.00,0.00,0.00,60.58
04:18:34,13,19.42,0.00,15.53,0.00,0.00,4.85,0.00,0.00,0.00,60.19
04:18:34,14,18.69,0.00,15.89,0.00,0.00,5.61,0.00,0.00,0.00,59.81
04:18:34,15,19.81,0.00,13.21,0.00,0.00,5.66,0.00,0.00,0.00,61.32
04:18:35,4,18.27,0.00,14.42,0.00,0.00,4.81,0.00,0.00,0.00,62.50
04:18:35,5,18.87,0.00,16.04,0.00,0.00,4.72,0.00,0.00,0.00,60.38
04:18:35,6,19.05,0.00,14.29,0.00,0.00,4.76,0.00,0.00,0.00,61.90
04:18:35,7,16.67,0.00,16.67,0.00,0.00,5.56,0.00,0.00,0.00,61.11
04:18:35,12,20.56,0.00,14.02,0.00,0.00,6.54,0.00,0.00,0.00,58.88
04:18:35,13,17.76,0.00,15.89,0.00,0.00,6.54,0.00,0.00,0.00,59.81
04:18:35,14,19.05,0.00,13.33,0.00,0.00,5.71,0.00,0.00,0.00,61.90
04:18:35,15,17.31,0.00,15.38,0.00,0.00,4.81,0.00,0.00,0.00,62.50
04:18:36,4,16.50,0.00,12.62,0.00,0.00,7.77,0.00,0.00,0.00,63.11
04:18:36,5,16.83,0.00,14.85,0.00,0.00,4.95,0.00,0.00,0.00,63.37
04:18:36,6,17.48,0.00,12.62,0.00,0.00,6.80,0.00,0.00,0.00,63.11
04:18:36,7,15.69,0.00,13.73,0.00,0.00,5.88,0.00,0.00,0.00,64.71
04:18:36,12,17.31,0.00,14.42,0.00,0.00,5.77,0.00,0.00,0.00,62.50
04:18:36,13,18.27,0.00,15.38,0.00,0.00,4.81,0.00,0.00,0.00,61.54
04:18:36,14,17.00,0.00,12.00,0.00,0.00,6.00,0.00,0.00,0.00,65.00
04:18:36,15,18.10,0.00,14.29,0.00,0.00,4.76,0.00,0.00,0.00,62.86
04:18:37,4,17.31,0.00,15.38,0.00,0.00,5.77,0.00,0.00,0.00,61.54
04:18:37,5,19.42,0.00,13.59,0.00,0.00,4.85,0.00,0.00,0.00,62.14
04:18:37,6,19.23,0.00,12.50,0.00,0.00,4.81,0.00,0.00,0.00,63.46
04:18:37,7,20.00,0.00,12.38,0.00,0.00,4.76,0.00,0.00,0.00,62.86
04:18:37,12,17.48,0.00,13.59,0.00,0.00,5.83,0.00,0.00,0.00,63.11
04:18:37,13,18.27,0.00,15.38,0.00,0.00,3.85,0.00,0.00,0.00,62.50
04:18:37,14,20.39,0.00,10.68,0.00,0.00,4.85,0.00,0.00,0.00,64.08
04:18:37,15,17.48,0.00,13.59,0.00,0.00,4.85,0.00,0.00,0.00,64.08
04:18:38,4,20.75,0.00,12.26,0.00,0.00,5.66,0.00,0.00,0.00,61.32
04:18:38,5,17.48,0.00,15.53,0.00,0.00,5.83,0.00,0.00,0.00,61.17
04:18:38,6,18.10,0.00,14.29,0.00,0.00,5.71,0.00,0.00,0.00,61.90
04:18:38,7,16.19,0.00,16.19,0.00,0.00,4.76,0.00,0.00,0.00,62.86
04:18:38,12,18.10,0.00,14.29,0.00,0.00,6.67,0.00,0.00,0.00,60.95
04:18:38,13,19.42,0.00,13.59,0.00,0.00,4.85,0.00,0.00,0.00,62.14
04:18:38,14,17.92,0.00,14.15,0.00,0.00,6.60,0.00,0.00,0.00,61.32
04:18:38,15,17.92,0.00,13.21,0.00,0.00,6.60,0.00,0.00,0.00,62.26
04:18:39,4,18.27,0.00,15.38,0.00,0.00,5.77,0.00,0.00,0.00,60.58
04:18:39,5,17.76,0.00,15.89,0.00,0.00,6.54,0.00,0.00,0.00,59.81
04:18:39,6,19.81,0.00,14.15,0.00,0.00,4.72,0.00,0.00,0.00,61.32
04:18:39,7,19.81,0.00,12.26,0.00,0.00,5.66,0.00,0.00,0.00,62.26
04:18:39,12,18.10,0.00,15.24,0.00,0.00,5.71,0.00,0.00,0.00,60.95
04:18:39,13,18.10,0.00,17.14,0.00,0.00,5.71,0.00,0.00,0.00,59.05
04:18:39,14,19.81,0.00,14.15,0.00,0.00,5.66,0.00,0.00,0.00,60.38
04:18:39,15,19.63,0.00,14.02,0.00,0.00,5.61,0.00,0.00,0.00,60.75
04:18:40,4,19.23,0.00,14.42,0.00,0.00,5.77,0.00,0.00,0.00,60.58
04:18:40,5,20.95,0.00,15.24,0.00,0.00,5.71,0.00,0.00,0.00,58.10
04:18:40,6,18.87,0.00,15.09,0.00,0.00,5.66,0.00,0.00,0.00,60.38
04:18:40,7,18.10,0.00,17.14,0.00,0.00,3.81,0.00,0.00,0.00,60.95
04:18:40,12,17.31,0.00,15.38,0.00,0.00,5.77,0.00,0.00,0.00,61.54
04:18:40,13,22.64,0.00,13.21,0.00,0.00,6.60,0.00,0.00,0.00,57.55
04:18:40,14,19.81,0.00,15.09,0.00,0.00,4.72,0.00,0.00,0.00,60.38
04:18:40,15,18.10,0.00,15.24,0.00,0.00,4.76,0.00,0.00,0.00,61.90
04:18:41,4,18.63,0.00,13.73,0.00,0.00,4.90,0.00,0.00,0.00,62.75
04:18:41,5,17.14,0.00,14.29,0.00,0.00,7.62,0.00,0.00,0.00,60.95
04:18:41,6,18.87,0.00,14.15,0.00,0.00,5.66,0.00,0.00,0.00,61.32
04:18:41,7,18.87,0.00,14.15,0.00,0.00,4.72,0.00,0.00,0.00,62.26
04:18:41,12,19.05,0.00,14.29,0.00,0.00,5.71,0.00,0.00,0.00,60.95
04:18:41,13,18.87,0.00,14.15,0.00,0.00,6.60,0.00,0.00,0.00,60.38
04:18:41,14,18.87,0.00,15.09,0.00,0.00,4.72,0.00,0.00,0.00,61.32
04:18:41,15,15.69,0.00,12.75,0.00,0.00,7.84,0.00,0.00,0.00,63.73
04:18:42,4,16.35,0.00,15.38,0.00,0.00,5.77,0.00,0.00,0.00,62.50
04:18:42,5,18.87,0.00,16.04,0.94,0.00,4.72,0.00,0.00,0.00,59.43
04:18:42,6,17.48,0.00,14.56,0.00,0.00,4.85,0.00,0.00,0.00,63.11
04:18:42,7,18.27,0.00,13.46,0.00,0.00,4.81,0.00,0.00,0.00,63.46
04:18:42,12,19.23,0.00,13.46,0.00,0.00,4.81,0.00,0.00,0.00,62.50
04:18:42,13,17.48,0.00,14.56,0.00,0.00,5.83,0.00,0.00,0.00,62.14
04:18:42,14,18.27,0.00,14.42,0.00,0.00,4.81,0.00,0.00,0.00,62.50
04:18:42,15,17.31,0.00,15.38,0.00,0.00,3.85,0.00,0.00,0.00,63.46
04:18:43,4,19.42,0.00,13.59,0.00,0.00,5.83,0.00,0.00,0.00,61.17
04:18:43,5,18.45,0.00,13.59,0.00,0.00,5.83,0.00,0.00,0.00,62.14
04:18:43,6,17.31,0.00,14.42,0.00,0.00,5.77,0.00,0.00,0.00,62.50
04:18:43,7,19.42,0.00,12.62,0.00,0.00,4.85,0.00,0.00,0.00,63.11
04:18:43,12,19.42,0.00,12.62,0.00,0.00,5.83,0.00,0.00,0.00,62.14
04:18:43,13,18.27,0.00,15.38,0.00,0.00,5.77,0.00,0.00,0.00,60.58
04:18:43,14,17.76,0.00,14.95,0.00,0.00,6.54,0.00,0.00,0.00,60.75
04:18:43,15,19.05,0.00,14.29,0.00,0.00,4.76,0.00,0.00,0.00,61.90
04:18:44,4,18.87,0.00,15.09,0.00,0.00,4.72,0.00,0.00,0.00,61.32
04:18:44,5,18.27,0.00,13.46,0.00,0.00,5.77,0.00,0.00,0.00,62.50
04:18:44,6,18.87,0.00,13.21,0.00,0.00,5.66,0.00,0.00,0.00,62.26
04:18:44,7,17.14,0.00,14.29,0.00,0.00,4.76,0.00,0.00,0.00,63.81
04:18:44,12,17.31,0.00,15.38,0.00,0.00,5.77,0.00,0.00,0.00,61.54
04:18:44,13,17.14,0.00,15.24,0.00,0.00,6.67,0.00,0.00,0.00,60.95
04:18:44,14,19.05,0.00,13.33,0.00,0.00,5.71,0.00,0.00,0.00,61.90
04:18:44,15,18.27,0.00,13.46,0.00,0.00,4.81,0.00,0.00,0.00,63.46
04:18:45,4,21.36,0.00,12.62,0.00,0.00,4.85,0.00,0.00,0.00,61.17
04:18:45,5,21.15,0.00,13.46,0.00,0.00,5.77,0.00,0.00,0.00,59.62
04:18:45,6,18.27,0.00,14.42,0.00,0.00,4.81,0.00,0.00,0.00,62.50
04:18:45,7,18.10,0.00,13.33,0.00,0.00,6.67,0.00,0.00,0.00,61.90
04:18:45,12,18.69,0.00,14.95,0.00,0.00,6.54,0.00,0.00,0.00,59.81
04:18:45,13,20.00,0.00,15.24,0.00,0.00,4.76,0.00,0.00,0.00,60.00
04:18:45,14,19.81,0.00,14.15,0.00,0.00,4.72,0.00,0.00,0.00,61.32
04:18:45,15,17.92,0.00,15.09,0.00,0.00,5.66,0.00,0.00,0.00,61.32
04:18:46,4,18.27,0.00,14.42,0.00,0.00,5.77,0.00,0.00,0.00,61.54
04:18:46,5,19.42,0.00,12.62,0.00,0.00,5.83,0.00,0.00,0.00,62.14
04:18:46,6,18.63,0.00,13.73,0.00,0.00,4.90,0.00,0.00,0.00,62.75
04:18:46,7,18.10,0.00,13.33,0.00,0.00,5.71,0.00,0.00,0.00,62.86
04:18:46,12,20.75,0.00,13.21,0.00,0.00,5.66,0.00,0.00,0.00,60.38
04:18:46,13,19.05,0.00,15.24,0.00,0.00,4.76,0.00,0.00,0.00,60.95
04:18:46,14,18.63,0.00,13.73,0.00,0.00,4.90,0.00,0.00,0.00,62.75
04:18:46,15,18.10,0.00,12.38,0.00,0.00,6.67,0.00,0.00,0.00,62.86
04:18:47,4,17.48,0.00,14.56,0.00,0.00,4.85,0.00,0.00,0.00,63.11
04:18:47,5,17.48,0.00,13.59,0.00,0.00,5.83,0.00,0.00,0.00,63.11
04:18:47,6,18.63,0.00,12.75,0.00,0.00,4.90,0.00,0.00,0.00,63.73
04:18:47,7,18.27,0.00,12.50,0.00,0.00,5.77,0.00,0.00,0.00,63.46
04:18:47,12,19.23,0.00,14.42,0.00,0.00,4.81,0.00,0.00,0.00,61.54
04:18:47,13,17.65,0.00,14.71,0.00,0.00,4.90,0.00,0.00,0.00,62.75
04:18:47,14,20.00,0.00,12.38,0.00,0.00,4.76,0.00,0.00,0.00,62.86
04:18:47,15,18.10,0.00,14.29,0.00,0.00,4.76,0.00,0.00,0.00,62.86
04:18:48,4,18.10,0.00,16.19,0.00,0.00,3.81,0.00,0.00,0.00,61.90
04:18:48,5,18.63,0.00,14.71,0.00,0.00,4.90,0.00,0.00,0.00,61.76
04:18:48,6,19.05,0.00,13.33,0.00,0.00,4.76,0.00,0.00,0.00,62.86
04:18:48,7,15.38,0.00,14.42,0.00,0.00,6.73,0.00,0.00,0.00,63.46
04:18:48,12,20.59,0.00,12.75,0.00,0.00,3.92,0.00,0.00,0.00,62.75
04:18:48,13,19.42,0.00,13.59,0.00,0.00,4.85,0.00,0.00,0.00,62.14
04:18:48,14,17.82,0.00,12.87,0.00,0.00,4.95,0.00,0.00,0.00,64.36
04:18:48,15,17.65,0.00,12.75,0.00,0.00,5.88,0.00,0.00,0.00,63.73
04:18:49,4,19.61,0.00,13.73,0.00,0.00,3.92,0.00,0.00,0.00,62.75
04:18:49,5,18.45,0.00,13.59,0.00,0.00,5.83,0.00,0.00,0.00,62.14
04:18:49,6,17.31,0.00,16.35,0.00,0.00,4.81,0.00,0.00,0.00,61.54
04:18:49,7,17.14,0.00,14.29,0.00,0.00,6.67,0.00,0.00,0.00,61.90
04:18:49,12,18.45,0.00,13.59,0.00,0.00,5.83,0.00,0.00,0.00,62.14
04:18:49,13,19.05,0.00,16.19,0.00,0.00,3.81,0.00,0.00,0.00,60.95
04:18:49,14,20.00,0.00,12.38,0.00,0.00,5.71,0.00,0.00,0.00,61.90
04:18:49,15,17.92,0.00,14.15,0.00,0.00,5.66,0.00,0.00,0.00,62.26
04:18:50,4,20.39,0.00,14.56,0.00,0.00,4.85,0.00,0.00,0.00,60.19
04:18:50,5,21.70,0.00,14.15,0.00,0.00,6.60,0.00,0.00,0.00,57.55
04:18:50,6,18.10,0.00,14.29,0.00,0.00,6.67,0.00,0.00,0.00,60.95
04:18:50,7,19.05,0.00,13.33,0.00,0.00,5.71,0.00,0.00,0.00,61.90
04:18:50,12,19.23,0.00,15.38,0.00,0.00,4.81,0.00,0.00,0.00,60.58
04:18:50,13,20.19,0.00,15.38,0.00,0.00,5.77,0.00,0.00,0.00,58.65
04:18:50,14,18.87,0.00,14.15,0.00,0.00,7.55,0.00,0.00,0.00,59.43
04:18:50,15,19.23,0.00,12.50,0.00,0.00,5.77,0.00,0.00,0.00,62.50
04:18:51,4,18.45,0.00,12.62,0.00,0.00,5.83,0.00,0.00,0.00,63.11
04:18:51,5,18.63,0.00,13.73,0.00,0.00,5.88,0.00,0.00,0.00,61.76
04:18:51,6,15.53,0.00,15.53,0.00,0.00,5.83,0.00,0.00,0.00,63.11
04:18:51,7,16.50,0.00,14.56,0.00,0.00,4.85,0.00,0.00,0.00,64.08
04:18:51,12,18.45,0.00,13.59,0.00,0.00,4.85,0.00,0.00,0.00,63.11
04:18:51,13,17.48,0.00,15.53,0.00,0.00,4.85,0.00,0.00,0.00,62.14
04:18:51,14,18.10,0.00,15.24,0.00,0.00,4.76,0.00,0.00,0.00,61.90
04:18:51,15,16.67,0.00,12.75,0.00,0.00,5.88,0.00,0.00,0.00,64.71
04:18:52,4,19.42,0.00,15.53,0.00,0.00,3.88,0.00,0.00,0.00,61.17
04:18:52,5,18.10,0.00,14.29,0.00,0.00,7.62,0.00,0.00,0.00,60.00
04:18:52,6,19.42,0.00,12.62,0.00,0.00,4.85,0.00,0.00,0.00,63.11
04:18:52,7,17.92,0.00,16.04,0.00,0.00,3.77,0.00,0.00,0.00,62.26
04:18:52,12,21.15,0.00,12.50,0.00,0.00,4.81,0.00,0.00,0.00,61.54
04:18:52,13,18.69,0.00,14.02,0.00,0.00,7.48,0.00,0.00,0.00,59.81
04:18:52,14,17.14,0.00,16.19,0.00,0.00,4.76,0.00,0.00,0.00,61.90
04:18:52,15,18.27,0.00,14.42,0.00,0.00,4.81,0.00,0.00,0.00,62.50
04:18:53,4,17.48,0.00,14.56,0.00,0.00,4.85,0.00,0.00,0.00,63.11
04:18:53,5,18.27,0.00,15.38,0.96,0.00,5.77,0.00,0.00,0.00,59.62
04:18:53,6,18.27,0.00,14.42,0.00,0.00,5.77,0.00,0.00,0.00,61.54
04:18:53,7,17.48,0.00,13.59,0.97,0.00,4.85,0.00,0.00,0.00,63.11
04:18:53,12,17.48,0.00,15.53,0.00,0.00,4.85,0.00,0.00,0.00,62.14
04:18:53,13,18.00,0.00,15.00,0.00,0.00,5.00,0.00,0.00,0.00,62.00
04:18:53,14,16.50,0.00,15.53,0.00,0.00,4.85,0.00,0.00,0.00,63.11
04:18:53,15,18.45,0.00,13.59,0.00,0.00,4.85,0.00,0.00,0.00,63.11
04:18:54,4,20.75,0.00,13.21,0.00,0.00,5.66,0.00,0.00,0.00,60.38
04:18:54,5,18.10,0.00,16.19,0.00,0.00,4.76,0.00,0.00,0.00,60.95
04:18:54,6,18.87,0.00,14.15,0.00,0.00,5.66,0.00,0.00,0.00,61.32
04:18:54,7,18.52,0.00,14.81,0.00,0.00,5.56,0.00,0.00,0.00,61.11
04:18:54,12,18.10,0.00,14.29,0.00,0.00,6.67,0.00,0.00,0.00,60.95
04:18:54,13,20.00,0.00,13.33,0.00,0.00,6.67,0.00,0.00,0.00,60.00
04:18:54,14,19.23,0.00,13.46,0.00,0.00,4.81,0.00,0.00,0.00,62.50
04:18:54,15,17.14,0.00,15.24,0.00,0.00,4.76,0.00,0.00,0.00,62.86
04:18:55,4,20.19,0.00,14.42,0.00,0.00,5.77,0.00,0.00,0.00,59.62
04:18:55,5,20.75,0.00,14.15,0.00,0.00,6.60,0.00,0.00,0.00,58.49
04:18:55,6,20.00,0.00,14.29,0.00,0.00,4.76,0.00,0.00,0.00,60.95
04:18:55,7,20.75,0.00,13.21,0.00,0.00,4.72,0.00,0.00,0.00,61.32
04:18:55,12,20.75,0.00,14.15,0.00,0.00,5.66,0.00,0.00,0.00,59.43
04:18:55,13,19.63,0.00,14.95,0.00,0.00,7.48,0.00,0.00,0.00,57.94
04:18:55,14,17.31,0.00,16.35,0.00,0.00,4.81,0.00,0.00,0.00,61.54
04:18:55,15,18.87,0.00,14.15,0.00,0.00,5.66,0.00,0.00,0.00,61.32
04:18:56,4,18.45,0.00,14.56,0.00,0.00,5.83,0.00,0.00,0.00,61.17
04:18:56,5,19.23,0.00,15.38,0.00,0.00,4.81,0.00,0.00,0.00,60.58
04:18:56,6,18.27,0.00,15.38,0.00,0.00,4.81,0.00,0.00,0.00,61.54
04:18:56,7,16.50,0.00,15.53,0.00,0.00,4.85,0.00,0.00,0.00,63.11
04:18:56,12,20.19,0.00,14.42,0.00,0.00,4.81,0.00,0.00,0.00,60.58
04:18:56,13,20.19,0.00,13.46,0.00,0.00,5.77,0.00,0.00,0.00,60.58
04:18:56,14,16.98,0.00,15.09,0.00,0.00,6.60,0.00,0.00,0.00,61.32
04:18:56,15,17.82,0.00,13.86,0.00,0.00,4.95,0.00,0.00,0.00,63.37
04:18:57,4,18.69,0.00,14.02,0.00,0.00,6.54,0.00,0.00,0.00,60.75
04:18:57,5,18.27,0.00,13.46,0.00,0.00,6.73,0.00,0.00,0.00,61.54
04:18:57,6,17.76,0.00,14.95,0.00,0.00,6.54,0.00,0.00,0.00,60.75
04:18:57,7,19.05,0.00,14.29,0.00,0.00,4.76,0.00,0.00,0.00,61.90
04:18:57,12,20.19,0.00,13.46,0.00,0.00,4.81,0.00,0.00,0.00,61.54
04:18:57,13,19.23,0.00,13.46,0.00,0.00,5.77,0.00,0.00,0.00,61.54
04:18:57,14,15.38,0.00,16.35,0.00,0.00,6.73,0.00,0.00,0.00,61.54
04:18:57,15,19.63,0.00,14.02,0.00,0.00,4.67,0.00,0.00,0.00,61.68
04:18:58,4,18.45,0.00,14.56,0.00,0.00,4.85,0.00,0.00,0.00,62.14
04:18:58,5,19.42,0.00,13.59,0.00,0.00,4.85,0.00,0.00,0.00,62.14
04:18:58,6,16.67,0.00,13.73,0.00,0.00,5.88,0.00,0.00,0.00,63.73
04:18:58,7,17.14,0.00,14.29,0.00,0.00,5.71,0.00,0.00,0.00,62.86
04:18:58,12,20.19,0.00,13.46,0.96,0.00,4.81,0.00,0.00,0.00,60.58
04:18:58,13,18.45,0.00,13.59,0.00,0.00,5.83,0.00,0.00,0.00,62.14
04:18:58,14,17.48,0.00,13.59,0.00,0.00,4.85,0.00,0.00,0.00,64.08
04:18:58,15,18.81,0.00,11.88,0.00,0.00,4.95,0.00,0.00,0.00,64.36
04:18:59,4,18.45,0.00,13.59,0.00,0.00,5.83,0.00,0.00,0.00,62.14
04:18:59,5,19.42,0.00,14.56,0.00,0.00,4.85,0.00,0.00,0.00,61.17
04:18:59,6,19.81,0.00,13.21,0.00,0.00,5.66,0.00,0.00,0.00,61.32
04:18:59,7,18.87,0.00,13.21,0.00,0.00,6.60,0.00,0.00,0.00,61.32
04:18:59,12,18.10,0.00,14.29,0.00,0.00,6.67,0.00,0.00,0.00,60.95
04:18:59,13,19.05,0.00,15.24,0.00,0.00,4.76,0.00,0.00,0.00,60.95
04:18:59,14,17.14,0.00,16.19,0.00,0.00,4.76,0.00,0.00,0.00,61.90
04:18:59,15,19.63,0.00,13.08,0.00,0.00,4.67,0.00,0.00,0.00,62.62
04:19:00,4,17.31,0.00,15.38,0.00,0.00,5.77,0.00,0.00,0.00,61.54
04:19:00,5,20.95,0.00,14.29,0.00,0.00,4.76,0.00,0.00,0.00,60.00
04:19:00,6,20.19,0.00,12.50,0.00,0.00,4.81,0.00,0.00,0.00,62.50
04:19:00,7,16.19,0.00,15.24,0.00,0.00,5.71,0.00,0.00,0.00,62.86
04:19:00,12,20.75,0.00,15.09,0.00,0.00,3.77,0.00,0.00,0.00,60.38
04:19:00,13,21.90,0.00,15.24,0.00,0.00,4.76,0.00,0.00,0.00,58.10
04:19:00,14,18.10,0.00,16.19,0.00,0.00,4.76,0.00,0.00,0.00,60.95
04:19:00,15,18.63,0.00,13.73,0.00,0.00,4.90,0.00,0.00,0.00,62.75
04:19:01,4,19.23,0.00,12.50,0.00,0.00,6.73,0.00,0.00,0.00,61.54
04:19:01,5,17.31,0.00,15.38,0.00,0.00,5.77,0.00,0.00,0.00,61.54
04:19:01,6,19.63,0.00,14.02,0.00,0.00,5.61,0.00,0.00,0.00,60.75
04:19:01,7,18.87,0.00,15.09,0.00,0.00,4.72,0.00,0.00,0.00,61.32
04:19:01,12,17.92,0.00,16.04,0.00,0.00,5.66,0.00,0.00,0.00,60.38
04:19:01,13,20.37,0.00,12.96,0.00,0.00,7.41,0.00,0.00,0.00,59.26
04:19:01,14,18.87,0.00,14.15,0.00,0.00,5.66,0.00,0.00,0.00,61.32
04:19:01,15,19.81,0.00,12.26,0.00,0.00,5.66,0.00,0.00,0.00,62.26
04:19:02,4,17.48,0.00,14.56,0.00,0.00,5.83,0.00,0.00,0.00,62.14
04:19:02,5,18.87,0.00,14.15,0.00,0.00,6.60,0.00,0.00,0.00,60.38
04:19:02,6,17.92,0.00,15.09,0.00,0.00,5.66,0.00,0.00,0.00,61.32
04:19:02,7,17.92,0.00,14.15,0.00,0.00,5.66,0.00,0.00,0.00,62.26
04:19:02,12,17.14,0.00,17.14,0.00,0.00,4.76,0.00,0.00,0.00,60.95
04:19:02,13,19.23,0.00,14.42,0.00,0.00,4.81,0.00,0.00,0.00,61.54
04:19:02,14,18.87,0.00,15.09,0.00,0.00,4.72,0.00,0.00,0.00,61.32
04:19:02,15,17.76,0.00,14.95,0.00,0.00,5.61,0.00,0.00,0.00,61.68
04:19:03,4,19.05,0.00,13.33,0.00,0.00,5.71,0.00,0.00,0.00,61.90
04:19:03,5,16.83,0.00,15.84,0.00,0.00,4.95,0.00,0.00,0.00,62.38
04:19:03,6,18.45,0.00,13.59,0.00,0.00,4.85,0.00,0.00,0.00,63.11
04:19:03,7,18.45,0.00,12.62,0.00,0.00,4.85,0.00,0.00,0.00,64.08
04:19:03,12,17.31,0.00,14.42,0.00,0.00,6.73,0.00,0.00,0.00,61.54
04:19:03,13,20.19,0.00,12.50,0.00,0.00,5.77,0.00,0.00,0.00,61.54
04:19:03,14,18.27,0.00,14.42,0.00,0.00,4.81,0.00,0.00,0.00,62.50
04:19:03,15,17.31,0.00,15.38,0.00,0.00,4.81,0.00,0.00,0.00,62.50
04:19:04,4,17.65,0.00,13.73,0.00,0.00,5.88,0.00,0.00,0.00,62.75
04:19:04,5,20.00,0.00,13.33,0.00,0.00,4.76,0.00,0.00,0.00,61.90
04:19:04,6,17.14,0.00,14.29,0.00,0.00,6.67,0.00,0.00,0.00,61.90
04:19:04,7,14.56,0.00,16.50,0.00,0.00,4.85,0.00,0.00,0.00,64.08
04:19:04,12,17.76,0.00,14.95,0.00,0.00,6.54,0.00,0.00,0.00,60.75
04:19:04,13,18.27,0.00,13.46,0.00,0.00,5.77,0.00,0.00,0.00,62.50
04:19:04,14,17.31,0.00,13.46,0.00,0.00,6.73,0.00,0.00,0.00,62.50
04:19:04,15,16.82,0.00,14.02,0.00,0.00,6.54,0.00,0.00,0.00,62.62
04:19:05,4,19.81,0.00,15.09,0.00,0.00,5.66,0.00,0.00,0.00,59.43
04:19:05,5,19.42,0.00,15.53,0.00,0.00,4.85,0.00,0.00,0.00,60.19
04:19:05,6,19.42,0.00,13.59,0.00,0.00,4.85,0.00,0.00,0.00,62.14
04:19:05,7,18.10,0.00,14.29,0.00,0.00,5.71,0.00,0.00,0.00,61.90
04:19:05,12,19.42,0.00,14.56,0.00,0.00,4.85,0.00,0.00,0.00,61.17
04:19:05,13,19.42,0.00,14.56,0.00,0.00,4.85,0.00,0.00,0.00,61.17
04:19:05,14,18.45,0.00,13.59,0.00,0.00,5.83,0.00,0.00,0.00,62.14
04:19:05,15,19.61,0.00,12.75,0.00,0.00,4.90,0.00,0.00,0.00,62.75
04:19:06,4,21.15,0.00,12.50,0.00,0.00,4.81,0.00,0.00,0.00,61.54
04:19:06,5,16.19,0.00,17.14,0.00,0.00,5.71,0.00,0.00,0.00,60.95
04:19:06,6,18.87,0.00,15.09,0.00,0.00,4.72,0.00,0.00,0.00,61.32
04:19:06,7,18.87,0.00,15.09,0.00,0.00,4.72,0.00,0.00,0.00,61.32
04:19:06,12,18.87,0.00,14.15,0.00,0.00,5.66,0.00,0.00,0.00,61.32
04:19:06,13,18.27,0.00,15.38,0.00,0.00,5.77,0.00,0.00,0.00,60.58
04:19:06,14,16.19,0.00,18.10,0.00,0.00,3.81,0.00,0.00,0.00,61.90
04:19:06,15,19.05,0.00,13.33,0.00,0.00,4.76,0.00,0.00,0.00,62.86
04:19:07,4,19.42,0.00,12.62,0.00,0.00,4.85,0.00,0.00,0.00,63.11
04:19:07,5,20.39,0.00,12.62,0.00,0.00,4.85,0.00,0.00,0.00,62.14
04:19:07,6,18.45,0.00,14.56,0.00,0.00,4.85,0.00,0.00,0.00,62.14
04:19:07,7,18.45,0.00,12.62,0.00,0.00,4.85,0.00,0.00,0.00,64.08
04:19:07,12,17.82,0.00,14.85,0.00,0.00,4.95,0.00,0.00,0.00,62.38
04:19:07,13,20.39,0.00,12.62,0.00,0.00,4.85,0.00,0.00,0.00,62.14
04:19:07,14,19.23,0.00,12.50,0.00,0.00,5.77,0.00,0.00,0.00,62.50
04:19:07,15,17.65,0.00,12.75,0.00,0.00,4.90,0.00,0.00,0.00,64.71
04:19:08,4,19.05,0.00,15.24,0.00,0.00,4.76,0.00,0.00,0.00,60.95
04:19:08,5,18.10,0.00,16.19,0.00,0.00,5.71,0.00,0.00,0.00,60.00
04:19:08,6,16.98,0.00,15.09,0.94,0.00,5.66,0.00,0.00,0.00,61.32
04:19:08,7,17.48,0.00,14.56,0.00,0.00,3.88,0.00,0.00,0.00,64.08
04:19:08,12,18.10,0.00,15.24,0.00,0.00,4.76,0.00,0.00,0.00,61.90
04:19:08,13,20.56,0.00,13.08,0.00,0.00,5.61,0.00,0.00,0.00,60.75
04:19:08,14,17.31,0.00,15.38,0.00,0.00,4.81,0.00,0.00,0.00,62.50
04:19:08,15,17.92,0.00,14.15,0.00,0.00,5.66,0.00,0.00,0.00,62.26
04:19:09,4,18.45,0.00,13.59,0.00,0.00,5.83,0.00,0.00,0.00,62.14
04:19:09,5,18.10,0.00,16.19,0.00,0.00,4.76,0.00,0.00,0.00,60.95
04:19:09,6,17.65,0.00,14.71,0.00,0.00,3.92,0.00,0.00,0.00,63.73
04:19:09,7,18.87,0.00,15.09,0.00,0.00,3.77,0.00,0.00,0.00,62.26
04:19:09,12,18.87,0.00,15.09,0.00,0.00,5.66,0.00,0.00,0.00,60.38
04:19:09,13,18.27,0.00,14.42,0.00,0.00,5.77,0.00,0.00,0.00,61.54
04:19:09,14,20.00,0.00,13.33,0.00,0.00,5.71,0.00,0.00,0.00,60.95
04:19:09,15,20.00,0.00,12.38,0.00,0.00,5.71,0.00,0.00,0.00,61.90
04:19:10,4,19.42,0.00,14.56,0.00,0.00,4.85,0.00,0.00,0.00,61.17
04:19:10,5,19.23,0.00,15.38,0.00,0.00,5.77,0.00,0.00,0.00,59.62
04:19:10,6,19.63,0.00,14.95,0.00,0.00,5.61,0.00,0.00,0.00,59.81
04:19:10,7,21.30,0.00,13.89,0.00,0.00,4.63,0.00,0.00,0.00,60.19
04:19:10,12,17.65,0.00,14.71,0.00,0.00,4.90,0.00,0.00,0.00,62.75
04:19:10,13,20.75,0.00,15.09,0.00,0.00,5.66,0.00,0.00,0.00,58.49
04:19:10,14,20.95,0.00,13.33,0.00,0.00,4.76,0.00,0.00,0.00,60.95
04:19:10,15,21.15,0.00,12.50,0.00,0.00,3.85,0.00,0.00,0.00,62.50
04:19:11,4,20.00,0.00,13.33,0.00,0.00,5.71,0.00,0.00,0.00,60.95
04:19:11,5,19.42,0.00,14.56,0.00,0.00,3.88,0.00,0.00,0.00,62.14
04:19:11,6,17.48,0.00,12.62,0.00,0.00,6.80,0.00,0.00,0.00,63.11
04:19:11,7,17.82,0.00,12.87,0.00,0.00,4.95,0.00,0.00,0.00,64.36
04:19:11,12,18.63,0.00,12.75,0.00,0.00,5.88,0.00,0.00,0.00,62.75
04:19:11,13,17.48,0.00,13.59,0.00,0.00,6.80,0.00,0.00,0.00,62.14
04:19:11,14,17.31,0.00,13.46,0.00,0.00,6.73,0.00,0.00,0.00,62.50
04:19:11,15,17.31,0.00,14.42,0.00,0.00,5.77,0.00,0.00,0.00,62.50
04:19:12,4,18.27,0.00,14.42,0.00,0.00,5.77,0.00,0.00,0.00,61.54
04:19:12,5,18.27,0.00,16.35,0.00,0.00,4.81,0.00,0.00,0.00,60.58
04:19:12,6,17.31,0.00,14.42,0.00,0.00,5.77,0.00,0.00,0.00,62.50
04:19:12,7,20.18,0.00,14.68,0.00,0.00,4.59,0.00,0.00,0.00,60.55
04:19:12,12,19.42,0.00,12.62,0.00,0.00,5.83,0.00,0.00,0.00,62.14
04:19:12,13,19.05,0.00,15.24,0.00,0.00,5.71,0.00,0.00,0.00,60.00
04:19:12,14,21.36,0.00,11.65,0.00,0.00,4.85,0.00,0.00,0.00,62.14
04:19:12,15,18.87,0.00,15.09,0.00,0.00,4.72,0.00,0.00,0.00,61.32
04:19:13,4,18.87,0.00,13.21,0.00,0.00,6.60,0.00,0.00,0.00,61.32
04:19:13,5,18.87,0.00,16.04,0.00,0.00,4.72,0.00,0.00,0.00,60.38
04:19:13,6,19.05,0.00,14.29,0.00,0.00,4.76,0.00,0.00,0.00,61.90
04:19:13,7,17.31,0.00,12.50,0.00,0.00,6.73,0.00,0.00,0.00,63.46
04:19:13,12,17.31,0.00,15.38,0.00,0.00,4.81,0.00,0.00,0.00,62.50
04:19:13,13,17.92,0.00,16.04,0.00,0.00,4.72,0.00,0.00,0.00,61.32
04:19:13,14,18.27,0.00,14.42,0.00,0.00,4.81,0.00,0.00,0.00,62.50
04:19:13,15,18.10,0.00,13.33,0.00,0.00,5.71,0.00,0.00,0.00,62.86
04:19:14,4,19.05,0.00,14.29,0.00,0.00,5.71,0.00,0.00,0.00,60.95
04:19:14,5,19.23,0.00,13.46,0.00,0.00,5.77,0.00,0.00,0.00,61.54
04:19:14,6,16.98,0.00,15.09,0.00,0.00,6.60,0.00,0.00,0.00,61.32
04:19:14,7,19.44,0.00,13.89,0.00,0.00,5.56,0.00,0.00,0.00,61.11
04:19:14,12,17.92,0.00,14.15,0.00,0.00,7.55,0.00,0.00,0.00,60.38
04:19:14,13,19.05,0.00,14.29,0.00,0.00,5.71,0.00,0.00,0.00,60.95
04:19:14,14,19.05,0.00,13.33,0.00,0.00,5.71,0.00,0.00,0.00,61.90
04:19:14,15,17.31,0.00,14.42,0.00,0.00,5.77,0.00,0.00,0.00,62.50
04:19:15,4,19.05,0.00,15.24,0.00,0.00,5.71,0.00,0.00,0.00,60.00
04:19:15,5,20.39,0.00,16.50,0.00,0.00,3.88,0.00,0.00,0.00,59.22
04:19:15,6,17.92,0.00,15.09,0.00,0.00,5.66,0.00,0.00,0.00,61.32
04:19:15,7,17.14,0.00,14.29,0.00,0.00,6.67,0.00,0.00,0.00,61.90
04:19:15,12,19.81,0.00,15.09,0.00,0.00,5.66,0.00,0.00,0.00,59.43
04:19:15,13,18.63,0.00,15.69,0.00,0.00,3.92,0.00,0.00,0.00,61.76
04:19:15,14,18.87,0.00,15.09,0.00,0.00,5.66,0.00,0.00,0.00,60.38
04:19:15,15,17.92,0.00,16.04,0.00,0.00,4.72,0.00,0.00,0.00,61.32
04:19:16,4,18.45,0.00,16.50,0.00,0.00,3.88,0.00,0.00,0.00,61.17
04:19:16,5,21.36,0.00,19.42,0.00,0.00,4.85,0.00,0.00,0.00,54.37
04:19:16,6,20.39,0.00,14.56,0.00,0.00,3.88,0.00,0.00,0.00,61.17
04:19:16,7,19.05,0.00,14.29,0.95,0.00,5.71,0.00,0.00,0.00,60.00
04:19:16,12,18.27,0.00,17.31,0.96,0.00,4.81,0.00,0.00,0.00,58.65
04:19:16,13,20.59,0.00,17.65,0.00,0.00,4.90,0.00,0.00,0.00,56.86
04:19:16,14,17.14,0.00,17.14,0.00,0.00,4.76,0.00,0.00,0.00,60.95
04:19:16,15,19.05,0.00,14.29,0.95,0.00,5.71,0.00,0.00,0.00,60.00
04:19:17,4,20.00,0.00,13.33,0.00,0.00,5.71,0.00,0.00,0.00,60.95
04:19:17,5,21.15,0.00,13.46,0.00,0.00,4.81,0.00,0.00,0.00,60.58
04:19:17,6,18.87,0.00,15.09,0.00,0.00,5.66,0.00,0.00,0.00,60.38
04:19:17,7,18.10,0.00,14.29,0.00,0.00,5.71,0.00,0.00,0.00,61.90
04:19:17,12,20.00,0.00,13.33,0.00,0.00,5.71,0.00,0.00,0.00,60.95
04:19:17,13,18.63,0.00,13.73,0.00,0.00,5.88,0.00,0.00,0.00,61.76
04:19:17,14,17.48,0.00,14.56,0.00,0.00,5.83,0.00,0.00,0.00,62.14
04:19:17,15,19.05,0.00,13.33,0.00,0.00,5.71,0.00,0.00,0.00,61.90
04:19:18,4,19.61,0.00,12.75,0.00,0.00,5.88,0.00,0.00,0.00,61.76
04:19:18,5,18.69,0.00,14.02,0.00,0.00,7.48,0.00,0.00,0.00,59.81
04:19:18,6,19.27,0.00,14.68,0.00,0.00,6.42,0.00,0.00,0.00,59.63
04:19:18,7,18.87,0.00,12.26,0.00,0.00,6.60,0.00,0.00,0.00,62.26
04:19:18,12,18.27,0.00,15.38,0.00,0.00,4.81,0.00,0.00,0.00,61.54
04:19:18,13,18.45,0.00,14.56,0.00,0.00,4.85,0.00,0.00,0.00,62.14
04:19:18,14,18.87,0.00,16.04,0.00,0.00,3.77,0.00,0.00,0.00,61.32
04:19:18,15,16.82,0.00,15.89,0.00,0.00,5.61,0.00,0.00,0.00,61.68
04:19:19,4,19.05,0.00,13.33,0.00,0.00,5.71,0.00,0.00,0.00,61.90
04:19:19,5,21.70,0.00,12.26,0.00,0.00,4.72,0.00,0.00,0.00,61.32
04:19:19,6,17.92,0.00,15.09,0.00,0.00,5.66,0.00,0.00,0.00,61.32
04:19:19,7,16.98,0.00,14.15,0.00,0.00,6.60,0.00,0.00,0.00,62.26
04:19:19,12,19.44,0.00,14.81,0.00,0.00,5.56,0.00,0.00,0.00,60.19
04:19:19,13,20.00,0.00,12.38,0.00,0.00,6.67,0.00,0.00,0.00,60.95
04:19:19,14,16.98,0.00,15.09,0.00,0.00,6.60,0.00,0.00,0.00,61.32
04:19:19,15,17.76,0.00,14.95,0.00,0.00,5.61,0.00,0.00,0.00,61.68
04:19:20,4,19.05,0.00,14.29,0.00,0.00,5.71,0.00,0.00,0.00,60.95
04:19:20,5,21.36,0.00,13.59,0.00,0.00,5.83,0.00,0.00,0.00,59.22
04:19:20,6,18.45,0.00,12.62,0.00,0.00,5.83,0.00,0.00,0.00,63.11
04:19:20,7,18.45,0.00,12.62,0.00,0.00,4.85,0.00,0.00,0.00,64.08
04:19:20,12,19.42,0.00,13.59,0.00,0.00,5.83,0.00,0.00,0.00,61.17
04:19:20,13,19.81,0.00,16.04,0.00,0.00,5.66,0.00,0.00,0.00,58.49
04:19:20,14,18.45,0.00,14.56,0.00,0.00,4.85,0.00,0.00,0.00,62.14
04:19:20,15,17.65,0.00,11.76,0.00,0.00,6.86,0.00,0.00,0.00,63.73
04:19:21,4,19.42,0.00,14.56,0.00,0.00,3.88,0.00,0.00,0.00,62.14
04:19:21,5,20.75,0.00,14.15,0.00,0.00,4.72,0.00,0.00,0.00,60.38
04:19:21,6,17.92,0.00,14.15,0.00,0.00,5.66,0.00,0.00,0.00,62.26
04:19:21,7,18.27,0.00,14.42,0.00,0.00,4.81,0.00,0.00,0.00,62.50
04:19:21,12,19.05,0.00,13.33,0.00,0.00,6.67,0.00,0.00,0.00,60.95
04:19:21,13,18.27,0.00,14.42,0.00,0.00,5.77,0.00,0.00,0.00,61.54
04:19:21,14,19.81,0.00,14.15,0.00,0.00,4.72,0.00,0.00,0.00,61.32
04:19:21,15,17.14,0.00,15.24,0.00,0.00,5.71,0.00,0.00,0.00,61.90
04:19:22,4,20.00,0.00,14.29,0.00,0.00,4.76,0.00,0.00,0.00,60.95
04:19:22,5,19.23,0.00,14.42,0.00,0.00,5.77,0.00,0.00,0.00,60.58
04:19:22,6,17.31,0.00,15.38,0.00,0.00,5.77,0.00,0.00,0.00,61.54
04:19:22,7,18.69,0.00,14.02,0.00,0.00,5.61,0.00,0.00,0.00,61.68
04:19:22,12,19.23,0.00,13.46,0.00,0.00,5.77,0.00,0.00,0.00,61.54
04:19:22,13,20.00,0.00,14.29,0.00,0.00,4.76,0.00,0.00,0.00,60.95
04:19:22,14,18.10,0.00,14.29,0.00,0.00,5.71,0.00,0.00,0.00,61.90
04:19:22,15,16.82,0.00,15.89,0.00,0.00,5.61,0.00,0.00,0.00,61.68
04:19:23,4,20.19,0.00,13.46,0.00,0.00,4.81,0.00,0.00,0.00,61.54
04:19:23,5,18.87,0.00,14.15,0.00,0.00,6.60,0.00,0.00,0.00,60.38
04:19:23,6,20.18,0.00,13.76,0.00,0.00,5.50,0.00,0.00,0.00,60.55
04:19:23,7,18.27,0.00,14.42,0.00,0.00,4.81,0.00,0.00,0.00,62.50
04:19:23,12,18.87,0.00,15.09,0.00,0.00,5.66,0.00,0.00,0.00,60.38
04:19:23,13,20.19,0.00,14.42,0.00,0.00,5.77,0.00,0.00,0.00,59.62
04:19:23,14,18.10,0.00,15.24,0.00,0.00,4.76,0.00,0.00,0.00,61.90
04:19:23,15,17.31,0.00,14.42,0.00,0.00,5.77,0.00,0.00,0.00,62.50
04:19:24,4,19.63,0.00,14.02,0.00,0.00,5.61,0.00,0.00,0.00,60.75
04:19:24,5,17.31,0.00,16.35,0.00,0.00,4.81,0.00,0.00,0.00,61.54
04:19:24,6,17.65,0.00,15.69,0.00,0.00,3.92,0.00,0.00,0.00,62.75
04:19:24,7,18.10,0.00,15.24,0.00,0.00,3.81,0.00,0.00,0.00,62.86
04:19:24,12,18.27,0.00,13.46,0.00,0.00,6.73,0.00,0.00,0.00,61.54
04:19:24,13,19.27,0.00,17.43,0.00,0.00,5.50,0.00,0.00,0.00,57.80
04:19:24,14,19.05,0.00,14.29,0.00,0.00,5.71,0.00,0.00,0.00,60.95
04:19:24,15,15.38,0.00,16.35,0.00,0.00,4.81,0.00,0.00,0.00,63.46
04:19:25,4,18.10,0.00,16.19,0.00,0.00,5.71,0.00,0.00,0.00,60.00
04:19:25,5,20.19,0.00,16.35,0.00,0.00,3.85,0.00,0.00,0.00,59.62
04:19:25,6,20.19,0.00,13.46,0.00,0.00,4.81,0.00,0.00,0.00,61.54
04:19:25,7,18.10,0.00,12.38,0.00,0.00,6.67,0.00,0.00,0.00,62.86
04:19:25,12,20.19,0.00,16.35,0.00,0.00,3.85,0.00,0.00,0.00,59.62
04:19:25,13,20.00,0.00,15.24,0.00,0.00,4.76,0.00,0.00,0.00,60.00
04:19:25,14,16.35,0.00,14.42,0.00,0.00,5.77,0.00,0.00,0.00,63.46
04:19:25,15,18.10,0.00,13.33,0.00,0.00,6.67,0.00,0.00,0.00,61.90
04:19:26,4,19.05,0.00,14.29,0.00,0.00,5.71,0.00,0.00,0.00,60.95
04:19:26,5,20.00,0.00,15.24,0.00,0.00,5.71,0.00,0.00,0.00,59.05
04:19:26,6,17.76,0.00,14.02,0.00,0.00,7.48,0.00,0.00,0.00,60.75
04:19:26,7,19.05,0.00,14.29,0.00,0.00,4.76,0.00,0.00,0.00,61.90
04:19:26,12,19.05,0.00,14.29,0.00,0.00,5.71,0.00,0.00,0.00,60.95
04:19:26,13,18.45,0.00,13.59,0.97,0.00,4.85,0.00,0.00,0.00,62.14
04:19:26,14,20.39,0.00,12.62,0.00,0.00,4.85,0.00,0.00,0.00,62.14
04:19:26,15,18.27,0.00,13.46,0.00,0.00,5.77,0.00,0.00,0.00,62.50
04:19:27,4,18.10,0.00,14.29,0.00,0.00,6.67,0.00,0.00,0.00,60.95
04:19:27,5,19.23,0.00,12.50,0.00,0.00,5.77,0.00,0.00,0.00,62.50
04:19:27,6,18.10,0.00,14.29,0.00,0.00,5.71,0.00,0.00,0.00,61.90
04:19:27,7,18.10,0.00,14.29,0.00,0.00,4.76,0.00,0.00,0.00,62.86
04:19:27,12,18.45,0.00,13.59,0.00,0.00,4.85,0.00,0.00,0.00,63.11
04:19:27,13,18.27,0.00,14.42,0.00,0.00,5.77,0.00,0.00,0.00,61.54
04:19:27,14,19.23,0.00,13.46,0.00,0.00,4.81,0.00,0.00,0.00,62.50
04:19:27,15,18.10,0.00,13.33,0.00,0.00,5.71,0.00,0.00,0.00,62.86
04:19:28,4,17.48,0.00,13.59,0.00,0.00,5.83,0.00,0.00,0.00,63.11
04:19:28,5,18.27,0.00,14.42,0.00,0.00,5.77,0.00,0.00,0.00,61.54
04:19:28,6,16.82,0.00,15.89,0.00,0.00,6.54,0.00,0.00,0.00,60.75
04:19:28,7,17.31,0.00,14.42,0.00,0.00,4.81,0.00,0.00,0.00,63.46
04:19:28,12,19.81,0.00,15.09,0.00,0.00,4.72,0.00,0.00,0.00,60.38
04:19:28,13,19.23,0.00,13.46,0.00,0.00,5.77,0.00,0.00,0.00,61.54
04:19:28,14,18.69,0.00,14.95,0.00,0.00,5.61,0.00,0.00,0.00,60.75
04:19:28,15,17.76,0.00,14.02,0.00,0.00,6.54,0.00,0.00,0.00,61.68
04:19:29,4,20.00,0.00,14.29,0.00,0.00,3.81,0.00,0.00,0.00,61.90
04:19:29,5,19.42,0.00,12.62,0.00,0.00,5.83,0.00,0.00,0.00,62.14
04:19:29,6,19.23,0.00,12.50,0.00,0.00,5.77,0.00,0.00,0.00,62.50
04:19:29,7,18.10,0.00,14.29,0.00,0.00,5.71,0.00,0.00,0.00,61.90
04:19:29,12,19.23,0.00,13.46,0.00,0.00,5.77,0.00,0.00,0.00,61.54
04:19:29,13,19.05,0.00,14.29,0.00,0.00,5.71,0.00,0.00,0.00,60.95
04:19:29,14,18.45,0.00,12.62,0.00,0.00,5.83,0.00,0.00,0.00,63.11
04:19:29,15,18.87,0.00,14.15,0.00,0.00,4.72,0.00,0.00,0.00,62.26
04:19:30,4,18.81,0.00,14.85,0.00,0.00,3.96,0.00,0.00,0.00,62.38
04:19:30,5,16.67,0.00,15.69,0.00,0.00,5.88,0.00,0.00,0.00,61.76
04:19:30,6,18.27,0.00,13.46,0.00,0.00,5.77,0.00,0.00,0.00,62.50
04:19:30,7,18.10,0.00,13.33,0.00,0.00,5.71,0.00,0.00,0.00,62.86
04:19:30,12,19.61,0.00,14.71,0.00,0.00,3.92,0.00,0.00,0.00,61.76
04:19:30,13,20.39,0.00,13.59,0.00,0.00,3.88,0.00,0.00,0.00,62.14
04:19:30,14,17.65,0.00,12.75,0.00,0.00,5.88,0.00,0.00,0.00,63.73
04:19:30,15,17.31,0.00,14.42,0.00,0.00,5.77,0.00,0.00,0.00,62.50
04:19:31,4,18.27,0.00,15.38,0.00,0.00,5.77,0.00,0.00,0.00,60.58
04:19:31,5,17.65,0.00,15.69,0.00,0.00,4.90,0.00,0.00,0.00,61.76
04:19:31,6,18.27,0.00,14.42,0.00,0.00,4.81,0.00,0.00,0.00,62.50
04:19:31,7,18.45,0.00,12.62,0.00,0.00,5.83,0.00,0.00,0.00,63.11
04:19:31,12,20.19,0.00,13.46,0.00,0.00,6.73,0.00,0.00,0.00,59.62
04:19:31,13,19.80,0.00,13.86,0.99,0.00,4.95,0.00,0.00,0.00,60.40
04:19:31,14,19.42,0.00,14.56,0.00,0.00,3.88,0.00,0.00,0.00,62.14
04:19:31,15,17.48,0.00,14.56,0.00,0.00,4.85,0.00,0.00,0.00,63.11
04:19:32,4,18.87,0.00,14.15,0.00,0.00,5.66,0.00,0.00,0.00,61.32
04:19:32,5,18.45,0.00,14.56,0.00,0.00,4.85,0.00,0.00,0.00,62.14
04:19:32,6,16.50,0.00,13.59,0.00,0.00,6.80,0.00,0.00,0.00,63.11
04:19:32,7,18.45,0.00,13.59,0.00,0.00,3.88,0.00,0.00,0.00,64.08
04:19:32,12,17.65,0.00,13.73,0.00,0.00,4.90,0.00,0.00,0.00,63.73
04:19:32,13,17.48,0.00,15.53,0.00,0.00,5.83,0.00,0.00,0.00,61.17
04:19:32,14,19.23,0.00,13.46,0.00,0.00,5.77,0.00,0.00,0.00,61.54
04:19:32,15,17.31,0.00,14.42,0.00,0.00,4.81,0.00,0.00,0.00,63.46
04:19:33,4,18.10,0.00,14.29,0.00,0.00,6.67,0.00,0.00,0.00,60.95
04:19:33,5,16.35,0.00,16.35,0.00,0.00,6.73,0.00,0.00,0.00,60.58
04:19:33,6,16.98,0.00,15.09,0.00,0.00,5.66,0.00,0.00,0.00,62.26
04:19:33,7,18.27,0.00,13.46,0.00,0.00,5.77,0.00,0.00,0.00,62.50
04:19:33,12,17.31,0.00,14.42,0.00,0.00,6.73,0.00,0.00,0.00,61.54
04:19:33,13,19.05,0.00,14.29,0.00,0.00,5.71,0.00,0.00,0.00,60.95
04:19:33,14,18.27,0.00,13.46,0.00,0.00,5.77,0.00,0.00,0.00,62.50
04:19:33,15,17.92,0.00,15.09,0.00,0.00,4.72,0.00,0.00,0.00,62.26
04:19:34,4,18.10,0.00,14.29,0.00,0.00,5.71,0.00,0.00,0.00,61.90
04:19:34,5,19.23,0.00,14.42,0.00,0.00,4.81,0.00,0.00,0.00,61.54
04:19:34,6,17.48,0.00,13.59,0.00,0.00,5.83,0.00,0.00,0.00,63.11
04:19:34,7,17.31,0.00,14.42,0.00,0.00,4.81,0.00,0.00,0.00,63.46
04:19:34,12,19.42,0.00,13.59,0.00,0.00,5.83,0.00,0.00,0.00,61.17
04:19:34,13,17.31,0.00,14.42,0.00,0.00,6.73,0.00,0.00,0.00,61.54
04:19:34,14,16.82,0.00,16.82,0.00,0.00,4.67,0.00,0.00,0.00,61.68
04:19:34,15,19.81,0.00,13.21,0.00,0.00,5.66,0.00,0.00,0.00,61.32
04:19:35,4,18.45,0.00,14.56,0.00,0.00,4.85,0.00,0.00,0.00,62.14
04:19:35,5,18.27,0.00,15.38,0.00,0.00,5.77,0.00,0.00,0.00,60.58
04:19:35,6,18.69,0.00,14.02,0.00,0.00,6.54,0.00,0.00,0.00,60.75
04:19:35,7,17.31,0.00,14.42,0.00,0.00,5.77,0.00,0.00,0.00,62.50
04:19:35,12,19.05,0.00,15.24,0.00,0.00,4.76,0.00,0.00,0.00,60.95
04:19:35,13,17.92,0.00,14.15,0.00,0.00,6.60,0.00,0.00,0.00,61.32
04:19:35,14,17.31,0.00,15.38,0.00,0.00,5.77,0.00,0.00,0.00,61.54
04:19:35,15,20.19,0.00,12.50,0.00,0.00,3.85,0.00,0.00,0.00,63.46
04:19:36,4,18.87,0.00,15.09,0.00,0.00,6.60,0.00,0.00,0.00,59.43
04:19:36,5,21.30,0.00,14.81,0.00,0.00,6.48,0.00,0.00,0.00,57.41
04:19:36,6,20.00,0.00,13.33,0.00,0.00,5.71,0.00,0.00,0.00,60.95
04:19:36,7,20.37,0.00,12.96,0.00,0.00,5.56,0.00,0.00,0.00,61.11
04:19:36,12,20.75,0.00,15.09,0.00,0.00,4.72,0.00,0.00,0.00,59.43
04:19:36,13,21.15,0.00,15.38,0.96,0.00,5.77,0.00,0.00,0.00,56.73
04:19:36,14,18.52,0.00,15.74,0.00,0.00,6.48,0.00,0.00,0.00,59.26
04:19:36,15,18.87,0.00,14.15,0.00,0.00,5.66,0.00,0.00,0.00,61.32
04:19:37,4,18.87,0.00,14.15,0.00,0.00,6.60,0.00,0.00,0.00,60.38
04:19:37,5,18.81,0.00,14.85,0.00,0.00,4.95,0.00,0.00,0.00,61.39
04:19:37,6,16.19,0.00,16.19,0.00,0.00,6.67,0.00,0.00,0.00,60.95
04:19:37,7,18.27,0.00,13.46,0.00,0.00,5.77,0.00,0.00,0.00,62.50
04:19:37,12,20.19,0.00,13.46,0.00,0.00,4.81,0.00,0.00,0.00,61.54
04:19:37,13,20.95,0.00,13.33,0.00,0.00,5.71,0.00,0.00,0.00,60.00
04:19:37,14,19.05,0.00,15.24,0.00,0.00,4.76,0.00,0.00,0.00,60.95
04:19:37,15,18.27,0.00,14.42,0.00,0.00,4.81,0.00,0.00,0.00,62.50
04:19:38,4,19.23,0.00,14.42,0.00,0.00,4.81,0.00,0.00,0.00,61.54
04:19:38,5,20.75,0.00,14.15,0.00,0.00,5.66,0.00,0.00,0.00,59.43
04:19:38,6,17.31,0.00,13.46,0.00,0.00,6.73,0.00,0.00,0.00,62.50
04:19:38,7,18.27,0.00,12.50,0.00,0.00,5.77,0.00,0.00,0.00,63.46
04:19:38,12,18.87,0.00,16.04,0.00,0.00,4.72,0.00,0.00,0.00,60.38
04:19:38,13,18.87,0.00,15.09,0.00,0.00,5.66,0.00,0.00,0.00,60.38
04:19:38,14,19.23,0.00,13.46,0.00,0.00,5.77,0.00,0.00,0.00,61.54
04:19:38,15,19.23,0.00,13.46,0.00,0.00,4.81,0.00,0.00,0.00,62.50
04:19:39,4,20.19,0.00,13.46,0.00,0.00,4.81,0.00,0.00,0.00,61.54
04:19:39,5,20.37,0.00,14.81,0.00,0.00,5.56,0.00,0.00,0.00,59.26
04:19:39,6,17.14,0.00,15.24,0.00,0.00,5.71,0.00,0.00,0.00,61.90
04:19:39,7,15.38,0.00,15.38,0.00,0.00,5.77,0.00,0.00,0.00,63.46
04:19:39,12,19.05,0.00,15.24,0.00,0.00,5.71,0.00,0.00,0.00,60.00
04:19:39,13,20.00,0.00,15.24,0.00,0.00,5.71,0.00,0.00,0.00,59.05
04:19:39,14,16.67,0.00,14.71,0.00,0.00,4.90,0.00,0.00,0.00,63.73
04:19:39,15,18.52,0.00,13.89,0.00,0.00,6.48,0.00,0.00,0.00,61.11
04:19:40,4,17.76,0.00,15.89,0.00,0.00,5.61,0.00,0.00,0.00,60.75
04:19:40,5,19.23,0.00,16.35,0.00,0.00,2.88,0.00,0.00,0.00,61.54
04:19:40,6,18.87,0.00,14.15,0.00,0.00,5.66,0.00,0.00,0.00,61.32
04:19:40,7,18.10,0.00,13.33,0.00,0.00,6.67,0.00,0.00,0.00,61.90
04:19:40,12,19.44,0.00,14.81,0.00,0.00,6.48,0.00,0.00,0.00,59.26
04:19:40,13,17.48,0.00,15.53,0.00,0.00,4.85,0.00,0.00,0.00,62.14
04:19:40,14,18.69,0.00,15.89,0.00,0.00,4.67,0.00,0.00,0.00,60.75
04:19:40,15,17.31,0.00,15.38,0.00,0.00,4.81,0.00,0.00,0.00,62.50
04:19:41,4,19.42,0.00,14.56,0.00,0.00,4.85,0.00,0.00,0.00,61.17
04:19:41,5,21.57,0.00,13.73,0.00,0.00,3.92,0.00,0.00,0.00,60.78
04:19:41,6,19.42,0.00,12.62,0.00,0.00,4.85,0.00,0.00,0.00,63.11
04:19:41,7,18.87,0.00,13.21,0.00,0.00,5.66,0.00,0.00,0.00,62.26
04:19:41,12,18.63,0.00,14.71,0.00,0.00,4.90,0.00,0.00,0.00,61.76
04:19:41,13,22.33,0.00,12.62,0.00,0.00,4.85,0.00,0.00,0.00,60.19
04:19:41,14,17.76,0.00,14.02,0.00,0.00,7.48,0.00,0.00,0.00,60.75
04:19:41,15,17.92,0.00,14.15,0.00,0.00,5.66,0.00,0.00,0.00,62.26
04:19:42,4,18.87,0.00,14.15,0.00,0.00,5.66,0.00,0.00,0.00,61.32
04:19:42,5,20.00,0.00,15.24,0.00,0.00,3.81,0.00,0.00,0.00,60.95
04:19:42,6,17.92,0.00,15.09,0.00,0.00,5.66,0.00,0.00,0.00,61.32
04:19:42,7,16.98,0.00,15.09,0.00,0.00,5.66,0.00,0.00,0.00,62.26
04:19:42,12,18.63,0.00,13.73,0.00,0.00,4.90,0.00,0.00,0.00,62.75
04:19:42,13,18.45,0.00,15.53,0.00,0.00,4.85,0.00,0.00,0.00,61.17
04:19:42,14,19.23,0.00,13.46,0.00,0.00,5.77,0.00,0.00,0.00,61.54
04:19:42,15,17.31,0.00,14.42,0.00,0.00,5.77,0.00,0.00,0.00,62.50
04:19:43,4,18.45,0.00,12.62,0.00,0.00,6.80,0.00,0.00,0.00,62.14
04:19:43,5,20.75,0.00,13.21,0.00,0.00,5.66,0.00,0.00,0.00,60.38
04:19:43,6,18.27,0.00,14.42,0.00,0.00,4.81,0.00,0.00,0.00,62.50
04:19:43,7,15.69,0.00,13.73,0.00,0.00,5.88,0.00,0.00,0.00,64.71
04:19:43,12,17.92,0.00,15.09,0.00,0.00,5.66,0.00,0.00,0.00,61.32
04:19:43,13,18.87,0.00,14.15,0.00,0.00,5.66,0.00,0.00,0.00,61.32
04:19:43,14,16.83,0.00,12.87,0.00,0.00,5.94,0.00,0.00,0.00,64.36
04:19:43,15,18.27,0.00,13.46,0.00,0.00,4.81,0.00,0.00,0.00,63.46
04:19:44,4,16.35,0.00,14.42,0.00,0.00,6.73,0.00,0.00,0.00,62.50
04:19:44,5,17.14,0.00,15.24,0.00,0.00,6.67,0.00,0.00,0.00,60.95
04:19:44,6,18.63,0.00,11.76,0.00,0.00,5.88,0.00,0.00,0.00,63.73
04:19:44,7,16.19,0.00,14.29,0.00,0.00,5.71,0.00,0.00,0.00,63.81
04:19:44,12,20.39,0.00,12.62,0.00,0.00,3.88,0.00,0.00,0.00,63.11
04:19:44,13,18.27,0.00,13.46,0.00,0.00,5.77,0.00,0.00,0.00,62.50
04:19:44,14,19.05,0.00,13.33,0.00,0.00,4.76,0.00,0.00,0.00,62.86
04:19:44,15,18.27,0.00,13.46,0.00,0.00,4.81,0.00,0.00,0.00,63.46
04:19:45,4,16.19,0.00,16.19,0.00,0.00,5.71,0.00,0.00,0.00,61.90
04:19:45,5,18.45,0.00,13.59,0.00,0.00,5.83,0.00,0.00,0.00,62.14
04:19:45,6,18.10,0.00,13.33,0.00,0.00,5.71,0.00,0.00,0.00,62.86
04:19:45,7,18.27,0.00,13.46,0.00,0.00,5.77,0.00,0.00,0.00,62.50
04:19:45,12,17.14,0.00,15.24,0.00,0.00,6.67,0.00,0.00,0.00,60.95
04:19:45,13,19.23,0.00,13.46,0.00,0.00,5.77,0.00,0.00,0.00,61.54
04:19:45,14,18.10,0.00,14.29,0.00,0.00,5.71,0.00,0.00,0.00,61.90
04:19:45,15,17.31,0.00,14.42,0.00,0.00,4.81,0.00,0.00,0.00,63.46
04:19:46,4,19.81,0.00,15.09,0.00,0.00,6.60,0.00,0.00,0.00,58.49
04:19:46,5,19.05,0.00,16.19,0.00,0.00,5.71,0.00,0.00,0.00,59.05
04:19:46,6,18.27,0.00,14.42,0.00,0.00,5.77,0.00,0.00,0.00,61.54
04:19:46,7,18.52,0.00,12.96,0.00,0.00,7.41,0.00,0.00,0.00,61.11
04:19:46,12,19.63,0.00,16.82,0.00,0.00,5.61,0.00,0.00,0.00,57.94
04:19:46,13,18.27,0.00,16.35,0.00,0.00,5.77,0.00,0.00,0.00,59.62
04:19:46,14,20.75,0.00,13.21,0.00,0.00,5.66,0.00,0.00,0.00,60.38
04:19:46,15,19.63,0.00,14.95,0.00,0.00,5.61,0.00,0.00,0.00,59.81
04:19:47,4,18.27,0.00,14.42,0.00,0.00,5.77,0.00,0.00,0.00,61.54
04:19:47,5,20.00,0.00,13.33,0.00,0.00,6.67,0.00,0.00,0.00,60.00
04:19:47,6,18.87,0.00,14.15,0.00,0.00,5.66,0.00,0.00,0.00,61.32
04:19:47,7,16.98,0.00,14.15,0.00,0.00,6.60,0.00,0.00,0.00,62.26
04:19:47,12,20.00,0.00,13.33,0.00,0.00,6.67,0.00,0.00,0.00,60.00
04:19:47,13,19.05,0.00,15.24,0.00,0.00,4.76,0.00,0.00,0.00,60.95
04:19:47,14,18.87,0.00,14.15,0.00,0.00,5.66,0.00,0.00,0.00,61.32
04:19:47,15,17.48,0.00,13.59,0.00,0.00,5.83,0.00,0.00,0.00,63.11
04:19:48,4,16.50,0.00,15.53,0.00,0.00,5.83,0.00,0.00,0.00,62.14
04:19:48,5,18.63,0.00,12.75,0.00,0.00,6.86,0.00,0.00,0.00,61.76
04:19:48,6,20.39,0.00,13.59,0.00,0.00,3.88,0.00,0.00,0.00,62.14
04:19:48,7,18.27,0.00,14.42,0.00,0.00,4.81,0.00,0.00,0.00,62.50
04:19:48,12,17.92,0.00,14.15,0.00,0.00,6.60,0.00,0.00,0.00,61.32
04:19:48,13,19.81,0.00,15.09,0.00,0.00,4.72,0.00,0.00,0.00,60.38
04:19:48,14,19.23,0.00,15.38,0.00,0.00,3.85,0.00,0.00,0.00,61.54
04:19:48,15,16.35,0.00,16.35,0.00,0.00,3.85,0.00,0.00,0.00,63.46
04:19:49,4,19.42,0.00,13.59,0.00,0.00,3.88,0.00,0.00,0.00,63.11
04:19:49,5,18.27,0.00,14.42,0.00,0.00,4.81,0.00,0.00,0.00,62.50
04:19:49,6,19.23,0.00,13.46,0.00,0.00,3.85,0.00,0.00,0.00,63.46
04:19:49,7,16.04,0.00,14.15,0.00,0.00,6.60,0.00,0.00,0.00,63.21
04:19:49,12,18.27,0.00,14.42,0.00,0.00,5.77,0.00,0.00,0.00,61.54
04:19:49,13,18.87,0.00,15.09,0.00,0.00,5.66,0.00,0.00,0.00,60.38
04:19:49,14,16.35,0.00,15.38,0.00,0.00,5.77,0.00,0.00,0.00,62.50
04:19:49,15,19.42,0.00,11.65,0.00,0.00,4.85,0.00,0.00,0.00,64.08
04:19:50,4,19.05,0.00,13.33,0.00,0.00,6.67,0.00,0.00,0.00,60.95
04:19:50,5,19.05,0.00,15.24,0.00,0.00,3.81,0.00,0.00,0.00,61.90
04:19:50,6,18.45,0.00,12.62,0.00,0.00,5.83,0.00,0.00,0.00,63.11
04:19:50,7,17.31,0.00,13.46,0.00,0.00,5.77,0.00,0.00,0.00,63.46
04:19:50,12,18.10,0.00,15.24,0.00,0.00,4.76,0.00,0.00,0.00,61.90
04:19:50,13,19.23,0.00,14.42,0.00,0.00,4.81,0.00,0.00,0.00,61.54
04:19:50,14,16.50,0.00,13.59,0.00,0.00,5.83,0.00,0.00,0.00,64.08
04:19:50,15,18.10,0.00,13.33,0.00,0.00,5.71,0.00,0.00,0.00,62.86
04:19:51,4,18.63,0.00,13.73,0.00,0.00,4.90,0.00,0.00,0.00,62.75
04:19:51,5,20.19,0.00,14.42,0.00,0.00,6.73,0.00,0.00,0.00,58.65
04:19:51,6,18.10,0.00,15.24,0.00,0.00,5.71,0.00,0.00,0.00,60.95
04:19:51,7,18.87,0.00,15.09,0.00,0.00,4.72,0.00,0.00,0.00,61.32
04:19:51,12,19.81,0.00,15.09,0.00,0.00,4.72,0.00,0.00,0.00,60.38
04:19:51,13,17.92,0.00,17.92,0.00,0.00,5.66,0.00,0.00,0.00,58.49
04:19:51,14,20.56,0.00,14.95,0.00,0.00,4.67,0.00,0.00,0.00,59.81
04:19:51,15,20.56,0.00,13.08,0.00,0.00,5.61,0.00,0.00,0.00,60.75
04:19:52,4,19.05,0.00,14.29,0.00,0.00,5.71,0.00,0.00,0.00,60.95
04:19:52,5,17.65,0.00,14.71,0.00,0.00,5.88,0.00,0.00,0.00,61.76
04:19:52,6,18.87,0.00,15.09,0.00,0.00,4.72,0.00,0.00,0.00,61.32
04:19:52,7,17.65,0.00,12.75,0.98,0.00,4.90,0.00,0.00,0.00,63.73
04:19:52,12,19.61,0.00,11.76,0.00,0.00,5.88,0.00,0.00,0.00,62.75
04:19:52,13,16.50,0.00,15.53,0.00,0.00,5.83,0.00,0.00,0.00,62.14
04:19:52,14,16.35,0.00,14.42,0.00,0.00,6.73,0.00,0.00,0.00,62.50
04:19:52,15,19.23,0.00,12.50,0.00,0.00,4.81,0.00,0.00,0.00,63.46
04:19:53,4,17.48,0.00,14.56,0.00,0.00,4.85,0.00,0.00,0.00,63.11
04:19:53,5,19.23,0.00,13.46,0.00,0.00,5.77,0.00,0.00,0.00,61.54
04:19:53,6,18.45,0.00,13.59,0.00,0.00,4.85,0.00,0.00,0.00,63.11
04:19:53,7,18.69,0.00,14.95,0.00,0.00,4.67,0.00,0.00,0.00,61.68
04:19:53,12,19.23,0.00,13.46,0.00,0.00,4.81,0.00,0.00,0.00,62.50
04:19:53,13,19.23,0.00,13.46,0.00,0.00,5.77,0.00,0.00,0.00,61.54
04:19:53,14,16.50,0.00,14.56,0.00,0.00,5.83,0.00,0.00,0.00,63.11
04:19:53,15,18.45,0.00,13.59,0.00,0.00,4.85,0.00,0.00,0.00,63.11
04:19:54,4,17.92,0.00,15.09,0.00,0.00,5.66,0.00,0.00,0.00,61.32
04:19:54,5,18.45,0.00,14.56,0.00,0.00,4.85,0.00,0.00,0.00,62.14
04:19:54,6,17.31,0.00,13.46,0.00,0.00,5.77,0.00,0.00,0.00,63.46
04:19:54,7,16.35,0.00,14.42,0.00,0.00,5.77,0.00,0.00,0.00,63.46
04:19:54,12,19.42,0.00,13.59,0.00,0.00,4.85,0.00,0.00,0.00,62.14
04:19:54,13,18.69,0.00,15.89,0.00,0.00,5.61,0.00,0.00,0.00,59.81
04:19:54,14,17.14,0.00,14.29,0.00,0.00,5.71,0.00,0.00,0.00,62.86
04:19:54,15,16.50,0.00,13.59,0.00,0.00,5.83,0.00,0.00,0.00,64.08
04:19:55,4,18.87,0.00,15.09,0.00,0.00,5.66,0.00,0.00,0.00,60.38
04:19:55,5,19.63,0.00,13.08,0.00,0.00,6.54,0.00,0.00,0.00,60.75
04:19:55,6,19.05,0.00,14.29,0.00,0.00,4.76,0.00,0.00,0.00,61.90
04:19:55,7,18.69,0.00,14.02,0.00,0.00,5.61,0.00,0.00,0.00,61.68
04:19:55,12,20.56,0.00,14.95,0.00,0.00,4.67,0.00,0.00,0.00,59.81
04:19:55,13,20.19,0.00,14.42,0.00,0.00,4.81,0.00,0.00,0.00,60.58
04:19:55,14,18.87,0.00,13.21,0.00,0.00,6.60,0.00,0.00,0.00,61.32
04:19:55,15,18.52,0.00,14.81,0.00,0.00,5.56,0.00,0.00,0.00,61.11
04:19:56,4,19.05,0.00,14.29,0.00,0.00,5.71,0.00,0.00,0.00,60.95
04:19:56,5,18.27,0.00,15.38,0.00,0.00,6.73,0.00,0.00,0.00,59.62
04:19:56,6,19.63,0.00,14.02,0.00,0.00,5.61,0.00,0.00,0.00,60.75
04:19:56,7,16.98,0.00,16.04,0.00,0.00,5.66,0.00,0.00,0.00,61.32
04:19:56,12,19.23,0.00,14.42,0.00,0.00,5.77,0.00,0.00,0.00,60.58
04:19:56,13,20.39,0.00,15.53,0.00,0.00,4.85,0.00,0.00,0.00,59.22
04:19:56,14,19.81,0.00,15.09,0.00,0.00,5.66,0.00,0.00,0.00,59.43
04:19:56,15,19.05,0.00,15.24,0.00,0.00,4.76,0.00,0.00,0.00,60.95
04:19:57,4,18.10,0.00,17.14,0.00,0.00,4.76,0.00,0.00,0.00,60.00
04:19:57,5,18.87,0.00,14.15,0.00,0.00,6.60,0.00,0.00,0.00,60.38
04:19:57,6,18.63,0.00,14.71,0.00,0.00,3.92,0.00,0.00,0.00,62.75
04:19:57,7,18.45,0.00,14.56,0.00,0.00,4.85,0.00,0.00,0.00,62.14
04:19:57,12,19.81,0.00,14.15,0.00,0.00,5.66,0.00,0.00,0.00,60.38
04:19:57,13,19.23,0.00,14.42,0.00,0.00,5.77,0.00,0.00,0.00,60.58
04:19:57,14,18.27,0.00,14.42,0.00,0.00,4.81,0.00,0.00,0.00,62.50
04:19:57,15,17.14,0.00,15.24,0.00,0.00,4.76,0.00,0.00,0.00,62.86
04:19:58,4,19.23,0.00,14.42,0.00,0.00,4.81,0.00,0.00,0.00,61.54
04:19:58,5,19.23,0.00,16.35,0.00,0.00,3.85,0.00,0.00,0.00,60.58
04:19:58,6,18.45,0.00,13.59,0.00,0.00,4.85,0.00,0.00,0.00,63.11
04:19:58,7,18.10,0.00,15.24,0.00,0.00,3.81,0.00,0.00,0.00,62.86
04:19:58,12,21.15,0.00,12.50,0.00,0.00,4.81,0.00,0.00,0.00,61.54
04:19:58,13,20.95,0.00,14.29,0.00,0.00,4.76,0.00,0.00,0.00,60.00
04:19:58,14,18.45,0.00,14.56,0.00,0.00,5.83,0.00,0.00,0.00,61.17
04:19:58,15,17.14,0.00,14.29,0.00,0.00,6.67,0.00,0.00,0.00,61.90
04:19:59,4,16.67,0.00,13.73,0.00,0.00,5.88,0.00,0.00,0.00,63.73
04:19:59,5,14.56,0.00,16.50,0.00,0.00,6.80,0.00,0.00,0.00,62.14
04:19:59,6,20.19,0.00,12.50,0.00,0.00,4.81,0.00,0.00,0.00,62.50
04:19:59,7,17.48,0.00,12.62,0.00,0.00,5.83,0.00,0.00,0.00,64.08
04:19:59,12,18.27,0.00,14.42,0.00,0.00,5.77,0.00,0.00,0.00,61.54
04:19:59,13,19.23,0.00,14.42,0.00,0.00,4.81,0.00,0.00,0.00,61.54
04:19:59,14,17.92,0.00,13.21,0.00,0.00,6.60,0.00,0.00,0.00,62.26
04:19:59,15,18.27,0.00,13.46,0.00,0.00,4.81,0.00,0.00,0.00,63.46
04:20:00,4,17.48,0.00,14.56,0.00,0.00,5.83,0.00,0.00,0.00,62.14
04:20:00,5,20.00,0.00,12.38,0.00,0.00,5.71,0.00,0.00,0.00,61.90
04:20:00,6,19.05,0.00,13.33,0.00,0.00,5.71,0.00,0.00,0.00,61.90
04:20:00,7,17.31,0.00,14.42,0.00,0.00,4.81,0.00,0.00,0.00,63.46
04:20:00,12,17.31,0.00,14.42,0.00,0.00,5.77,0.00,0.00,0.00,62.50
04:20:00,13,18.81,0.00,13.86,0.00,0.00,3.96,0.00,0.00,0.00,63.37
04:20:00,14,19.42,0.00,12.62,0.00,0.00,5.83,0.00,0.00,0.00,62.14
04:20:00,15,18.87,0.00,13.21,0.00,0.00,5.66,0.00,0.00,0.00,62.26
04:20:01,4,20.19,0.00,15.38,0.00,0.00,3.85,0.00,0.00,0.00,60.58
04:20:01,5,20.19,0.00,14.42,0.00,0.00,6.73,0.00,0.00,0.00,58.65
04:20:01,6,17.76,0.00,15.89,0.00,0.00,5.61,0.00,0.00,0.00,60.75
04:20:01,7,19.05,0.00,13.33,0.00,0.00,4.76,0.00,0.00,0.00,62.86
04:20:01,12,22.12,0.00,14.42,0.00,0.00,3.85,0.00,0.00,0.00,59.62
04:20:01,13,21.70,0.00,14.15,0.00,0.00,5.66,0.00,0.00,0.00,58.49
04:20:01,14,18.87,0.00,14.15,0.00,0.00,5.66,0.00,0.00,0.00,61.32
04:20:01,15,18.27,0.00,13.46,0.00,0.00,5.77,0.00,0.00,0.00,62.50
04:20:02,4,19.81,0.00,14.15,0.00,0.00,5.66,0.00,0.00,0.00,60.38
04:20:02,5,18.27,0.00,13.46,0.00,0.00,6.73,0.00,0.00,0.00,61.54
04:20:02,6,18.87,0.00,14.15,0.00,0.00,5.66,0.00,0.00,0.00,61.32
04:20:02,7,18.10,0.00,13.33,0.95,0.00,5.71,0.00,0.00,0.00,61.90
04:20:02,12,20.00,0.00,13.33,0.95,0.00,6.67,0.00,0.00,0.00,59.05
04:20:02,13,18.52,0.00,15.74,0.00,0.00,6.48,0.00,0.00,0.00,59.26
04:20:02,14,19.05,0.00,14.29,0.00,0.00,4.76,0.00,0.00,0.00,61.90
04:20:02,15,17.14,0.00,14.29,0.00,0.00,5.71,0.00,0.00,0.00,62.86
04:20:03,4,18.45,0.00,14.56,0.00,0.00,4.85,0.00,0.00,0.00,62.14
04:20:03,5,20.75,0.00,14.15,0.00,0.00,5.66,0.00,0.00,0.00,59.43
04:20:03,6,17.31,0.00,13.46,0.00,0.00,6.73,0.00,0.00,0.00,62.50
04:20:03,7,18.45,0.00,13.59,0.00,0.00,4.85,0.00,0.00,0.00,63.11
04:20:03,12,17.48,0.00,16.50,0.00,0.00,3.88,0.00,0.00,0.00,62.14
04:20:03,13,20.19,0.00,14.42,0.00,0.00,4.81,0.00,0.00,0.00,60.58
04:20:03,14,16.98,0.00,16.04,0.00,0.00,5.66,0.00,0.00,0.00,61.32
04:20:03,15,18.87,0.00,15.09,0.00,0.00,4.72,0.00,0.00,0.00,61.32
04:20:04,4,18.45,0.00,13.59,0.00,0.00,5.83,0.00,0.00,0.00,62.14
04:20:04,5,19.23,0.00,13.46,0.00,0.00,5.77,0.00,0.00,0.00,61.54
04:20:04,6,19.05,0.00,14.29,0.00,0.00,5.71,0.00,0.00,0.00,60.95
04:20:04,7,18.10,0.00,13.33,0.00,0.00,5.71,0.00,0.00,0.00,62.86
04:20:04,12,17.31,0.00,15.38,0.00,0.00,5.77,0.00,0.00,0.00,61.54
04:20:04,13,18.10,0.00,15.24,0.00,0.00,6.67,0.00,0.00,0.00,60.00
04:20:04,14,20.39,0.00,12.62,0.00,0.00,4.85,0.00,0.00,0.00,62.14
04:20:04,15,19.23,0.00,13.46,0.00,0.00,4.81,0.00,0.00,0.00,62.50
04:20:05,4,19.23,0.00,12.50,0.00,0.00,5.77,0.00,0.00,0.00,62.50
04:20:05,5,19.23,0.00,14.42,0.00,0.00,5.77,0.00,0.00,0.00,60.58
04:20:05,6,18.45,0.00,12.62,0.00,0.00,5.83,0.00,0.00,0.00,63.11
04:20:05,7,17.48,0.00,12.62,0.00,0.00,5.83,0.00,0.00,0.00,64.08
04:20:05,12,17.65,0.00,13.73,0.00,0.00,5.88,0.00,0.00,0.00,62.75
04:20:05,13,18.45,0.00,13.59,0.00,0.00,5.83,0.00,0.00,0.00,62.14
04:20:05,14,19.23,0.00,12.50,0.00,0.00,5.77,0.00,0.00,0.00,62.50
04:20:05,15,16.35,0.00,14.42,0.00,0.00,5.77,0.00,0.00,0.00,63.46
04:20:06,4,20.19,0.00,14.42,0.00,0.00,4.81,0.00,0.00,0.00,60.58
04:20:06,5,19.23,0.00,13.46,0.00,0.00,5.77,0.00,0.00,0.00,61.54
04:20:06,6,16.83,0.00,13.86,0.00,0.00,4.95,0.00,0.00,0.00,64.36
04:20:06,7,19.42,0.00,12.62,0.00,0.00,4.85,0.00,0.00,0.00,63.11
04:20:06,12,19.42,0.00,14.56,0.00,0.00,3.88,0.00,0.00,0.00,62.14
04:20:06,13,19.23,0.00,14.42,0.00,0.00,5.77,0.00,0.00,0.00,60.58
04:20:06,14,19.42,0.00,13.59,0.00,0.00,5.83,0.00,0.00,0.00,61.17
04:20:06,15,18.45,0.00,13.59,0.00,0.00,4.85,0.00,0.00,0.00,63.11
04:20:07,4,20.39,0.00,12.62,0.00,0.00,4.85,0.00,0.00,0.00,62.14
04:20:07,5,19.23,0.00,13.46,0.00,0.00,5.77,0.00,0.00,0.00,61.54
04:20:07,6,19.23,0.00,13.46,0.00,0.00,5.77,0.00,0.00,0.00,61.54
04:20:07,7,18.45,0.00,12.62,0.00,0.00,5.83,0.00,0.00,0.00,63.11
04:20:07,12,16.50,0.00,15.53,0.00,0.00,6.80,0.00,0.00,0.00,61.17
04:20:07,13,19.23,0.00,14.42,0.00,0.00,5.77,0.00,0.00,0.00,60.58
04:20:07,14,18.27,0.00,14.42,0.00,0.00,4.81,0.00,0.00,0.00,62.50
04:20:07,15,16.35,0.00,14.42,0.00,0.00,6.73,0.00,0.00,0.00,62.50
04:20:08,4,19.05,0.00,12.38,0.00,0.00,6.67,0.00,0.00,0.00,61.90
04:20:08,5,20.19,0.00,12.50,0.00,0.00,5.77,0.00,0.00,0.00,61.54
04:20:08,6,19.23,0.00,13.46,0.00,0.00,4.81,0.00,0.00,0.00,62.50
04:20:08,7,17.31,0.00,13.46,0.00,0.00,4.81,0.00,0.00,0.00,64.42
04:20:08,12,18.10,0.00,14.29,0.00,0.00,5.71,0.00,0.00,0.00,61.90
04:20:08,13,20.00,0.00,14.29,0.00,0.00,4.76,0.00,0.00,0.00,60.95
04:20:08,14,20.00,0.00,12.38,0.00,0.00,5.71,0.00,0.00,0.00,61.90
04:20:08,15,17.31,0.00,13.46,0.00,0.00,5.77,0.00,0.00,0.00,63.46
04:20:09,4,20.00,0.00,14.29,0.00,0.00,4.76,0.00,0.00,0.00,60.95
04:20:09,5,19.05,0.00,13.33,0.00,0.00,6.67,0.00,0.00,0.00,60.95
04:20:09,6,20.00,0.00,12.38,0.00,0.00,5.71,0.00,0.00,0.00,61.90
04:20:09,7,20.95,0.00,12.38,0.00,0.00,3.81,0.00,0.00,0.00,62.86
04:20:09,12,17.76,0.00,14.95,0.00,0.00,6.54,0.00,0.00,0.00,60.75
04:20:09,13,19.23,0.00,15.38,0.00,0.00,3.85,0.00,0.00,0.00,61.54
04:20:09,14,20.00,0.00,12.38,0.00,0.00,4.76,0.00,0.00,0.00,62.86
04:20:09,15,18.10,0.00,14.29,0.00,0.00,5.71,0.00,0.00,0.00,61.90
04:20:10,4,17.14,0.00,15.24,0.00,0.00,5.71,0.00,0.00,0.00,61.90
04:20:10,5,19.81,0.00,14.15,0.00,0.00,5.66,0.00,0.00,0.00,60.38
04:20:10,6,20.37,0.00,13.89,0.00,0.00,5.56,0.00,0.00,0.00,60.19
04:20:10,7,18.87,0.00,14.15,0.00,0.00,5.66,0.00,0.00,0.00,61.32
04:20:10,12,18.45,0.00,14.56,0.00,0.00,4.85,0.00,0.00,0.00,62.14
04:20:10,13,19.05,0.00,15.24,0.00,0.00,4.76,0.00,0.00,0.00,60.95
04:20:10,14,18.87,0.00,15.09,0.00,0.00,5.66,0.00,0.00,0.00,60.38
04:20:10,15,17.76,0.00,14.95,0.00,0.00,5.61,0.00,0.00,0.00,61.68
04:20:11,4,17.00,0.00,14.00,0.00,0.00,6.00,0.00,0.00,0.00,63.00
04:20:11,5,19.42,0.00,15.53,0.00,0.00,4.85,0.00,0.00,0.00,60.19
04:20:11,6,18.10,0.00,16.19,0.00,0.00,4.76,0.00,0.00,0.00,60.95
04:20:11,7,16.35,0.00,16.35,0.00,0.00,4.81,0.00,0.00,0.00,62.50
04:20:11,12,18.45,0.00,13.59,0.00,0.00,6.80,0.00,0.00,0.00,61.17
04:20:11,13,21.90,0.00,13.33,0.00,0.00,5.71,0.00,0.00,0.00,59.05
04:20:11,14,19.05,0.00,14.29,0.00,0.00,5.71,0.00,0.00,0.00,60.95
04:20:11,15,16.67,0.00,14.71,0.00,0.00,4.90,0.00,0.00,0.00,63.73
04:20:12,4,18.10,0.00,15.24,0.00,0.00,5.71,0.00,0.00,0.00,60.95
04:20:12,5,19.81,0.00,14.15,0.00,0.00,5.66,0.00,0.00,0.00,60.38
04:20:12,6,18.52,0.00,15.74,0.00,0.00,5.56,0.00,0.00,0.00,60.19
04:20:12,7,16.82,0.00,14.95,0.00,0.00,6.54,0.00,0.00,0.00,61.68
04:20:12,12,18.87,0.00,14.15,0.94,0.00,6.60,0.00,0.00,0.00,59.43
04:20:12,13,19.42,0.00,15.53,0.00,0.00,4.85,0.00,0.00,0.00,60.19
04:20:12,14,16.35,0.00,16.35,0.00,0.00,4.81,0.00,0.00,0.00,62.50
04:20:12,15,17.14,0.00,14.29,0.00,0.00,6.67,0.00,0.00,0.00,61.90
04:20:13,4,19.23,0.00,12.50,0.00,0.00,5.77,0.00,0.00,0.00,62.50
04:20:13,5,18.45,0.00,14.56,0.00,0.00,4.85,0.00,0.00,0.00,62.14
04:20:13,6,17.65,0.00,13.73,0.00,0.00,4.90,0.00,0.00,0.00,63.73
04:20:13,7,18.27,0.00,14.42,0.00,0.00,4.81,0.00,0.00,0.00,62.50
04:20:13,12,18.87,0.00,14.15,0.00,0.00,5.66,0.00,0.00,0.00,61.32
04:20:13,13,18.87,0.00,14.15,0.00,0.00,6.60,0.00,0.00,0.00,60.38
04:20:13,14,18.69,0.00,14.95,0.00,0.00,5.61,0.00,0.00,0.00,60.75
04:20:13,15,18.10,0.00,14.29,0.00,0.00,4.76,0.00,0.00,0.00,62.86
04:20:14,4,18.00,0.00,12.00,0.00,0.00,6.00,0.00,0.00,0.00,64.00
04:20:14,5,18.27,0.00,15.38,0.00,0.00,4.81,0.00,0.00,0.00,61.54
04:20:14,6,19.81,0.00,14.15,0.00,0.00,4.72,0.00,0.00,0.00,61.32
04:20:14,7,17.48,0.00,13.59,0.00,0.00,4.85,0.00,0.00,0.00,64.08
04:20:14,12,18.81,0.00,12.87,0.00,0.00,5.94,0.00,0.00,0.00,62.38
04:20:14,13,17.31,0.00,15.38,0.00,0.00,6.73,0.00,0.00,0.00,60.58
04:20:14,14,17.48,0.00,13.59,0.00,0.00,5.83,0.00,0.00,0.00,63.11
04:20:14,15,18.27,0.00,13.46,0.00,0.00,5.77,0.00,0.00,0.00,62.50
04:20:15,4,16.98,0.00,15.09,0.00,0.00,5.66,0.00,0.00,0.00,62.26
04:20:15,5,19.23,0.00,12.50,0.00,0.00,6.73,0.00,0.00,0.00,61.54
04:20:15,6,17.14,0.00,16.19,0.00,0.00,4.76,0.00,0.00,0.00,61.90
04:20:15,7,17.92,0.00,14.15,0.00,0.00,5.66,0.00,0.00,0.00,62.26
04:20:15,12,20.00,0.00,13.33,0.00,0.00,5.71,0.00,0.00,0.00,60.95
04:20:15,13,18.27,0.00,14.42,0.00,0.00,4.81,0.00,0.00,0.00,62.50
04:20:15,14,19.23,0.00,14.42,0.00,0.00,4.81,0.00,0.00,0.00,61.54
04:20:15,15,17.31,0.00,14.42,0.00,0.00,4.81,0.00,0.00,0.00,63.46
04:20:16,4,19.23,0.00,15.38,0.00,0.00,4.81,0.00,0.00,0.00,60.58
04:20:16,5,17.65,0.00,14.71,0.00,0.00,5.88,0.00,0.00,0.00,61.76
04:20:16,6,18.27,0.00,13.46,0.00,0.00,5.77,0.00,0.00,0.00,62.50
04:20:16,7,19.05,0.00,13.33,0.00,0.00,5.71,0.00,0.00,0.00,61.90
04:20:16,12,20.19,0.00,15.38,0.00,0.00,4.81,0.00,0.00,0.00,59.62
04:20:16,13,19.42,0.00,15.53,0.00,0.00,5.83,0.00,0.00,0.00,59.22
04:20:16,14,17.14,0.00,14.29,0.00,0.00,6.67,0.00,0.00,0.00,61.90
04:20:16,15,19.05,0.00,12.38,0.00,0.00,6.67,0.00,0.00,0.00,61.90
04:20:17,4,17.82,0.00,12.87,0.00,0.00,5.94,0.00,0.00,0.00,63.37
04:20:17,5,15.53,0.00,15.53,0.00,0.00,7.77,0.00,0.00,0.00,61.17
04:20:17,6,18.27,0.00,14.42,0.00,0.00,5.77,0.00,0.00,0.00,61.54
04:20:17,7,17.14,0.00,14.29,1.90,0.00,5.71,0.00,0.00,0.00,60.95
04:20:17,12,20.19,0.00,12.50,0.00,0.00,5.77,0.00,0.00,0.00,61.54
04:20:17,13,19.23,0.00,13.46,0.00,0.00,5.77,0.00,0.00,0.00,61.54
04:20:17,14,20.75,0.00,13.21,0.94,0.00,5.66,0.00,0.00,0.00,59.43
04:20:17,15,16.19,0.00,15.24,0.00,0.00,5.71,0.00,0.00,0.00,62.86
04:20:18,4,17.48,0.00,14.56,0.00,0.00,5.83,0.00,0.00,0.00,62.14
04:20:18,5,22.33,0.00,12.62,0.00,0.00,3.88,0.00,0.00,0.00,61.17
04:20:18,6,18.45,0.00,14.56,0.00,0.00,3.88,0.00,0.00,0.00,63.11
04:20:18,7,17.76,0.00,14.95,0.00,0.00,5.61,0.00,0.00,0.00,61.68
04:20:18,12,20.00,0.00,14.29,0.00,0.00,5.71,0.00,0.00,0.00,60.00
04:20:18,13,18.45,0.00,14.56,0.00,0.00,4.85,0.00,0.00,0.00,62.14
04:20:18,14,18.63,0.00,12.75,0.00,0.00,4.90,0.00,0.00,0.00,63.73
04:20:18,15,20.19,0.00,12.50,0.00,0.00,4.81,0.00,0.00,0.00,62.50
04:20:19,4,3.00,0.00,2.00,0.00,0.00,0.00,0.00,0.00,0.00,95.00
04:20:19,5,1.98,0.00,2.97,0.00,0.00,0.99,0.00,0.00,0.00,94.06
04:20:19,6,1.98,0.00,1.98,0.00,0.00,0.99,0.00,0.00,0.00,95.05
04:20:19,7,3.03,0.00,1.01,0.00,0.00,0.00,0.00,0.00,0.00,95.96
04:20:19,12,2.00,0.00,2.00,0.00,0.00,0.00,0.00,0.00,0.00,96.00
04:20:19,13,3.00,0.00,1.00,0.00,0.00,0.00,0.00,0.00,0.00,96.00
04:20:19,14,2.00,0.00,2.00,0.00,0.00,1.00,0.00,0.00,0.00,95.00
04:20:19,15,1.98,0.00,1.98,0.00,0.00,0.99,0.00,0.00,0.00,95.05
