02:11:03,CPU,%usr,%nice,%sys,%iowait,%irq,%soft,%steal,%guest,%gnice,%idle
02:11:04,4,6.06,0.00,5.05,1.01,0.00,0.00,0.00,0.00,0.00,87.88
02:11:04,5,13.40,0.00,6.19,0.00,0.00,0.00,0.00,0.00,0.00,80.41
02:11:04,6,3.03,0.00,2.02,0.00,0.00,0.00,0.00,0.00,0.00,94.95
02:11:04,7,3.06,0.00,2.04,0.00,0.00,0.00,0.00,0.00,0.00,94.90
02:11:04,12,5.05,0.00,3.03,0.00,0.00,0.00,0.00,0.00,0.00,91.92
02:11:04,13,4.00,0.00,2.00,0.00,0.00,1.00,0.00,0.00,0.00,93.00
02:11:04,14,3.03,0.00,3.03,0.00,0.00,0.00,0.00,0.00,0.00,93.94
02:11:04,15,2.02,0.00,3.03,0.00,0.00,0.00,0.00,0.00,0.00,94.95
02:11:05,4,3.03,0.00,2.02,0.00,0.00,1.01,0.00,0.00,0.00,93.94
02:11:05,5,13.00,0.00,4.00,0.00,0.00,1.00,0.00,0.00,0.00,82.00
02:11:05,6,3.03,0.00,2.02,0.00,0.00,1.01,0.00,0.00,0.00,93.94
02:11:05,7,3.00,0.00,3.00,0.00,0.00,1.00,0.00,0.00,0.00,93.00
02:11:05,12,3.03,0.00,2.02,0.00,0.00,1.01,0.00,0.00,0.00,93.94
02:11:05,13,2.97,0.00,3.96,0.00,0.00,0.00,0.00,0.00,0.00,93.07
02:11:05,14,3.96,0.00,2.97,0.00,0.00,0.99,0.00,0.00,0.00,92.08
02:11:05,15,3.00,0.00,2.00,0.00,0.00,1.00,0.00,0.00,0.00,94.00
02:11:06,4,3.06,0.00,2.04,0.00,0.00,1.02,0.00,0.00,0.00,93.88
02:11:06,5,3.03,0.00,4.04,0.00,0.00,0.00,0.00,0.00,0.00,92.93
02:11:06,6,4.04,0.00,2.02,0.00,0.00,1.01,0.00,0.00,0.00,92.93
02:11:06,7,3.06,0.00,2.04,0.00,0.00,0.00,0.00,0.00,0.00,94.90
02:11:06,12,4.04,0.00,2.02,0.00,0.00,1.01,0.00,0.00,0.00,92.93
02:11:06,13,4.04,0.00,2.02,0.00,0.00,1.01,0.00,0.00,0.00,92.93
02:11:06,14,3.03,0.00,2.02,0.00,0.00,1.01,0.00,0.00,0.00,93.94
02:11:06,15,3.03,0.00,2.02,0.00,0.00,1.01,0.00,0.00,0.00,93.94
02:11:07,4,4.00,0.00,2.00,0.00,0.00,1.00,0.00,0.00,0.00,93.00
02:11:07,5,4.04,0.00,4.04,0.00,0.00,1.01,0.00,0.00,0.00,90.91
02:11:07,6,3.03,0.00,2.02,0.00,0.00,1.01,0.00,0.00,0.00,93.94
02:11:07,7,3.09,0.00,2.06,0.00,0.00,1.03,0.00,0.00,0.00,93.81
02:11:07,12,3.03,0.00,3.03,0.00,0.00,0.00,0.00,0.00,0.00,93.94
02:11:07,13,4.04,0.00,2.02,0.00,0.00,1.01,0.00,0.00,0.00,92.93
02:11:07,14,4.00,0.00,3.00,0.00,0.00,1.00,0.00,0.00,0.00,92.00
02:11:07,15,2.02,0.00,3.03,0.00,0.00,1.01,0.00,0.00,0.00,93.94
02:11:08,4,3.06,0.00,2.04,0.00,0.00,1.02,0.00,0.00,0.00,93.88
02:11:08,5,3.03,0.00,3.03,0.00,0.00,1.01,0.00,0.00,0.00,92.93
02:11:08,6,3.06,0.00,2.04,0.00,0.00,1.02,0.00,0.00,0.00,93.88
02:11:08,7,3.03,0.00,2.02,0.00,0.00,1.01,0.00,0.00,0.00,93.94
02:11:08,12,3.06,0.00,2.04,0.00,0.00,1.02,0.00,0.00,0.00,93.88
02:11:08,13,4.00,0.00,3.00,0.00,0.00,1.00,0.00,0.00,0.00,92.00
02:11:08,14,4.08,0.00,2.04,0.00,0.00,0.00,0.00,0.00,0.00,93.88
02:11:08,15,3.03,0.00,2.02,0.00,0.00,1.01,0.00,0.00,0.00,93.94
02:11:09,4,4.08,0.00,3.06,0.00,0.00,1.02,0.00,0.00,0.00,91.84
02:11:09,5,3.06,0.00,3.06,0.00,0.00,1.02,0.00,0.00,0.00,92.86
02:11:09,6,4.00,0.00,3.00,0.00,0.00,1.00,0.00,0.00,0.00,92.00
02:11:09,7,2.02,0.00,3.03,0.00,0.00,1.01,0.00,0.00,0.00,93.94
02:11:09,12,3.96,0.00,3.96,0.00,0.00,0.99,0.00,0.00,0.00,91.09
02:11:09,13,5.10,0.00,2.04,0.00,0.00,0.00,0.00,0.00,0.00,92.86
02:11:09,14,5.00,0.00,4.00,0.00,0.00,1.00,0.00,0.00,0.00,90.00
02:11:09,15,3.09,0.00,1.03,0.00,0.00,1.03,0.00,0.00,0.00,94.85
02:11:10,4,3.03,0.00,3.03,0.00,0.00,1.01,0.00,0.00,0.00,92.93
02:11:10,5,6.06,0.00,3.03,0.00,0.00,1.01,0.00,0.00,0.00,89.90
02:11:10,6,3.03,0.00,2.02,0.00,0.00,1.01,0.00,0.00,0.00,93.94
02:11:10,7,3.09,0.00,2.06,0.00,0.00,0.00,0.00,0.00,0.00,94.85
02:11:10,12,3.03,0.00,2.02,0.00,0.00,1.01,0.00,0.00,0.00,93.94
02:11:10,13,2.04,0.00,3.06,0.00,0.00,1.02,0.00,0.00,0.00,93.88
02:11:10,14,3.06,0.00,2.04,0.00,0.00,1.02,0.00,0.00,0.00,93.88
02:11:10,15,3.06,0.00,2.04,0.00,0.00,0.00,0.00,0.00,0.00,94.90
02:11:11,4,4.04,0.00,2.02,0.00,0.00,0.00,0.00,0.00,0.00,93.94
02:11:11,5,2.02,0.00,4.04,0.00,0.00,1.01,0.00,0.00,0.00,92.93
02:11:11,6,3.03,0.00,3.03,0.00,0.00,1.01,0.00,0.00,0.00,92.93
02:11:11,7,2.04,0.00,3.06,0.00,0.00,1.02,0.00,0.00,0.00,93.88
02:11:11,12,4.08,0.00,2.04,0.00,0.00,0.00,0.00,0.00,0.00,93.88
02:11:11,13,3.03,0.00,3.03,0.00,0.00,1.01,0.00,0.00,0.00,92.93
02:11:11,14,3.00,0.00,3.00,0.00,0.00,1.00,0.00,0.00,0.00,93.00
02:11:11,15,2.02,0.00,3.03,0.00,0.00,1.01,0.00,0.00,0.00,93.94
02:11:12,4,3.06,0.00,3.06,0.00,0.00,0.00,0.00,0.00,0.00,93.88
02:11:12,5,3.06,0.00,2.04,0.00,0.00,1.02,0.00,0.00,0.00,93.88
02:11:12,6,3.00,0.00,3.00,0.00,0.00,1.00,0.00,0.00,0.00,93.00
02:11:12,7,3.00,0.00,3.00,0.00,0.00,1.00,0.00,0.00,0.00,93.00
02:11:12,12,4.00,0.00,3.00,0.00,0.00,1.00,0.00,0.00,0.00,92.00
02:11:12,13,4.04,0.00,2.02,0.00,0.00,1.01,0.00,0.00,0.00,92.93
02:11:12,14,3.03,0.00,3.03,0.00,0.00,0.00,0.00,0.00,0.00,93.94
02:11:12,15,3.03,0.00,3.03,0.00,0.00,0.00,0.00,0.00,0.00,93.94
02:11:13,4,3.09,0.00,2.06,0.00,0.00,1.03,0.00,0.00,0.00,93.81
02:11:13,5,4.00,0.00,4.00,0.00,0.00,1.00,0.00,0.00,0.00,91.00
02:11:13,6,3.09,0.00,1.03,0.00,0.00,1.03,0.00,0.00,0.00,94.85
02:11:13,7,3.96,0.00,2.97,0.00,0.00,0.99,0.00,0.00,0.00,92.08
02:11:13,12,3.03,0.00,3.03,0.00,0.00,1.01,0.00,0.00,0.00,92.93
02:11:13,13,4.00,0.00,2.00,0.00,0.00,1.00,0.00,0.00,0.00,93.00
02:11:13,14,3.06,0.00,1.02,0.00,0.00,1.02,0.00,0.00,0.00,94.90
02:11:13,15,3.03,0.00,3.03,0.00,0.00,1.01,0.00,0.00,0.00,92.93
02:11:14,4,3.96,0.00,3.96,0.99,0.00,0.99,0.00,0.00,0.00,90.10
02:11:14,5,5.10,0.00,4.08,0.00,0.00,1.02,0.00,0.00,0.00,89.80
02:11:14,6,4.00,0.00,3.00,0.00,0.00,1.00,0.00,0.00,0.00,92.00
02:11:14,7,6.06,0.00,3.03,0.00,0.00,0.00,0.00,0.00,0.00,90.91
02:11:14,12,3.06,0.00,3.06,0.00,0.00,0.00,0.00,0.00,0.00,93.88
02:11:14,13,5.00,0.00,2.00,0.00,0.00,1.00,0.00,0.00,0.00,92.00
02:11:14,14,3.00,0.00,4.00,0.00,0.00,1.00,0.00,0.00,0.00,92.00
02:11:14,15,4.04,0.00,2.02,0.00,0.00,1.01,0.00,0.00,0.00,92.93
02:11:15,4,3.03,0.00,2.02,0.00,0.00,1.01,0.00,0.00,0.00,93.94
02:11:15,5,3.06,0.00,2.04,0.00,0.00,1.02,0.00,0.00,0.00,93.88
02:11:15,6,3.06,0.00,2.04,0.00,0.00,0.00,0.00,0.00,0.00,94.90
02:11:15,7,2.06,0.00,2.06,0.00,0.00,1.03,0.00,0.00,0.00,94.85
02:11:15,12,4.00,0.00,2.00,0.00,0.00,1.00,0.00,0.00,0.00,93.00
02:11:15,13,2.04,0.00,4.08,0.00,0.00,1.02,0.00,0.00,0.00,92.86
02:11:15,14,3.06,0.00,2.04,0.00,0.00,1.02,0.00,0.00,0.00,93.88
02:11:15,15,2.02,0.00,2.02,0.00,0.00,1.01,0.00,0.00,0.00,94.95
02:11:16,4,3.06,0.00,3.06,0.00,0.00,0.00,0.00,0.00,0.00,93.88
02:11:16,5,2.06,0.00,2.06,0.00,0.00,1.03,0.00,0.00,0.00,94.85
02:11:16,6,2.00,0.00,4.00,0.00,0.00,1.00,0.00,0.00,0.00,93.00
02:11:16,7,2.00,0.00,3.00,0.00,0.00,1.00,0.00,0.00,0.00,94.00
02:11:16,12,2.02,0.00,3.03,0.00,0.00,1.01,0.00,0.00,0.00,93.94
02:11:16,13,2.06,0.00,2.06,0.00,0.00,1.03,0.00,0.00,0.00,94.85
02:11:16,14,3.03,0.00,3.03,0.00,0.00,1.01,0.00,0.00,0.00,92.93
02:11:16,15,2.06,0.00,3.09,0.00,0.00,0.00,0.00,0.00,0.00,94.85
02:11:17,4,3.00,0.00,3.00,0.00,0.00,1.00,0.00,0.00,0.00,93.00
02:11:17,5,3.09,0.00,3.09,0.00,0.00,0.00,0.00,0.00,0.00,93.81
02:11:17,6,3.06,0.00,2.04,0.00,0.00,1.02,0.00,0.00,0.00,93.88
02:11:17,7,2.04,0.00,2.04,0.00,0.00,1.02,0.00,0.00,0.00,94.90
02:11:17,12,3.03,0.00,3.03,0.00,0.00,1.01,0.00,0.00,0.00,92.93
02:11:17,13,3.03,0.00,3.03,0.00,0.00,1.01,0.00,0.00,0.00,92.93
02:11:17,14,3.00,0.00,2.00,0.00,0.00,1.00,0.00,0.00,0.00,94.00
02:11:17,15,3.03,0.00,2.02,0.00,0.00,1.01,0.00,0.00,0.00,93.94
02:11:18,4,3.03,0.00,3.03,0.00,0.00,1.01,0.00,0.00,0.00,92.93
02:11:18,5,2.02,0.00,4.04,0.00,0.00,1.01,0.00,0.00,0.00,92.93
02:11:18,6,3.06,0.00,2.04,0.00,0.00,1.02,0.00,0.00,0.00,93.88
02:11:18,7,3.03,0.00,2.02,0.00,0.00,1.01,0.00,0.00,0.00,93.94
02:11:18,12,3.09,0.00,2.06,0.00,0.00,0.00,0.00,0.00,0.00,94.85
02:11:18,13,3.06,0.00,3.06,0.00,0.00,1.02,0.00,0.00,0.00,92.86
02:11:18,14,2.06,0.00,3.09,0.00,0.00,0.00,0.00,0.00,0.00,94.85
02:11:18,15,4.00,0.00,3.00,0.00,0.00,1.00,0.00,0.00,0.00,92.00
02:11:19,4,5.00,0.00,4.00,1.00,0.00,1.00,0.00,0.00,0.00,89.00
02:11:19,5,5.15,0.00,3.09,0.00,0.00,1.03,0.00,0.00,0.00,90.72
02:11:19,6,4.00,0.00,3.00,0.00,0.00,1.00,0.00,0.00,0.00,92.00
02:11:19,7,3.06,0.00,2.04,0.00,0.00,1.02,0.00,0.00,0.00,93.88
02:11:19,12,3.03,0.00,3.03,0.00,0.00,1.01,0.00,0.00,0.00,92.93
02:11:19,13,3.03,0.00,3.03,1.01,0.00,1.01,0.00,0.00,0.00,91.92
02:11:19,14,3.03,0.00,2.02,0.00,0.00,1.01,0.00,0.00,0.00,93.94
02:11:19,15,3.03,0.00,2.02,0.00,0.00,1.01,0.00,0.00,0.00,93.94
02:11:20,4,3.00,0.00,3.00,0.00,0.00,1.00,0.00,0.00,0.00,93.00
02:11:20,5,4.04,0.00,2.02,0.00,0.00,1.01,0.00,0.00,0.00,92.93
02:11:20,6,3.09,0.00,2.06,0.00,0.00,0.00,0.00,0.00,0.00,94.85
02:11:20,7,2.04,0.00,3.06,0.00,0.00,1.02,0.00,0.00,0.00,93.88
02:11:20,12,4.00,0.00,2.00,0.00,0.00,1.00,0.00,0.00,0.00,93.00
02:11:20,13,3.03,0.00,2.02,0.00,0.00,1.01,0.00,0.00,0.00,93.94
02:11:20,14,3.06,0.00,2.04,0.00,0.00,1.02,0.00,0.00,0.00,93.88
02:11:20,15,3.00,0.00,3.00,0.00,0.00,1.00,0.00,0.00,0.00,93.00
02:11:21,4,3.09,0.00,2.06,0.00,0.00,0.00,0.00,0.00,0.00,94.85
02:11:21,5,3.06,0.00,3.06,0.00,0.00,0.00,0.00,0.00,0.00,93.88
02:11:21,6,3.96,0.00,2.97,0.00,0.00,0.99,0.00,0.00,0.00,92.08
02:11:21,7,3.00,0.00,2.00,0.00,0.00,1.00,0.00,0.00,0.00,94.00
02:11:21,12,2.06,0.00,2.06,0.00,0.00,1.03,0.00,0.00,0.00,94.85
02:11:21,13,4.08,0.00,2.04,0.00,0.00,0.00,0.00,0.00,0.00,93.88
02:11:21,14,2.02,0.00,3.03,0.00,0.00,1.01,0.00,0.00,0.00,93.94
02:11:21,15,3.03,0.00,3.03,0.00,0.00,1.01,0.00,0.00,0.00,92.93
02:11:22,4,4.00,0.00,2.00,0.00,0.00,2.00,0.00,0.00,0.00,92.00
02:11:22,5,2.97,0.00,2.97,0.00,0.00,1.98,0.00,0.00,0.00,92.08
02:11:22,6,2.04,0.00,2.04,0.00,0.00,1.02,0.00,0.00,0.00,94.90
02:11:22,7,3.96,0.00,2.97,0.00,0.00,0.99,0.00,0.00,0.00,92.08
02:11:22,12,4.00,0.00,3.00,0.00,0.00,1.00,0.00,0.00,0.00,92.00
02:11:22,13,3.03,0.00,3.03,0.00,0.00,1.01,0.00,0.00,0.00,92.93
02:11:22,14,3.03,0.00,2.02,0.00,0.00,2.02,0.00,0.00,0.00,92.93
02:11:22,15,3.03,0.00,2.02,0.00,0.00,1.01,0.00,0.00,0.00,93.94
02:11:23,4,3.06,0.00,3.06,0.00,0.00,0.00,0.00,0.00,0.00,93.88
02:11:23,5,4.04,0.00,3.03,0.00,0.00,1.01,0.00,0.00,0.00,91.92
02:11:23,6,3.06,0.00,2.04,0.00,0.00,1.02,0.00,0.00,0.00,93.88
02:11:23,7,4.08,0.00,2.04,0.00,0.00,0.00,0.00,0.00,0.00,93.88
02:11:23,12,2.04,0.00,3.06,0.00,0.00,0.00,0.00,0.00,0.00,94.90
02:11:23,13,3.03,0.00,2.02,0.00,0.00,1.01,0.00,0.00,0.00,93.94
02:11:23,14,3.09,0.00,2.06,0.00,0.00,0.00,0.00,0.00,0.00,94.85
02:11:23,15,3.06,0.00,2.04,0.00,0.00,0.00,0.00,0.00,0.00,94.90
02:11:24,4,4.04,0.00,3.03,0.00,0.00,1.01,0.00,0.00,0.00,91.92
02:11:24,5,6.25,0.00,3.12,0.00,0.00,0.00,0.00,0.00,0.00,90.62
02:11:24,6,4.12,0.00,2.06,0.00,0.00,0.00,0.00,0.00,0.00,93.81
02:11:24,7,3.03,0.00,2.02,0.00,0.00,1.01,0.00,0.00,0.00,93.94
02:11:24,12,4.95,0.00,1.98,0.00,0.00,1.98,0.00,0.00,0.00,91.09
02:11:24,13,4.04,0.00,3.03,0.00,0.00,1.01,0.00,0.00,0.00,91.92
02:11:24,14,2.04,0.00,3.06,0.00,0.00,1.02,0.00,0.00,0.00,93.88
02:11:24,15,3.03,0.00,3.03,0.00,0.00,1.01,0.00,0.00,0.00,92.93
02:11:25,4,3.00,0.00,2.00,0.00,0.00,2.00,0.00,0.00,0.00,93.00
02:11:25,5,3.03,0.00,3.03,0.00,0.00,1.01,0.00,0.00,0.00,92.93
02:11:25,6,3.00,0.00,2.00,0.00,0.00,2.00,0.00,0.00,0.00,93.00
02:11:25,7,3.03,0.00,2.02,0.00,0.00,1.01,0.00,0.00,0.00,93.94
02:11:25,12,2.08,0.00,2.08,0.00,0.00,0.00,0.00,0.00,0.00,95.83
02:11:25,13,2.06,0.00,2.06,0.00,0.00,1.03,0.00,0.00,0.00,94.85
02:11:25,14,3.06,0.00,2.04,0.00,0.00,1.02,0.00,0.00,0.00,93.88
02:11:25,15,3.03,0.00,2.02,0.00,0.00,1.01,0.00,0.00,0.00,93.94
02:11:26,4,2.06,0.00,2.06,0.00,0.00,1.03,0.00,0.00,0.00,94.85
02:11:26,5,3.03,0.00,3.03,0.00,0.00,1.01,0.00,0.00,0.00,92.93
02:11:26,6,3.03,0.00,3.03,0.00,0.00,1.01,0.00,0.00,0.00,92.93
02:11:26,7,3.06,0.00,2.04,0.00,0.00,1.02,0.00,0.00,0.00,93.88
02:11:26,12,3.00,0.00,3.00,0.00,0.00,1.00,0.00,0.00,0.00,93.00
02:11:26,13,5.00,0.00,2.00,0.00,0.00,1.00,0.00,0.00,0.00,92.00
02:11:26,14,3.00,0.00,3.00,0.00,0.00,1.00,0.00,0.00,0.00,93.00
02:11:26,15,3.00,0.00,3.00,0.00,0.00,1.00,0.00,0.00,0.00,93.00
02:11:27,4,4.04,0.00,2.02,0.00,0.00,1.01,0.00,0.00,0.00,92.93
02:11:27,5,4.04,0.00,2.02,0.00,0.00,1.01,0.00,0.00,0.00,92.93
02:11:27,6,3.06,0.00,2.04,0.00,0.00,0.00,0.00,0.00,0.00,94.90
02:11:27,7,2.02,0.00,3.03,0.00,0.00,1.01,0.00,0.00,0.00,93.94
02:11:27,12,3.06,0.00,2.04,0.00,0.00,1.02,0.00,0.00,0.00,93.88
02:11:27,13,2.08,0.00,2.08,0.00,0.00,0.00,0.00,0.00,0.00,95.83
02:11:27,14,2.04,0.00,4.08,0.00,0.00,0.00,0.00,0.00,0.00,93.88
02:11:27,15,4.00,0.00,3.00,0.00,0.00,1.00,0.00,0.00,0.00,92.00
02:11:28,4,4.00,0.00,3.00,0.00,0.00,1.00,0.00,0.00,0.00,92.00
02:11:28,5,2.04,0.00,3.06,0.00,0.00,1.02,0.00,0.00,0.00,93.88
02:11:28,6,3.03,0.00,3.03,0.00,0.00,1.01,0.00,0.00,0.00,92.93
02:11:28,7,3.03,0.00,2.02,0.00,0.00,1.01,0.00,0.00,0.00,93.94
02:11:28,12,4.08,0.00,2.04,0.00,0.00,0.00,0.00,0.00,0.00,93.88
02:11:28,13,3.00,0.00,3.00,0.00,0.00,2.00,0.00,0.00,0.00,92.00
02:11:28,14,3.03,0.00,2.02,0.00,0.00,1.01,0.00,0.00,0.00,93.94
02:11:28,15,3.03,0.00,2.02,0.00,0.00,1.01,0.00,0.00,0.00,93.94
02:11:29,4,3.16,0.00,2.11,0.00,0.00,0.00,0.00,0.00,0.00,94.74
02:11:29,5,6.19,0.00,3.09,0.00,0.00,0.00,0.00,0.00,0.00,90.72
02:11:29,6,5.94,0.00,2.97,0.00,0.00,0.99,0.00,0.00,0.00,90.10
02:11:29,7,3.03,0.00,3.03,0.00,0.00,1.01,0.00,0.00,0.00,92.93
02:11:29,12,3.03,0.00,4.04,2.02,0.00,1.01,0.00,0.00,0.00,89.90
02:11:29,13,3.09,0.00,3.09,1.03,0.00,0.00,0.00,0.00,0.00,92.78
02:11:29,14,3.03,0.00,3.03,0.00,0.00,1.01,0.00,0.00,0.00,92.93
02:11:29,15,3.03,0.00,2.02,0.00,0.00,1.01,0.00,0.00,0.00,93.94
02:11:30,4,4.04,0.00,2.02,0.00,0.00,1.01,0.00,0.00,0.00,92.93
02:11:30,5,3.03,0.00,4.04,0.00,0.00,1.01,0.00,0.00,0.00,91.92
02:11:30,6,3.09,0.00,2.06,0.00,0.00,0.00,0.00,0.00,0.00,94.85
02:11:30,7,4.00,0.00,2.00,0.00,0.00,1.00,0.00,0.00,0.00,93.00
02:11:30,12,5.05,0.00,2.02,0.00,0.00,0.00,0.00,0.00,0.00,92.93
02:11:30,13,3.06,0.00,2.04,0.00,0.00,1.02,0.00,0.00,0.00,93.88
02:11:30,14,2.06,0.00,2.06,0.00,0.00,1.03,0.00,0.00,0.00,94.85
02:11:30,15,3.06,0.00,3.06,0.00,0.00,0.00,0.00,0.00,0.00,93.88
02:11:31,4,3.03,0.00,3.03,0.00,0.00,0.00,0.00,0.00,0.00,93.94
02:11:31,5,3.00,0.00,4.00,0.00,0.00,1.00,0.00,0.00,0.00,92.00
02:11:31,6,3.03,0.00,3.03,0.00,0.00,1.01,0.00,0.00,0.00,92.93
02:11:31,7,3.00,0.00,3.00,0.00,0.00,1.00,0.00,0.00,0.00,93.00
02:11:31,12,2.02,0.00,3.03,0.00,0.00,1.01,0.00,0.00,0.00,93.94
02:11:31,13,3.03,0.00,2.02,0.00,0.00,1.01,0.00,0.00,0.00,93.94
02:11:31,14,4.04,0.00,2.02,0.00,0.00,0.00,0.00,0.00,0.00,93.94
02:11:31,15,2.02,0.00,3.03,0.00,0.00,1.01,0.00,0.00,0.00,93.94
02:11:32,4,4.00,0.00,3.00,0.00,0.00,1.00,0.00,0.00,0.00,92.00
02:11:32,5,4.08,0.00,2.04,0.00,0.00,0.00,0.00,0.00,0.00,93.88
02:11:32,6,3.03,0.00,2.02,0.00,0.00,1.01,0.00,0.00,0.00,93.94
02:11:32,7,2.02,0.00,3.03,0.00,0.00,1.01,0.00,0.00,0.00,93.94
02:11:32,12,3.03,0.00,2.02,0.00,0.00,1.01,0.00,0.00,0.00,93.94
02:11:32,13,4.04,0.00,2.02,0.00,0.00,1.01,0.00,0.00,0.00,92.93
02:11:32,14,3.00,0.00,3.00,0.00,0.00,1.00,0.00,0.00,0.00,93.00
02:11:32,15,3.06,0.00,2.04,0.00,0.00,0.00,0.00,0.00,0.00,94.90
02:11:33,4,3.03,0.00,2.02,0.00,0.00,1.01,0.00,0.00,0.00,93.94
02:11:33,5,3.06,0.00,2.04,0.00,0.00,1.02,0.00,0.00,0.00,93.88
02:11:33,6,4.00,0.00,2.00,0.00,0.00,1.00,0.00,0.00,0.00,93.00
02:11:33,7,4.04,0.00,2.02,0.00,0.00,0.00,0.00,0.00,0.00,93.94
02:11:33,12,3.03,0.00,3.03,0.00,0.00,1.01,0.00,0.00,0.00,92.93
02:11:33,13,3.00,0.00,3.00,0.00,0.00,1.00,0.00,0.00,0.00,93.00
02:11:33,14,3.03,0.00,2.02,0.00,0.00,2.02,0.00,0.00,0.00,92.93
02:11:33,15,3.00,0.00,3.00,0.00,0.00,1.00,0.00,0.00,0.00,93.00
02:11:34,4,4.04,0.00,2.02,0.00,0.00,1.01,0.00,0.00,0.00,92.93
02:11:34,5,4.95,0.00,2.97,0.99,0.00,1.98,0.00,0.00,0.00,89.11
02:11:34,6,4.04,0.00,3.03,0.00,0.00,1.01,0.00,0.00,0.00,91.92
02:11:34,7,3.03,0.00,3.03,0.00,0.00,1.01,0.00,0.00,0.00,92.93
02:11:34,12,3.06,0.00,3.06,0.00,0.00,0.00,0.00,0.00,0.00,93.88
02:11:34,13,5.05,0.00,3.03,0.00,0.00,1.01,0.00,0.00,0.00,90.91
02:11:34,14,5.00,0.00,3.00,0.00,0.00,1.00,0.00,0.00,0.00,91.00
02:11:34,15,3.09,0.00,2.06,0.00,0.00,0.00,0.00,0.00,0.00,94.85
02:11:35,4,3.06,0.00,3.06,0.00,0.00,0.00,0.00,0.00,0.00,93.88
02:11:35,5,2.06,0.00,2.06,0.00,0.00,1.03,0.00,0.00,0.00,94.85
02:11:35,6,3.03,0.00,2.02,0.00,0.00,1.01,0.00,0.00,0.00,93.94
02:11:35,7,4.00,0.00,3.00,0.00,0.00,0.00,0.00,0.00,0.00,93.00
02:11:35,12,3.96,0.00,2.97,0.00,0.00,0.99,0.00,0.00,0.00,92.08
02:11:35,13,2.02,0.00,3.03,0.00,0.00,1.01,0.00,0.00,0.00,93.94
02:11:35,14,4.04,0.00,2.02,0.00,0.00,1.01,0.00,0.00,0.00,92.93
02:11:35,15,3.00,0.00,3.00,0.00,0.00,1.00,0.00,0.00,0.00,93.00
02:11:36,4,4.00,0.00,3.00,0.00,0.00,1.00,0.00,0.00,0.00,92.00
02:11:36,5,3.06,0.00,3.06,0.00,0.00,0.00,0.00,0.00,0.00,93.88
02:11:36,6,3.06,0.00,3.06,0.00,0.00,0.00,0.00,0.00,0.00,93.88
02:11:36,7,3.96,0.00,2.97,0.00,0.00,0.99,0.00,0.00,0.00,92.08
02:11:36,12,3.06,0.00,2.04,0.00,0.00,1.02,0.00,0.00,0.00,93.88
02:11:36,13,4.08,0.00,2.04,0.00,0.00,0.00,0.00,0.00,0.00,93.88
02:11:36,14,3.06,0.00,2.04,0.00,0.00,0.00,0.00,0.00,0.00,94.90
02:11:36,15,2.04,0.00,3.06,0.00,0.00,1.02,0.00,0.00,0.00,93.88
02:11:37,4,4.08,0.00,2.04,0.00,0.00,0.00,0.00,0.00,0.00,93.88
02:11:37,5,2.06,0.00,3.09,0.00,0.00,1.03,0.00,0.00,0.00,93.81
02:11:37,6,2.02,0.00,3.03,0.00,0.00,1.01,0.00,0.00,0.00,93.94
02:11:37,7,3.03,0.00,2.02,0.00,0.00,1.01,0.00,0.00,0.00,93.94
02:11:37,12,3.06,0.00,2.04,0.00,0.00,1.02,0.00,0.00,0.00,93.88
02:11:37,13,3.03,0.00,3.03,0.00,0.00,1.01,0.00,0.00,0.00,92.93
02:11:37,14,4.00,0.00,2.00,0.00,0.00,1.00,0.00,0.00,0.00,93.00
02:11:37,15,3.03,0.00,3.03,0.00,0.00,1.01,0.00,0.00,0.00,92.93
02:11:38,4,2.02,0.00,4.04,0.00,0.00,1.01,0.00,0.00,0.00,92.93
02:11:38,5,3.03,0.00,3.03,0.00,0.00,1.01,0.00,0.00,0.00,92.93
02:11:38,6,3.06,0.00,2.04,0.00,0.00,1.02,0.00,0.00,0.00,93.88
02:11:38,7,3.09,0.00,2.06,0.00,0.00,0.00,0.00,0.00,0.00,94.85
02:11:38,12,3.06,0.00,2.04,0.00,0.00,0.00,0.00,0.00,0.00,94.90
02:11:38,13,2.06,0.00,2.06,0.00,0.00,1.03,0.00,0.00,0.00,94.85
02:11:38,14,2.06,0.00,3.09,0.00,0.00,0.00,0.00,0.00,0.00,94.85
02:11:38,15,3.00,0.00,3.00,0.00,0.00,1.00,0.00,0.00,0.00,93.00
02:11:39,4,4.04,0.00,2.02,0.00,0.00,1.01,0.00,0.00,0.00,92.93
02:11:39,5,4.17,0.00,1.04,0.00,0.00,1.04,0.00,0.00,0.00,93.75
02:11:39,6,3.03,0.00,2.02,2.02,0.00,1.01,0.00,0.00,0.00,91.92
02:11:39,7,2.04,0.00,3.06,0.00,0.00,1.02,0.00,0.00,0.00,93.88
02:11:39,12,3.03,0.00,3.03,0.00,0.00,1.01,0.00,0.00,0.00,92.93
02:11:39,13,2.02,0.00,4.04,0.00,0.00,1.01,0.00,0.00,0.00,92.93
02:11:39,14,3.03,0.00,2.02,0.00,0.00,1.01,0.00,0.00,0.00,93.94
02:11:39,15,4.00,0.00,4.00,0.00,0.00,1.00,0.00,0.00,0.00,91.00
02:11:40,4,3.06,0.00,2.04,0.00,0.00,1.02,0.00,0.00,0.00,93.88
02:11:40,5,3.06,0.00,3.06,0.00,0.00,1.02,0.00,0.00,0.00,92.86
02:11:40,6,3.06,0.00,2.04,0.00,0.00,1.02,0.00,0.00,0.00,93.88
02:11:40,7,3.96,0.00,2.97,0.00,0.00,0.99,0.00,0.00,0.00,92.08
02:11:40,12,3.06,0.00,2.04,0.00,0.00,1.02,0.00,0.00,0.00,93.88
02:11:40,13,3.06,0.00,2.04,0.00,0.00,1.02,0.00,0.00,0.00,93.88
02:11:40,14,3.00,0.00,3.00,0.00,0.00,1.00,0.00,0.00,0.00,93.00
02:11:40,15,3.06,0.00,2.04,0.00,0.00,0.00,0.00,0.00,0.00,94.90
02:11:41,4,4.00,0.00,2.00,0.00,0.00,2.00,0.00,0.00,0.00,92.00
02:11:41,5,3.00,0.00,4.00,0.00,0.00,1.00,0.00,0.00,0.00,92.00
02:11:41,6,3.96,0.00,2.97,0.00,0.00,0.99,0.00,0.00,0.00,92.08
02:11:41,7,2.06,0.00,2.06,0.00,0.00,1.03,0.00,0.00,0.00,94.85
02:11:41,12,3.00,0.00,3.00,0.00,0.00,1.00,0.00,0.00,0.00,93.00
02:11:41,13,4.04,0.00,3.03,0.00,0.00,1.01,0.00,0.00,0.00,91.92
02:11:41,14,1.02,0.00,3.06,0.00,0.00,1.02,0.00,0.00,0.00,94.90
02:11:41,15,3.03,0.00,2.02,0.00,0.00,1.01,0.00,0.00,0.00,93.94
02:11:42,4,1.04,0.00,3.12,0.00,0.00,0.00,0.00,0.00,0.00,95.83
02:11:42,5,3.06,0.00,3.06,0.00,0.00,1.02,0.00,0.00,0.00,92.86
02:11:42,6,3.09,0.00,1.03,0.00,0.00,1.03,0.00,0.00,0.00,94.85
02:11:42,7,3.00,0.00,3.00,0.00,0.00,1.00,0.00,0.00,0.00,93.00
02:11:42,12,4.04,0.00,2.02,0.00,0.00,1.01,0.00,0.00,0.00,92.93
02:11:42,13,3.06,0.00,3.06,0.00,0.00,0.00,0.00,0.00,0.00,93.88
02:11:42,14,2.04,0.00,3.06,0.00,0.00,1.02,0.00,0.00,0.00,93.88
02:11:42,15,3.03,0.00,2.02,0.00,0.00,1.01,0.00,0.00,0.00,93.94
02:11:43,4,3.00,0.00,3.00,0.00,0.00,1.00,0.00,0.00,0.00,93.00
02:11:43,5,3.06,0.00,3.06,0.00,0.00,0.00,0.00,0.00,0.00,93.88
02:11:43,6,3.00,0.00,3.00,0.00,0.00,1.00,0.00,0.00,0.00,93.00
02:11:43,7,3.03,0.00,2.02,0.00,0.00,1.01,0.00,0.00,0.00,93.94
02:11:43,12,2.06,0.00,2.06,0.00,0.00,0.00,0.00,0.00,0.00,95.88
02:11:43,13,2.00,0.00,3.00,0.00,0.00,2.00,0.00,0.00,0.00,93.00
02:11:43,14,4.04,0.00,2.02,0.00,0.00,0.00,0.00,0.00,0.00,93.94
02:11:43,15,2.06,0.00,2.06,0.00,0.00,1.03,0.00,0.00,0.00,94.85
02:11:44,4,5.05,0.00,3.03,0.00,0.00,1.01,0.00,0.00,0.00,90.91
02:11:44,5,4.08,0.00,4.08,0.00,0.00,1.02,0.00,0.00,0.00,90.82
02:11:44,6,5.05,0.00,2.02,0.00,0.00,0.00,0.00,0.00,0.00,92.93
02:11:44,7,3.06,0.00,2.04,0.00,0.00,1.02,0.00,0.00,0.00,93.88
02:11:44,12,4.04,0.00,2.02,0.00,0.00,1.01,0.00,0.00,0.00,92.93
02:11:44,13,5.10,0.00,2.04,0.00,0.00,0.00,0.00,0.00,0.00,92.86
02:11:44,14,4.08,0.00,2.04,0.00,0.00,1.02,0.00,0.00,0.00,92.86
02:11:44,15,4.04,0.00,2.02,0.00,0.00,0.00,0.00,0.00,0.00,93.94
02:11:45,4,4.08,0.00,1.02,0.00,0.00,1.02,0.00,0.00,0.00,93.88
02:11:45,5,3.03,0.00,2.02,0.00,0.00,1.01,0.00,0.00,0.00,93.94
02:11:45,6,3.03,0.00,3.03,0.00,0.00,1.01,0.00,0.00,0.00,92.93
02:11:45,7,3.06,0.00,2.04,0.00,0.00,0.00,0.00,0.00,0.00,94.90
02:11:45,12,3.00,0.00,3.00,0.00,0.00,1.00,0.00,0.00,0.00,93.00
02:11:45,13,3.06,0.00,2.04,0.00,0.00,1.02,0.00,0.00,0.00,93.88
02:11:45,14,3.96,0.00,2.97,0.00,0.00,0.99,0.00,0.00,0.00,92.08
02:11:45,15,3.00,0.00,2.00,0.00,0.00,2.00,0.00,0.00,0.00,93.00
02:11:46,4,2.04,0.00,3.06,0.00,0.00,1.02,0.00,0.00,0.00,93.88
02:11:46,5,3.06,0.00,3.06,0.00,0.00,1.02,0.00,0.00,0.00,92.86
02:11:46,6,3.00,0.00,2.00,0.00,0.00,2.00,0.00,0.00,0.00,93.00
02:11:46,7,2.02,0.00,3.03,0.00,0.00,1.01,0.00,0.00,0.00,93.94
02:11:46,12,3.06,0.00,2.04,0.00,0.00,1.02,0.00,0.00,0.00,93.88
02:11:46,13,3.03,0.00,3.03,0.00,0.00,1.01,0.00,0.00,0.00,92.93
02:11:46,14,2.04,0.00,3.06,0.00,0.00,0.00,0.00,0.00,0.00,94.90
02:11:46,15,3.00,0.00,3.00,0.00,0.00,1.00,0.00,0.00,0.00,93.00
02:11:47,4,3.00,0.00,3.00,0.00,0.00,1.00,0.00,0.00,0.00,93.00
02:11:47,5,4.04,0.00,3.03,0.00,0.00,1.01,0.00,0.00,0.00,91.92
02:11:47,6,3.06,0.00,2.04,0.00,0.00,1.02,0.00,0.00,0.00,93.88
02:11:47,7,2.04,0.00,2.04,0.00,0.00,1.02,0.00,0.00,0.00,94.90
02:11:47,12,4.00,0.00,3.00,0.00,0.00,1.00,0.00,0.00,0.00,92.00
02:11:47,13,3.03,0.00,2.02,0.00,0.00,1.01,0.00,0.00,0.00,93.94
02:11:47,14,3.03,0.00,3.03,0.00,0.00,1.01,0.00,0.00,0.00,92.93
02:11:47,15,3.03,0.00,2.02,0.00,0.00,1.01,0.00,0.00,0.00,93.94
02:11:48,4,3.03,0.00,3.03,0.00,0.00,1.01,0.00,0.00,0.00,92.93
02:11:48,5,3.09,0.00,2.06,0.00,0.00,0.00,0.00,0.00,0.00,94.85
02:11:48,6,3.06,0.00,2.04,0.00,0.00,1.02,0.00,0.00,0.00,93.88
02:11:48,7,4.04,0.00,3.03,0.00,0.00,0.00,0.00,0.00,0.00,92.93
02:11:48,12,4.04,0.00,2.02,0.00,0.00,0.00,0.00,0.00,0.00,93.94
02:11:48,13,4.00,0.00,3.00,0.00,0.00,1.00,0.00,0.00,0.00,92.00
02:11:48,14,3.03,0.00,2.02,0.00,0.00,1.01,0.00,0.00,0.00,93.94
02:11:48,15,4.04,0.00,3.03,0.00,0.00,0.00,0.00,0.00,0.00,92.93
02:11:49,4,4.12,0.00,2.06,0.00,0.00,0.00,0.00,0.00,0.00,93.81
02:11:49,5,3.06,0.00,5.10,1.02,0.00,1.02,0.00,0.00,0.00,89.80
02:11:49,6,3.00,0.00,3.00,0.00,0.00,1.00,0.00,0.00,0.00,93.00
02:11:49,7,4.00,0.00,2.00,0.00,0.00,1.00,0.00,0.00,0.00,93.00
02:11:49,12,4.04,0.00,2.02,0.00,0.00,1.01,0.00,0.00,0.00,92.93
02:11:49,13,5.21,0.00,4.17,2.08,0.00,0.00,0.00,0.00,0.00,88.54
02:11:49,14,2.04,0.00,3.06,0.00,0.00,1.02,0.00,0.00,0.00,93.88
02:11:49,15,4.00,0.00,3.00,0.00,0.00,1.00,0.00,0.00,0.00,92.00
02:11:50,4,2.04,0.00,2.04,0.00,0.00,2.04,0.00,0.00,0.00,93.88
02:11:50,5,3.12,0.00,2.08,0.00,0.00,1.04,0.00,0.00,0.00,93.75
02:11:50,6,2.02,0.00,3.03,0.00,0.00,2.02,0.00,0.00,0.00,92.93
02:11:50,7,3.03,0.00,2.02,0.00,0.00,1.01,0.00,0.00,0.00,93.94
02:11:50,12,3.06,0.00,2.04,0.00,0.00,1.02,0.00,0.00,0.00,93.88
02:11:50,13,4.04,0.00,2.02,0.00,0.00,1.01,0.00,0.00,0.00,92.93
02:11:50,14,4.00,0.00,2.00,0.00,0.00,1.00,0.00,0.00,0.00,93.00
02:11:50,15,2.06,0.00,2.06,0.00,0.00,1.03,0.00,0.00,0.00,94.85
02:11:51,4,3.03,0.00,3.03,0.00,0.00,0.00,0.00,0.00,0.00,93.94
02:11:51,5,3.03,0.00,3.03,0.00,0.00,1.01,0.00,0.00,0.00,92.93
02:11:51,6,3.03,0.00,2.02,0.00,0.00,1.01,0.00,0.00,0.00,93.94
02:11:51,7,2.04,0.00,3.06,0.00,0.00,0.00,0.00,0.00,0.00,94.90
02:11:51,12,3.00,0.00,3.00,0.00,0.00,1.00,0.00,0.00,0.00,93.00
02:11:51,13,3.00,0.00,2.00,0.00,0.00,2.00,0.00,0.00,0.00,93.00
02:11:51,14,3.06,0.00,2.04,0.00,0.00,0.00,0.00,0.00,0.00,94.90
02:11:51,15,3.00,0.00,2.00,0.00,0.00,2.00,0.00,0.00,0.00,93.00
02:11:52,4,2.04,0.00,3.06,0.00,0.00,1.02,0.00,0.00,0.00,93.88
02:11:52,5,3.12,0.00,1.04,0.00,0.00,0.00,0.00,0.00,0.00,95.83
02:11:52,6,3.09,0.00,2.06,0.00,0.00,0.00,0.00,0.00,0.00,94.85
02:11:52,7,2.04,0.00,2.04,0.00,0.00,1.02,0.00,0.00,0.00,94.90
02:11:52,12,2.04,0.00,3.06,0.00,0.00,1.02,0.00,0.00,0.00,93.88
02:11:52,13,4.08,0.00,1.02,0.00,0.00,1.02,0.00,0.00,0.00,93.88
02:11:52,14,2.06,0.00,2.06,0.00,0.00,0.00,0.00,0.00,0.00,95.88
02:11:52,15,3.00,0.00,3.00,0.00,0.00,1.00,0.00,0.00,0.00,93.00
02:11:53,4,3.06,0.00,2.04,0.00,0.00,1.02,0.00,0.00,0.00,93.88
02:11:53,5,3.96,0.00,2.97,0.00,0.00,0.99,0.00,0.00,0.00,92.08
02:11:53,6,2.02,0.00,2.02,0.00,0.00,2.02,0.00,0.00,0.00,93.94
02:11:53,7,3.03,0.00,3.03,0.00,0.00,0.00,0.00,0.00,0.00,93.94
02:11:53,12,4.04,0.00,2.02,0.00,0.00,1.01,0.00,0.00,0.00,92.93
02:11:53,13,2.04,0.00,2.04,0.00,0.00,1.02,0.00,0.00,0.00,94.90
02:11:53,14,3.03,0.00,2.02,0.00,0.00,1.01,0.00,0.00,0.00,93.94
02:11:53,15,4.04,0.00,2.02,0.00,0.00,0.00,0.00,0.00,0.00,93.94
02:11:54,4,4.04,0.00,3.03,0.00,0.00,1.01,0.00,0.00,0.00,91.92
02:11:54,5,3.09,0.00,4.12,2.06,0.00,1.03,0.00,0.00,0.00,89.69
02:11:54,6,4.08,0.00,3.06,0.00,0.00,0.00,0.00,0.00,0.00,92.86
02:11:54,7,4.04,0.00,2.02,0.00,0.00,1.01,0.00,0.00,0.00,92.93
02:11:54,12,5.00,0.00,3.00,0.00,0.00,1.00,0.00,0.00,0.00,91.00
02:11:54,13,3.09,0.00,3.09,2.06,0.00,0.00,0.00,0.00,0.00,91.75
02:11:54,14,3.03,0.00,3.03,0.00,0.00,1.01,0.00,0.00,0.00,92.93
02:11:54,15,3.06,0.00,4.08,0.00,0.00,1.02,0.00,0.00,0.00,91.84
02:11:55,4,4.04,0.00,2.02,0.00,0.00,1.01,0.00,0.00,0.00,92.93
02:11:55,5,4.04,0.00,3.03,0.00,0.00,1.01,0.00,0.00,0.00,91.92
02:11:55,6,4.00,0.00,2.00,0.00,0.00,1.00,0.00,0.00,0.00,93.00
02:11:55,7,2.97,0.00,3.96,0.00,0.00,0.99,0.00,0.00,0.00,92.08
02:11:55,12,3.03,0.00,2.02,0.00,0.00,1.01,0.00,0.00,0.00,93.94
02:11:55,13,4.08,0.00,2.04,0.00,0.00,1.02,0.00,0.00,0.00,92.86
02:11:55,14,3.03,0.00,2.02,0.00,0.00,1.01,0.00,0.00,0.00,93.94
02:11:55,15,3.03,0.00,3.03,0.00,0.00,0.00,0.00,0.00,0.00,93.94
02:11:56,4,3.03,0.00,3.03,0.00,0.00,1.01,0.00,0.00,0.00,92.93
02:11:56,5,3.09,0.00,1.03,0.00,0.00,1.03,0.00,0.00,0.00,94.85
02:11:56,6,3.00,0.00,3.00,0.00,0.00,1.00,0.00,0.00,0.00,93.00
02:11:56,7,3.03,0.00,2.02,0.00,0.00,1.01,0.00,0.00,0.00,93.94
02:11:56,12,3.06,0.00,2.04,0.00,0.00,1.02,0.00,0.00,0.00,93.88
02:11:56,13,3.96,0.00,2.97,0.00,0.00,0.99,0.00,0.00,0.00,92.08
02:11:56,14,3.96,0.00,3.96,0.00,0.00,0.99,0.00,0.00,0.00,91.09
02:11:56,15,3.03,0.00,2.02,0.00,0.00,1.01,0.00,0.00,0.00,93.94
02:11:57,4,3.03,0.00,2.02,0.00,0.00,1.01,0.00,0.00,0.00,93.94
02:11:57,5,3.03,0.00,3.03,0.00,0.00,2.02,0.00,0.00,0.00,91.92
02:11:57,6,3.03,0.00,2.02,0.00,0.00,1.01,0.00,0.00,0.00,93.94
02:11:57,7,3.06,0.00,2.04,0.00,0.00,1.02,0.00,0.00,0.00,93.88
02:11:57,12,3.06,0.00,2.04,0.00,0.00,1.02,0.00,0.00,0.00,93.88
02:11:57,13,3.09,0.00,2.06,0.00,0.00,1.03,0.00,0.00,0.00,93.81
02:11:57,14,3.06,0.00,3.06,0.00,0.00,0.00,0.00,0.00,0.00,93.88
02:11:57,15,3.03,0.00,3.03,0.00,0.00,1.01,0.00,0.00,0.00,92.93
02:11:58,4,2.06,0.00,3.09,0.00,0.00,0.00,0.00,0.00,0.00,94.85
02:11:58,5,2.04,0.00,3.06,0.00,0.00,1.02,0.00,0.00,0.00,93.88
02:11:58,6,3.06,0.00,2.04,0.00,0.00,1.02,0.00,0.00,0.00,93.88
02:11:58,7,2.02,0.00,4.04,0.00,0.00,0.00,0.00,0.00,0.00,93.94
02:11:58,12,2.04,0.00,3.06,0.00,0.00,1.02,0.00,0.00,0.00,93.88
02:11:58,13,3.96,0.00,2.97,0.00,0.00,0.99,0.00,0.00,0.00,92.08
02:11:58,14,2.02,0.00,3.03,0.00,0.00,1.01,0.00,0.00,0.00,93.94
02:11:58,15,3.00,0.00,3.00,0.00,0.00,1.00,0.00,0.00,0.00,93.00
02:11:59,4,3.03,0.00,2.02,0.00,0.00,1.01,0.00,0.00,0.00,93.94
02:11:59,5,4.08,0.00,3.06,2.04,0.00,0.00,0.00,0.00,0.00,90.82
02:11:59,6,3.09,0.00,2.06,0.00,0.00,0.00,0.00,0.00,0.00,94.85
02:11:59,7,3.03,0.00,1.01,0.00,0.00,2.02,0.00,0.00,0.00,93.94
02:11:59,12,3.06,0.00,2.04,0.00,0.00,1.02,0.00,0.00,0.00,93.88
02:11:59,13,2.06,0.00,3.09,0.00,0.00,0.00,0.00,0.00,0.00,94.85
02:11:59,14,3.06,0.00,1.02,0.00,0.00,1.02,0.00,0.00,0.00,94.90
02:11:59,15,2.04,0.00,2.04,0.00,0.00,1.02,0.00,0.00,0.00,94.90
02:12:00,4,4.04,0.00,3.03,0.00,0.00,1.01,0.00,0.00,0.00,91.92
02:12:00,5,5.10,0.00,4.08,0.00,0.00,1.02,0.00,0.00,0.00,89.80
02:12:00,6,3.06,0.00,3.06,0.00,0.00,1.02,0.00,0.00,0.00,92.86
02:12:00,7,3.03,0.00,3.03,0.00,0.00,1.01,0.00,0.00,0.00,92.93
02:12:00,12,4.04,0.00,3.03,0.00,0.00,1.01,0.00,0.00,0.00,91.92
02:12:00,13,5.10,0.00,3.06,0.00,0.00,1.02,0.00,0.00,0.00,90.82
02:12:00,14,4.00,0.00,3.00,0.00,0.00,1.00,0.00,0.00,0.00,92.00
02:12:00,15,3.09,0.00,3.09,0.00,0.00,0.00,0.00,0.00,0.00,93.81
02:12:01,4,3.00,0.00,3.00,0.00,0.00,2.00,0.00,0.00,0.00,92.00
02:12:01,5,2.04,0.00,3.06,0.00,0.00,1.02,0.00,0.00,0.00,93.88
02:12:01,6,3.03,0.00,2.02,0.00,0.00,1.01,0.00,0.00,0.00,93.94
02:12:01,7,4.08,0.00,1.02,0.00,0.00,0.00,0.00,0.00,0.00,94.90
02:12:01,12,3.03,0.00,3.03,0.00,0.00,1.01,0.00,0.00,0.00,92.93
02:12:01,13,3.03,0.00,4.04,0.00,0.00,1.01,0.00,0.00,0.00,91.92
02:12:01,14,3.09,0.00,2.06,0.00,0.00,0.00,0.00,0.00,0.00,94.85
02:12:01,15,4.00,0.00,2.00,0.00,0.00,1.00,0.00,0.00,0.00,93.00
02:12:02,4,3.06,0.00,3.06,0.00,0.00,0.00,0.00,0.00,0.00,93.88
02:12:02,5,3.06,0.00,2.04,0.00,0.00,1.02,0.00,0.00,0.00,93.88
02:12:02,6,4.08,0.00,2.04,0.00,0.00,0.00,0.00,0.00,0.00,93.88
02:12:02,7,3.00,0.00,3.00,0.00,0.00,1.00,0.00,0.00,0.00,93.00
02:12:02,12,4.00,0.00,2.00,0.00,0.00,1.00,0.00,0.00,0.00,93.00
02:12:02,13,3.00,0.00,2.00,0.00,0.00,2.00,0.00,0.00,0.00,93.00
02:12:02,14,2.06,0.00,2.06,0.00,0.00,1.03,0.00,0.00,0.00,94.85
02:12:02,15,2.04,0.00,2.04,0.00,0.00,1.02,0.00,0.00,0.00,94.90
02:12:03,4,3.03,0.00,3.03,0.00,0.00,0.00,0.00,0.00,0.00,93.94
02:12:03,5,3.00,0.00,4.00,0.00,0.00,1.00,0.00,0.00,0.00,92.00
02:12:03,6,2.02,0.00,3.03,0.00,0.00,1.01,0.00,0.00,0.00,93.94
02:12:03,7,3.03,0.00,2.02,0.00,0.00,1.01,0.00,0.00,0.00,93.94
02:12:03,12,2.06,0.00,2.06,0.00,0.00,0.00,0.00,0.00,0.00,95.88
02:12:03,13,4.04,0.00,2.02,0.00,0.00,1.01,0.00,0.00,0.00,92.93
02:12:03,14,3.00,0.00,3.00,0.00,0.00,1.00,0.00,0.00,0.00,93.00
02:12:03,15,3.03,0.00,2.02,0.00,0.00,1.01,0.00,0.00,0.00,93.94
02:12:04,4,3.06,0.00,2.04,1.02,0.00,1.02,0.00,0.00,0.00,92.86
02:12:04,5,3.03,0.00,2.02,0.00,0.00,1.01,0.00,0.00,0.00,93.94
02:12:04,6,4.04,0.00,1.01,0.00,0.00,1.01,0.00,0.00,0.00,93.94
02:12:04,7,3.00,0.00,3.00,0.00,0.00,1.00,0.00,0.00,0.00,93.00
02:12:04,12,4.00,0.00,3.00,0.00,0.00,1.00,0.00,0.00,0.00,92.00
02:12:04,13,3.09,0.00,2.06,0.00,0.00,0.00,0.00,0.00,0.00,94.85
02:12:04,14,3.09,0.00,2.06,0.00,0.00,0.00,0.00,0.00,0.00,94.85
02:12:04,15,2.06,0.00,1.03,0.00,0.00,1.03,0.00,0.00,0.00,95.88
02:12:05,4,6.00,0.00,2.00,0.00,0.00,1.00,0.00,0.00,0.00,91.00
02:12:05,5,4.08,0.00,4.08,0.00,0.00,1.02,0.00,0.00,0.00,90.82
02:12:05,6,2.04,0.00,3.06,0.00,0.00,1.02,0.00,0.00,0.00,93.88
02:12:05,7,3.06,0.00,2.04,0.00,0.00,1.02,0.00,0.00,0.00,93.88
02:12:05,12,2.04,0.00,3.06,0.00,0.00,1.02,0.00,0.00,0.00,93.88
02:12:05,13,2.02,0.00,3.03,0.00,0.00,2.02,0.00,0.00,0.00,92.93
02:12:05,14,4.04,0.00,2.02,0.00,0.00,1.01,0.00,0.00,0.00,92.93
02:12:05,15,3.00,0.00,2.00,0.00,0.00,2.00,0.00,0.00,0.00,93.00
02:12:06,4,2.08,0.00,2.08,0.00,0.00,0.00,0.00,0.00,0.00,95.83
02:12:06,5,3.03,0.00,3.03,0.00,0.00,1.01,0.00,0.00,0.00,92.93
02:12:06,6,4.04,0.00,2.02,0.00,0.00,0.00,0.00,0.00,0.00,93.94
02:12:06,7,3.03,0.00,3.03,0.00,0.00,1.01,0.00,0.00,0.00,92.93
02:12:06,12,3.06,0.00,2.04,0.00,0.00,1.02,0.00,0.00,0.00,93.88
02:12:06,13,2.08,0.00,2.08,0.00,0.00,0.00,0.00,0.00,0.00,95.83
02:12:06,14,2.04,0.00,3.06,0.00,0.00,0.00,0.00,0.00,0.00,94.90
02:12:06,15,3.00,0.00,4.00,0.00,0.00,0.00,0.00,0.00,0.00,93.00
02:12:07,4,5.00,0.00,3.00,0.00,0.00,1.00,0.00,0.00,0.00,91.00
02:12:07,5,3.03,0.00,3.03,0.00,0.00,1.01,0.00,0.00,0.00,92.93
02:12:07,6,2.04,0.00,2.04,0.00,0.00,1.02,0.00,0.00,0.00,94.90
02:12:07,7,3.03,0.00,2.02,0.00,0.00,0.00,0.00,0.00,0.00,94.95
02:12:07,12,3.03,0.00,3.03,0.00,0.00,0.00,0.00,0.00,0.00,93.94
02:12:07,13,4.00,0.00,2.00,0.00,0.00,1.00,0.00,0.00,0.00,93.00
02:12:07,14,4.00,0.00,2.00,0.00,0.00,1.00,0.00,0.00,0.00,93.00
02:12:07,15,4.00,0.00,2.00,0.00,0.00,1.00,0.00,0.00,0.00,93.00
02:12:08,4,3.00,0.00,3.00,0.00,0.00,1.00,0.00,0.00,0.00,93.00
02:12:08,5,3.00,0.00,4.00,0.00,0.00,1.00,0.00,0.00,0.00,92.00
02:12:08,6,4.08,0.00,2.04,0.00,0.00,0.00,0.00,0.00,0.00,93.88
02:12:08,7,3.03,0.00,3.03,0.00,0.00,1.01,0.00,0.00,0.00,92.93
02:12:08,12,4.04,0.00,1.01,0.00,0.00,1.01,0.00,0.00,0.00,93.94
02:12:08,13,4.08,0.00,2.04,0.00,0.00,1.02,0.00,0.00,0.00,92.86
02:12:08,14,3.03,0.00,2.02,0.00,0.00,1.01,0.00,0.00,0.00,93.94
02:12:08,15,2.04,0.00,3.06,0.00,0.00,1.02,0.00,0.00,0.00,93.88
02:12:09,4,3.03,0.00,3.03,0.00,0.00,1.01,0.00,0.00,0.00,92.93
02:12:09,5,4.08,0.00,4.08,0.00,0.00,1.02,0.00,0.00,0.00,90.82
02:12:09,6,3.06,0.00,2.04,0.00,0.00,1.02,0.00,0.00,0.00,93.88
02:12:09,7,4.04,0.00,3.03,0.00,0.00,0.00,0.00,0.00,0.00,92.93
02:12:09,12,5.00,0.00,2.00,0.00,0.00,1.00,0.00,0.00,0.00,92.00
02:12:09,13,4.04,0.00,2.02,0.00,0.00,1.01,0.00,0.00,0.00,92.93
02:12:09,14,3.06,0.00,2.04,0.00,0.00,1.02,0.00,0.00,0.00,93.88
02:12:09,15,3.03,0.00,3.03,0.00,0.00,0.00,0.00,0.00,0.00,93.94
02:12:10,4,4.00,0.00,3.00,0.00,0.00,2.00,0.00,0.00,0.00,91.00
02:12:10,5,2.06,0.00,3.09,0.00,0.00,1.03,0.00,0.00,0.00,93.81
02:12:10,6,4.08,0.00,4.08,0.00,0.00,1.02,0.00,0.00,0.00,90.82
02:12:10,7,3.03,0.00,3.03,0.00,0.00,1.01,0.00,0.00,0.00,92.93
02:12:10,12,3.06,0.00,2.04,0.00,0.00,1.02,0.00,0.00,0.00,93.88
02:12:10,13,4.00,0.00,3.00,0.00,0.00,1.00,0.00,0.00,0.00,92.00
02:12:10,14,4.04,0.00,2.02,0.00,0.00,1.01,0.00,0.00,0.00,92.93
02:12:10,15,4.00,0.00,3.00,0.00,0.00,1.00,0.00,0.00,0.00,92.00
02:12:11,4,3.09,0.00,2.06,0.00,0.00,0.00,0.00,0.00,0.00,94.85
02:12:11,5,3.09,0.00,2.06,0.00,0.00,0.00,0.00,0.00,0.00,94.85
02:12:11,6,4.00,0.00,3.00,0.00,0.00,0.00,0.00,0.00,0.00,93.00
02:12:11,7,4.00,0.00,3.00,0.00,0.00,1.00,0.00,0.00,0.00,92.00
02:12:11,12,4.00,0.00,2.00,0.00,0.00,1.00,0.00,0.00,0.00,93.00
02:12:11,13,3.96,0.00,2.97,0.00,0.00,0.99,0.00,0.00,0.00,92.08
02:12:11,14,2.04,0.00,3.06,0.00,0.00,1.02,0.00,0.00,0.00,93.88
02:12:11,15,3.00,0.00,3.00,0.00,0.00,1.00,0.00,0.00,0.00,93.00
02:12:12,4,2.02,0.00,3.03,0.00,0.00,1.01,0.00,0.00,0.00,93.94
02:12:12,5,2.04,0.00,3.06,0.00,0.00,2.04,0.00,0.00,0.00,92.86
02:12:12,6,3.03,0.00,2.02,0.00,0.00,2.02,0.00,0.00,0.00,92.93
02:12:12,7,2.04,0.00,2.04,0.00,0.00,1.02,0.00,0.00,0.00,94.90
02:12:12,12,2.02,0.00,4.04,0.00,0.00,1.01,0.00,0.00,0.00,92.93
02:12:12,13,3.09,0.00,2.06,0.00,0.00,0.00,0.00,0.00,0.00,94.85
02:12:12,14,2.02,0.00,3.03,0.00,0.00,1.01,0.00,0.00,0.00,93.94
02:12:12,15,3.03,0.00,2.02,0.00,0.00,1.01,0.00,0.00,0.00,93.94
02:12:13,4,3.03,0.00,3.03,0.00,0.00,1.01,0.00,0.00,0.00,92.93
02:12:13,5,3.06,0.00,2.04,0.00,0.00,1.02,0.00,0.00,0.00,93.88
02:12:13,6,2.04,0.00,2.04,0.00,0.00,1.02,0.00,0.00,0.00,94.90
02:12:13,7,3.03,0.00,3.03,0.00,0.00,0.00,0.00,0.00,0.00,93.94
02:12:13,12,3.03,0.00,2.02,0.00,0.00,1.01,0.00,0.00,0.00,93.94
02:12:13,13,3.92,0.00,3.92,0.00,0.00,1.96,0.00,0.00,0.00,90.20
02:12:13,14,3.03,0.00,3.03,0.00,0.00,1.01,0.00,0.00,0.00,92.93
02:12:13,15,3.06,0.00,2.04,0.00,0.00,0.00,0.00,0.00,0.00,94.90
02:12:14,4,3.06,0.00,3.06,0.00,0.00,0.00,0.00,0.00,0.00,93.88
02:12:14,5,4.04,0.00,3.03,1.01,0.00,1.01,0.00,0.00,0.00,90.91
02:12:14,6,3.96,0.00,2.97,0.00,0.00,0.99,0.00,0.00,0.00,92.08
02:12:14,7,2.02,0.00,3.03,0.00,0.00,1.01,0.00,0.00,0.00,93.94
02:12:14,12,4.00,0.00,2.00,2.00,0.00,1.00,0.00,0.00,0.00,91.00
02:12:14,13,3.03,0.00,2.02,0.00,0.00,1.01,0.00,0.00,0.00,93.94
02:12:14,14,3.00,0.00,3.00,0.00,0.00,1.00,0.00,0.00,0.00,93.00
02:12:14,15,4.04,0.00,2.02,0.00,0.00,1.01,0.00,0.00,0.00,92.93
02:12:15,4,4.00,0.00,3.00,0.00,0.00,1.00,0.00,0.00,0.00,92.00
02:12:15,5,5.10,0.00,4.08,0.00,0.00,1.02,0.00,0.00,0.00,89.80
02:12:15,6,3.03,0.00,3.03,0.00,0.00,1.01,0.00,0.00,0.00,92.93
02:12:15,7,4.00,0.00,2.00,0.00,0.00,1.00,0.00,0.00,0.00,93.00
02:12:15,12,3.09,0.00,3.09,0.00,0.00,0.00,0.00,0.00,0.00,93.81
02:12:15,13,4.17,0.00,2.08,0.00,0.00,0.00,0.00,0.00,0.00,93.75
02:12:15,14,3.03,0.00,2.02,0.00,0.00,1.01,0.00,0.00,0.00,93.94
02:12:15,15,3.00,0.00,4.00,0.00,0.00,1.00,0.00,0.00,0.00,92.00
02:12:16,4,4.08,0.00,2.04,0.00,0.00,1.02,0.00,0.00,0.00,92.86
02:12:16,5,3.06,0.00,2.04,0.00,0.00,1.02,0.00,0.00,0.00,93.88
02:12:16,6,3.06,0.00,2.04,0.00,0.00,1.02,0.00,0.00,0.00,93.88
02:12:16,7,3.09,0.00,2.06,0.00,0.00,0.00,0.00,0.00,0.00,94.85
02:12:16,12,3.06,0.00,2.04,0.00,0.00,1.02,0.00,0.00,0.00,93.88
02:12:16,13,3.03,0.00,2.02,0.00,0.00,1.01,0.00,0.00,0.00,93.94
02:12:16,14,3.03,0.00,2.02,0.00,0.00,1.01,0.00,0.00,0.00,93.94
02:12:16,15,3.96,0.00,1.98,0.00,0.00,0.99,0.00,0.00,0.00,93.07
02:12:17,4,3.03,0.00,2.02,0.00,0.00,1.01,0.00,0.00,0.00,93.94
02:12:17,5,4.04,0.00,2.02,0.00,0.00,1.01,0.00,0.00,0.00,92.93
02:12:17,6,4.04,0.00,3.03,0.00,0.00,0.00,0.00,0.00,0.00,92.93
02:12:17,7,3.03,0.00,2.02,0.00,0.00,1.01,0.00,0.00,0.00,93.94
02:12:17,12,3.06,0.00,2.04,0.00,0.00,1.02,0.00,0.00,0.00,93.88
02:12:17,13,2.04,0.00,4.08,0.00,0.00,0.00,0.00,0.00,0.00,93.88
02:12:17,14,3.09,0.00,2.06,0.00,0.00,0.00,0.00,0.00,0.00,94.85
02:12:17,15,3.06,0.00,2.04,0.00,0.00,0.00,0.00,0.00,0.00,94.90
02:12:18,4,2.08,0.00,2.08,0.00,0.00,0.00,0.00,0.00,0.00,95.83
02:12:18,5,3.03,0.00,3.03,0.00,0.00,1.01,0.00,0.00,0.00,92.93
02:12:18,6,3.03,0.00,2.02,0.00,0.00,1.01,0.00,0.00,0.00,93.94
02:12:18,7,3.00,0.00,3.00,0.00,0.00,1.00,0.00,0.00,0.00,93.00
02:12:18,12,2.04,0.00,3.06,0.00,0.00,1.02,0.00,0.00,0.00,93.88
02:12:18,13,4.00,0.00,3.00,0.00,0.00,1.00,0.00,0.00,0.00,92.00
02:12:18,14,3.03,0.00,2.02,0.00,0.00,1.01,0.00,0.00,0.00,93.94
02:12:18,15,3.06,0.00,2.04,0.00,0.00,1.02,0.00,0.00,0.00,93.88
02:12:19,4,3.06,0.00,1.02,0.00,0.00,1.02,0.00,0.00,0.00,94.90
02:12:19,5,4.08,0.00,2.04,0.00,0.00,0.00,0.00,0.00,0.00,93.88
02:12:19,6,2.04,0.00,2.04,0.00,0.00,1.02,0.00,0.00,0.00,94.90
02:12:19,7,2.04,0.00,2.04,2.04,0.00,1.02,0.00,0.00,0.00,92.86
02:12:19,12,3.03,0.00,3.03,0.00,0.00,0.00,0.00,0.00,0.00,93.94
02:12:19,13,3.00,0.00,4.00,0.00,0.00,1.00,0.00,0.00,0.00,92.00
02:12:19,14,2.04,0.00,2.04,0.00,0.00,1.02,0.00,0.00,0.00,94.90
02:12:19,15,3.03,0.00,2.02,0.00,0.00,1.01,0.00,0.00,0.00,93.94
02:12:20,4,3.09,0.00,3.09,0.00,0.00,0.00,0.00,0.00,0.00,93.81
02:12:20,5,6.19,0.00,3.09,0.00,0.00,1.03,0.00,0.00,0.00,89.69
02:12:20,6,4.08,0.00,3.06,0.00,0.00,1.02,0.00,0.00,0.00,91.84
02:12:20,7,3.03,0.00,4.04,0.00,0.00,1.01,0.00,0.00,0.00,91.92
02:12:20,12,4.00,0.00,3.00,0.00,0.00,1.00,0.00,0.00,0.00,92.00
02:12:20,13,2.04,0.00,3.06,0.00,0.00,1.02,0.00,0.00,0.00,93.88
02:12:20,14,3.03,0.00,3.03,0.00,0.00,1.01,0.00,0.00,0.00,92.93
02:12:20,15,3.03,0.00,2.02,0.00,0.00,1.01,0.00,0.00,0.00,93.94
02:12:21,4,3.06,0.00,2.04,0.00,0.00,1.02,0.00,0.00,0.00,93.88
02:12:21,5,2.04,0.00,3.06,0.00,0.00,1.02,0.00,0.00,0.00,93.88
02:12:21,6,4.04,0.00,2.02,0.00,0.00,0.00,0.00,0.00,0.00,93.94
02:12:21,7,3.09,0.00,1.03,0.00,0.00,0.00,0.00,0.00,0.00,95.88
02:12:21,12,3.06,0.00,2.04,0.00,0.00,1.02,0.00,0.00,0.00,93.88
02:12:21,13,3.03,0.00,2.02,0.00,0.00,1.01,0.00,0.00,0.00,93.94
02:12:21,14,2.06,0.00,2.06,0.00,0.00,1.03,0.00,0.00,0.00,94.85
02:12:21,15,4.04,0.00,3.03,0.00,0.00,0.00,0.00,0.00,0.00,92.93
02:12:22,4,2.06,0.00,3.09,0.00,0.00,0.00,0.00,0.00,0.00,94.85
02:12:22,5,4.08,0.00,3.06,0.00,0.00,0.00,0.00,0.00,0.00,92.86
02:12:22,6,2.04,0.00,2.04,0.00,0.00,1.02,0.00,0.00,0.00,94.90
02:12:22,7,3.00,0.00,3.00,0.00,0.00,1.00,0.00,0.00,0.00,93.00
02:12:22,12,3.03,0.00,3.03,0.00,0.00,1.01,0.00,0.00,0.00,92.93
02:12:22,13,3.06,0.00,2.04,0.00,0.00,1.02,0.00,0.00,0.00,93.88
02:12:22,14,3.00,0.00,2.00,0.00,0.00,2.00,0.00,0.00,0.00,93.00
02:12:22,15,2.04,0.00,2.04,0.00,0.00,1.02,0.00,0.00,0.00,94.90
02:12:23,4,3.03,0.00,3.03,0.00,0.00,1.01,0.00,0.00,0.00,92.93
02:12:23,5,4.00,0.00,4.00,0.00,0.00,1.00,0.00,0.00,0.00,91.00
02:12:23,6,4.04,0.00,2.02,0.00,0.00,1.01,0.00,0.00,0.00,92.93
02:12:23,7,2.04,0.00,2.04,0.00,0.00,1.02,0.00,0.00,0.00,94.90
02:12:23,12,3.09,0.00,2.06,0.00,0.00,0.00,0.00,0.00,0.00,94.85
02:12:23,13,2.02,0.00,3.03,0.00,0.00,1.01,0.00,0.00,0.00,93.94
02:12:23,14,3.09,0.00,2.06,0.00,0.00,0.00,0.00,0.00,0.00,94.85
02:12:23,15,3.03,0.00,3.03,0.00,0.00,1.01,0.00,0.00,0.00,92.93
02:12:24,4,3.03,0.00,2.02,1.01,0.00,1.01,0.00,0.00,0.00,92.93
02:12:24,5,4.04,0.00,2.02,0.00,0.00,1.01,0.00,0.00,0.00,92.93
02:12:24,6,3.00,0.00,3.00,0.00,0.00,1.00,0.00,0.00,0.00,93.00
02:12:24,7,2.06,0.00,2.06,0.00,0.00,0.00,0.00,0.00,0.00,95.88
02:12:24,12,3.06,0.00,2.04,0.00,0.00,1.02,0.00,0.00,0.00,93.88
02:12:24,13,4.04,0.00,2.02,0.00,0.00,1.01,0.00,0.00,0.00,92.93
02:12:24,14,3.00,0.00,2.00,0.00,0.00,2.00,0.00,0.00,0.00,93.00
02:12:24,15,3.03,0.00,2.02,0.00,0.00,1.01,0.00,0.00,0.00,93.94
02:12:25,4,4.08,0.00,3.06,0.00,0.00,1.02,0.00,0.00,0.00,91.84
02:12:25,5,4.17,0.00,3.12,0.00,0.00,1.04,0.00,0.00,0.00,91.67
02:12:25,6,3.03,0.00,3.03,0.00,0.00,1.01,0.00,0.00,0.00,92.93
02:12:25,7,3.00,0.00,3.00,0.00,0.00,2.00,0.00,0.00,0.00,92.00
02:12:25,12,4.04,0.00,3.03,0.00,0.00,1.01,0.00,0.00,0.00,91.92
02:12:25,13,5.10,0.00,4.08,0.00,0.00,0.00,0.00,0.00,0.00,90.82
02:12:25,14,3.06,0.00,2.04,0.00,0.00,1.02,0.00,0.00,0.00,93.88
02:12:25,15,4.08,0.00,2.04,0.00,0.00,0.00,0.00,0.00,0.00,93.88
02:12:26,4,3.03,0.00,3.03,0.00,0.00,0.00,0.00,0.00,0.00,93.94
02:12:26,5,3.03,0.00,3.03,0.00,0.00,1.01,0.00,0.00,0.00,92.93
02:12:26,6,2.06,0.00,2.06,0.00,0.00,1.03,0.00,0.00,0.00,94.85
02:12:26,7,3.03,0.00,3.03,0.00,0.00,0.00,0.00,0.00,0.00,93.94
02:12:26,12,3.00,0.00,3.00,0.00,0.00,2.00,0.00,0.00,0.00,92.00
02:12:26,13,4.04,0.00,2.02,0.00,0.00,1.01,0.00,0.00,0.00,92.93
02:12:26,14,3.03,0.00,3.03,0.00,0.00,1.01,0.00,0.00,0.00,92.93
02:12:26,15,2.02,0.00,3.03,0.00,0.00,1.01,0.00,0.00,0.00,93.94
02:12:27,4,3.06,0.00,2.04,0.00,0.00,1.02,0.00,0.00,0.00,93.88
02:12:27,5,3.12,0.00,2.08,0.00,0.00,0.00,0.00,0.00,0.00,94.79
02:12:27,6,3.96,0.00,2.97,0.00,0.00,0.99,0.00,0.00,0.00,92.08
02:12:27,7,2.04,0.00,2.04,0.00,0.00,1.02,0.00,0.00,0.00,94.90
02:12:27,12,3.03,0.00,3.03,0.00,0.00,1.01,0.00,0.00,0.00,92.93
02:12:27,13,3.00,0.00,3.00,0.00,0.00,1.00,0.00,0.00,0.00,93.00
02:12:27,14,3.03,0.00,2.02,0.00,0.00,1.01,0.00,0.00,0.00,93.94
02:12:27,15,3.03,0.00,2.02,0.00,0.00,1.01,0.00,0.00,0.00,93.94
02:12:28,4,2.04,0.00,2.04,0.00,0.00,2.04,0.00,0.00,0.00,93.88
02:12:28,5,2.02,0.00,2.02,0.00,0.00,2.02,0.00,0.00,0.00,93.94
02:12:28,6,3.03,0.00,2.02,0.00,0.00,1.01,0.00,0.00,0.00,93.94
02:12:28,7,3.00,0.00,3.00,0.00,0.00,1.00,0.00,0.00,0.00,93.00
02:12:28,12,3.03,0.00,2.02,0.00,0.00,1.01,0.00,0.00,0.00,93.94
02:12:28,13,4.08,0.00,2.04,0.00,0.00,1.02,0.00,0.00,0.00,92.86
02:12:28,14,2.08,0.00,1.04,0.00,0.00,1.04,0.00,0.00,0.00,95.83
02:12:28,15,2.04,0.00,2.04,0.00,0.00,1.02,0.00,0.00,0.00,94.90
02:12:29,4,4.08,0.00,2.04,0.00,0.00,0.00,0.00,0.00,0.00,93.88
02:12:29,5,4.04,0.00,3.03,0.00,0.00,0.00,0.00,0.00,0.00,92.93
02:12:29,6,4.00,0.00,3.00,0.00,0.00,1.00,0.00,0.00,0.00,92.00
02:12:29,7,2.06,0.00,2.06,0.00,0.00,1.03,0.00,0.00,0.00,94.85
02:12:29,12,3.06,0.00,2.04,0.00,0.00,1.02,0.00,0.00,0.00,93.88
02:12:29,13,4.00,0.00,2.00,0.00,0.00,1.00,0.00,0.00,0.00,93.00
02:12:29,14,2.06,0.00,2.06,0.00,0.00,0.00,0.00,0.00,0.00,95.88
02:12:29,15,3.00,0.00,3.00,0.00,0.00,1.00,0.00,0.00,0.00,93.00
02:12:30,4,3.03,0.00,4.04,0.00,0.00,1.01,0.00,0.00,0.00,91.92
02:12:30,5,6.06,0.00,5.05,0.00,0.00,1.01,0.00,0.00,0.00,87.88
02:12:30,6,3.00,0.00,4.00,1.00,0.00,1.00,0.00,0.00,0.00,91.00
02:12:30,7,4.00,0.00,2.00,0.00,0.00,1.00,0.00,0.00,0.00,93.00
02:12:30,12,3.09,0.00,2.06,0.00,0.00,0.00,0.00,0.00,0.00,94.85
02:12:30,13,3.00,0.00,3.00,0.00,0.00,2.00,0.00,0.00,0.00,92.00
02:12:30,14,3.03,0.00,3.03,0.00,0.00,1.01,0.00,0.00,0.00,92.93
02:12:30,15,3.03,0.00,3.03,0.00,0.00,1.01,0.00,0.00,0.00,92.93
02:12:31,4,3.06,0.00,2.04,0.00,0.00,1.02,0.00,0.00,0.00,93.88
02:12:31,5,4.08,0.00,2.04,0.00,0.00,1.02,0.00,0.00,0.00,92.86
02:12:31,6,2.06,0.00,2.06,0.00,0.00,0.00,0.00,0.00,0.00,95.88
02:12:31,7,3.03,0.00,2.02,0.00,0.00,1.01,0.00,0.00,0.00,93.94
02:12:31,12,3.03,0.00,2.02,0.00,0.00,1.01,0.00,0.00,0.00,93.94
02:12:31,13,3.06,0.00,2.04,0.00,0.00,0.00,0.00,0.00,0.00,94.90
02:12:31,14,3.06,0.00,1.02,0.00,0.00,1.02,0.00,0.00,0.00,94.90
02:12:31,15,3.03,0.00,2.02,0.00,0.00,0.00,0.00,0.00,0.00,94.95
02:12:32,4,2.97,0.00,3.96,0.00,0.00,0.99,0.00,0.00,0.00,92.08
02:12:32,5,2.08,0.00,3.12,0.00,0.00,1.04,0.00,0.00,0.00,93.75
02:12:32,6,3.03,0.00,3.03,0.00,0.00,1.01,0.00,0.00,0.00,92.93
02:12:32,7,3.09,0.00,2.06,0.00,0.00,0.00,0.00,0.00,0.00,94.85
02:12:32,12,3.03,0.00,3.03,0.00,0.00,1.01,0.00,0.00,0.00,92.93
02:12:32,13,3.06,0.00,2.04,0.00,0.00,1.02,0.00,0.00,0.00,93.88
02:12:32,14,3.06,0.00,3.06,0.00,0.00,0.00,0.00,0.00,0.00,93.88
02:12:32,15,3.03,0.00,2.02,0.00,0.00,1.01,0.00,0.00,0.00,93.94
02:12:33,4,5.00,0.00,2.00,0.00,0.00,1.00,0.00,0.00,0.00,92.00
02:12:33,5,4.04,0.00,2.02,0.00,0.00,1.01,0.00,0.00,0.00,92.93
02:12:33,6,2.06,0.00,2.06,0.00,0.00,1.03,0.00,0.00,0.00,94.85
02:12:33,7,3.06,0.00,1.02,0.00,0.00,1.02,0.00,0.00,0.00,94.90
02:12:33,12,3.06,0.00,2.04,0.00,0.00,1.02,0.00,0.00,0.00,93.88
02:12:33,13,3.96,0.00,2.97,0.00,0.00,1.98,0.00,0.00,0.00,91.09
02:12:33,14,3.03,0.00,2.02,0.00,0.00,1.01,0.00,0.00,0.00,93.94
02:12:33,15,3.00,0.00,2.00,0.00,0.00,2.00,0.00,0.00,0.00,93.00
02:12:34,4,2.08,0.00,2.08,0.00,0.00,0.00,0.00,0.00,0.00,95.83
02:12:34,5,3.03,0.00,3.03,0.00,0.00,1.01,0.00,0.00,0.00,92.93
02:12:34,6,3.09,0.00,2.06,0.00,0.00,0.00,0.00,0.00,0.00,94.85
02:12:34,7,3.00,0.00,3.00,0.00,0.00,1.00,0.00,0.00,0.00,93.00
02:12:34,12,4.00,0.00,2.00,0.00,0.00,1.00,0.00,0.00,0.00,93.00
02:12:34,13,3.12,0.00,3.12,0.00,0.00,0.00,0.00,0.00,0.00,93.75
02:12:34,14,2.04,0.00,3.06,0.00,0.00,1.02,0.00,0.00,0.00,93.88
02:12:34,15,2.02,0.00,3.03,0.00,0.00,1.01,0.00,0.00,0.00,93.94
02:12:35,4,3.06,0.00,3.06,0.00,0.00,1.02,0.00,0.00,0.00,92.86
02:12:35,5,6.12,0.00,3.06,0.00,0.00,0.00,0.00,0.00,0.00,90.82
02:12:35,6,4.04,0.00,3.03,0.00,0.00,0.00,0.00,0.00,0.00,92.93
02:12:35,7,2.04,0.00,3.06,0.00,0.00,1.02,0.00,0.00,0.00,93.88
02:12:35,12,2.06,0.00,2.06,0.00,0.00,1.03,0.00,0.00,0.00,94.85
02:12:35,13,4.04,0.00,4.04,0.00,0.00,1.01,0.00,0.00,0.00,90.91
02:12:35,14,3.09,0.00,2.06,0.00,0.00,0.00,0.00,0.00,0.00,94.85
02:12:35,15,3.06,0.00,3.06,0.00,0.00,0.00,0.00,0.00,0.00,93.88
02:12:36,4,3.03,0.00,2.02,0.00,0.00,1.01,0.00,0.00,0.00,93.94
02:12:36,5,3.06,0.00,2.04,0.00,0.00,1.02,0.00,0.00,0.00,93.88
02:12:36,6,3.03,0.00,2.02,0.00,0.00,1.01,0.00,0.00,0.00,93.94
02:12:36,7,3.03,0.00,2.02,0.00,0.00,1.01,0.00,0.00,0.00,93.94
02:12:36,12,3.06,0.00,2.04,0.00,0.00,0.00,0.00,0.00,0.00,94.90
02:12:36,13,4.08,0.00,1.02,0.00,0.00,1.02,0.00,0.00,0.00,93.88
02:12:36,14,3.06,0.00,2.04,0.00,0.00,1.02,0.00,0.00,0.00,93.88
02:12:36,15,3.96,0.00,2.97,0.00,0.00,0.99,0.00,0.00,0.00,92.08
02:12:37,4,2.02,0.00,3.03,0.00,0.00,1.01,0.00,0.00,0.00,93.94
02:12:37,5,3.03,0.00,2.02,0.00,0.00,1.01,0.00,0.00,0.00,93.94
02:12:37,6,3.06,0.00,2.04,0.00,0.00,1.02,0.00,0.00,0.00,93.88
02:12:37,7,3.03,0.00,2.02,0.00,0.00,1.01,0.00,0.00,0.00,93.94
02:12:37,12,3.03,0.00,3.03,0.00,0.00,1.01,0.00,0.00,0.00,92.93
02:12:37,13,3.00,0.00,4.00,0.00,0.00,1.00,0.00,0.00,0.00,92.00
02:12:37,14,3.03,0.00,3.03,0.00,0.00,0.00,0.00,0.00,0.00,93.94
02:12:37,15,4.04,0.00,2.02,0.00,0.00,1.01,0.00,0.00,0.00,92.93
02:12:38,4,3.00,0.00,3.00,0.00,0.00,1.00,0.00,0.00,0.00,93.00
02:12:38,5,4.04,0.00,4.04,0.00,0.00,1.01,0.00,0.00,0.00,90.91
02:12:38,6,2.97,0.00,3.96,0.00,0.00,0.99,0.00,0.00,0.00,92.08
02:12:38,7,2.04,0.00,3.06,0.00,0.00,0.00,0.00,0.00,0.00,94.90
02:12:38,12,3.06,0.00,2.04,0.00,0.00,1.02,0.00,0.00,0.00,93.88
02:12:38,13,3.06,0.00,2.04,0.00,0.00,1.02,0.00,0.00,0.00,93.88
02:12:38,14,3.06,0.00,1.02,0.00,0.00,1.02,0.00,0.00,0.00,94.90
02:12:38,15,2.06,0.00,2.06,0.00,0.00,0.00,0.00,0.00,0.00,95.88
02:12:39,4,4.08,0.00,2.04,0.00,0.00,0.00,0.00,0.00,0.00,93.88
02:12:39,5,3.06,0.00,2.04,0.00,0.00,1.02,0.00,0.00,0.00,93.88
02:12:39,6,4.08,0.00,1.02,0.00,0.00,0.00,0.00,0.00,0.00,94.90
02:12:39,7,3.03,0.00,3.03,0.00,0.00,1.01,0.00,0.00,0.00,92.93
02:12:39,12,3.00,0.00,3.00,0.00,0.00,1.00,0.00,0.00,0.00,93.00
02:12:39,13,2.97,0.00,3.96,0.00,0.00,0.99,0.00,0.00,0.00,92.08
02:12:39,14,4.04,0.00,2.02,0.00,0.00,1.01,0.00,0.00,0.00,92.93
02:12:39,15,2.00,0.00,4.00,0.00,0.00,1.00,0.00,0.00,0.00,93.00
02:12:40,4,6.12,0.00,3.06,0.00,0.00,1.02,0.00,0.00,0.00,89.80
02:12:40,5,5.10,0.00,3.06,0.00,0.00,1.02,0.00,0.00,0.00,90.82
02:12:40,6,4.00,0.00,3.00,0.00,0.00,1.00,0.00,0.00,0.00,92.00
02:12:40,7,3.03,0.00,2.02,0.00,0.00,1.01,0.00,0.00,0.00,93.94
02:12:40,12,3.03,0.00,3.03,0.00,0.00,1.01,0.00,0.00,0.00,92.93
02:12:40,13,3.06,0.00,3.06,0.00,0.00,1.02,0.00,0.00,0.00,92.86
02:12:40,14,3.03,0.00,3.03,0.00,0.00,1.01,0.00,0.00,0.00,92.93
02:12:40,15,5.10,0.00,1.02,0.00,0.00,0.00,0.00,0.00,0.00,93.88
02:12:41,4,2.02,0.00,3.03,0.00,0.00,1.01,0.00,0.00,0.00,93.94
02:12:41,5,3.06,0.00,2.04,0.00,0.00,1.02,0.00,0.00,0.00,93.88
02:12:41,6,3.03,0.00,2.02,0.00,0.00,1.01,0.00,0.00,0.00,93.94
02:12:41,7,2.04,0.00,2.04,0.00,0.00,1.02,0.00,0.00,0.00,94.90
02:12:41,12,4.00,0.00,3.00,0.00,0.00,0.00,0.00,0.00,0.00,93.00
02:12:41,13,2.02,0.00,4.04,0.00,0.00,1.01,0.00,0.00,0.00,92.93
02:12:41,14,4.04,0.00,2.02,0.00,0.00,0.00,0.00,0.00,0.00,93.94
02:12:41,15,2.00,0.00,4.00,0.00,0.00,1.00,0.00,0.00,0.00,93.00
02:12:42,4,3.06,0.00,1.02,0.00,0.00,1.02,0.00,0.00,0.00,94.90
02:12:42,5,3.96,0.00,2.97,0.00,0.00,0.99,0.00,0.00,0.00,92.08
02:12:42,6,2.04,0.00,2.04,0.00,0.00,1.02,0.00,0.00,0.00,94.90
02:12:42,7,3.03,0.00,3.03,0.00,0.00,0.00,0.00,0.00,0.00,93.94
02:12:42,12,3.03,0.00,2.02,0.00,0.00,1.01,0.00,0.00,0.00,93.94
02:12:42,13,3.06,0.00,2.04,0.00,0.00,1.02,0.00,0.00,0.00,93.88
02:12:42,14,3.06,0.00,2.04,0.00,0.00,1.02,0.00,0.00,0.00,93.88
02:12:42,15,2.04,0.00,2.04,0.00,0.00,1.02,0.00,0.00,0.00,94.90
02:12:43,4,3.06,0.00,3.06,0.00,0.00,0.00,0.00,0.00,0.00,93.88
02:12:43,5,3.09,0.00,3.09,0.00,0.00,0.00,0.00,0.00,0.00,93.81
02:12:43,6,3.06,0.00,2.04,0.00,0.00,1.02,0.00,0.00,0.00,93.88
02:12:43,7,3.03,0.00,2.02,0.00,0.00,1.01,0.00,0.00,0.00,93.94
02:12:43,12,2.04,0.00,3.06,0.00,0.00,1.02,0.00,0.00,0.00,93.88
02:12:43,13,3.06,0.00,2.04,0.00,0.00,1.02,0.00,0.00,0.00,93.88
02:12:43,14,2.00,0.00,4.00,0.00,0.00,1.00,0.00,0.00,0.00,93.00
02:12:43,15,3.06,0.00,2.04,0.00,0.00,1.02,0.00,0.00,0.00,93.88
02:12:44,4,3.00,0.00,3.00,0.00,0.00,2.00,0.00,0.00,0.00,92.00
02:12:44,5,4.04,0.00,3.03,0.00,0.00,1.01,0.00,0.00,0.00,91.92
02:12:44,6,3.03,0.00,3.03,0.00,0.00,0.00,0.00,0.00,0.00,93.94
02:12:44,7,2.02,0.00,3.03,0.00,0.00,1.01,0.00,0.00,0.00,93.94
02:12:44,12,2.97,0.00,3.96,0.00,0.00,1.98,0.00,0.00,0.00,91.09
02:12:44,13,2.04,0.00,3.06,0.00,0.00,1.02,0.00,0.00,0.00,93.88
02:12:44,14,4.00,0.00,3.00,0.00,0.00,1.00,0.00,0.00,0.00,92.00
02:12:44,15,4.08,0.00,2.04,0.00,0.00,0.00,0.00,0.00,0.00,93.88
02:12:45,4,7.07,0.00,3.03,0.00,0.00,0.00,0.00,0.00,0.00,89.90
02:12:45,5,5.15,0.00,4.12,0.00,0.00,1.03,0.00,0.00,0.00,89.69
02:12:45,6,4.00,0.00,2.00,0.00,0.00,1.00,0.00,0.00,0.00,93.00
02:12:45,7,4.04,0.00,2.02,0.00,0.00,1.01,0.00,0.00,0.00,92.93
02:12:45,12,4.04,0.00,2.02,0.00,0.00,1.01,0.00,0.00,0.00,92.93
02:12:45,13,4.04,0.00,2.02,0.00,0.00,1.01,0.00,0.00,0.00,92.93
02:12:45,14,3.09,0.00,2.06,0.00,0.00,0.00,0.00,0.00,0.00,94.85
02:12:45,15,3.00,0.00,3.00,0.00,0.00,1.00,0.00,0.00,0.00,93.00
02:12:46,4,3.06,0.00,3.06,0.00,0.00,1.02,0.00,0.00,0.00,92.86
02:12:46,5,4.00,0.00,3.00,0.00,0.00,1.00,0.00,0.00,0.00,92.00
02:12:46,6,3.06,0.00,2.04,0.00,0.00,1.02,0.00,0.00,0.00,93.88
02:12:46,7,2.04,0.00,3.06,0.00,0.00,0.00,0.00,0.00,0.00,94.90
02:12:46,12,3.09,0.00,2.06,0.00,0.00,0.00,0.00,0.00,0.00,94.85
02:12:46,13,3.03,0.00,3.03,0.00,0.00,1.01,0.00,0.00,0.00,92.93
02:12:46,14,4.00,0.00,2.00,0.00,0.00,1.00,0.00,0.00,0.00,93.00
02:12:46,15,2.04,0.00,3.06,0.00,0.00,0.00,0.00,0.00,0.00,94.90
02:12:47,4,3.00,0.00,3.00,0.00,0.00,1.00,0.00,0.00,0.00,93.00
02:12:47,5,3.06,0.00,2.04,0.00,0.00,1.02,0.00,0.00,0.00,93.88
02:12:47,6,3.03,0.00,2.02,0.00,0.00,1.01,0.00,0.00,0.00,93.94
02:12:47,7,3.03,0.00,2.02,0.00,0.00,1.01,0.00,0.00,0.00,93.94
02:12:47,12,3.03,0.00,2.02,0.00,0.00,1.01,0.00,0.00,0.00,93.94
02:12:47,13,4.00,0.00,2.00,0.00,0.00,1.00,0.00,0.00,0.00,93.00
02:12:47,14,2.08,0.00,2.08,0.00,0.00,0.00,0.00,0.00,0.00,95.83
02:12:47,15,4.00,0.00,3.00,0.00,0.00,1.00,0.00,0.00,0.00,92.00
02:12:48,4,3.06,0.00,2.04,0.00,0.00,1.02,0.00,0.00,0.00,93.88
02:12:48,5,4.04,0.00,2.02,0.00,0.00,1.01,0.00,0.00,0.00,92.93
02:12:48,6,3.03,0.00,3.03,0.00,0.00,1.01,0.00,0.00,0.00,92.93
02:12:48,7,2.06,0.00,2.06,0.00,0.00,1.03,0.00,0.00,0.00,94.85
02:12:48,12,3.03,0.00,3.03,0.00,0.00,1.01,0.00,0.00,0.00,92.93
02:12:48,13,2.06,0.00,2.06,0.00,0.00,1.03,0.00,0.00,0.00,94.85
02:12:48,14,4.04,0.00,2.02,0.00,0.00,1.01,0.00,0.00,0.00,92.93
02:12:48,15,3.06,0.00,1.02,0.00,0.00,1.02,0.00,0.00,0.00,94.90
02:12:49,4,2.06,0.00,2.06,0.00,0.00,1.03,0.00,0.00,0.00,94.85
02:12:49,5,3.09,0.00,2.06,0.00,0.00,1.03,0.00,0.00,0.00,93.81
02:12:49,6,2.04,0.00,2.04,0.00,0.00,1.02,0.00,0.00,0.00,94.90
02:12:49,7,3.00,0.00,3.00,0.00,0.00,1.00,0.00,0.00,0.00,93.00
02:12:49,12,1.03,0.00,3.09,0.00,0.00,1.03,0.00,0.00,0.00,94.85
02:12:49,13,3.96,0.00,3.96,0.00,0.00,0.99,0.00,0.00,0.00,91.09
02:12:49,14,3.92,0.00,2.94,0.00,0.00,1.96,0.00,0.00,0.00,91.18
02:12:49,15,3.03,0.00,3.03,0.00,0.00,0.00,0.00,0.00,0.00,93.94
02:12:50,4,6.06,0.00,2.02,0.00,0.00,1.01,0.00,0.00,0.00,90.91
02:12:50,5,4.04,0.00,2.02,0.00,0.00,1.01,0.00,0.00,0.00,92.93
02:12:50,6,4.00,0.00,3.00,0.00,0.00,1.00,0.00,0.00,0.00,92.00
02:12:50,7,3.03,0.00,2.02,0.00,0.00,1.01,0.00,0.00,0.00,93.94
02:12:50,12,3.00,0.00,3.00,0.00,0.00,1.00,0.00,0.00,0.00,93.00
02:12:50,13,3.09,0.00,4.12,0.00,0.00,0.00,0.00,0.00,0.00,92.78
02:12:50,14,4.08,0.00,2.04,0.00,0.00,1.02,0.00,0.00,0.00,92.86
02:12:50,15,3.00,0.00,3.00,0.00,0.00,1.00,0.00,0.00,0.00,93.00
02:12:51,4,2.02,0.00,3.03,0.00,0.00,1.01,0.00,0.00,0.00,93.94
02:12:51,5,4.08,0.00,3.06,0.00,0.00,1.02,0.00,0.00,0.00,91.84
02:12:51,6,2.04,0.00,2.04,0.00,0.00,1.02,0.00,0.00,0.00,94.90
02:12:51,7,4.00,0.00,3.00,0.00,0.00,1.00,0.00,0.00,0.00,92.00
02:12:51,12,2.06,0.00,3.09,0.00,0.00,0.00,0.00,0.00,0.00,94.85
02:12:51,13,2.02,0.00,3.03,0.00,0.00,2.02,0.00,0.00,0.00,92.93
02:12:51,14,4.00,0.00,3.00,0.00,0.00,1.00,0.00,0.00,0.00,92.00
02:12:51,15,3.06,0.00,3.06,0.00,0.00,0.00,0.00,0.00,0.00,93.88
02:12:52,4,3.03,0.00,3.03,0.00,0.00,1.01,0.00,0.00,0.00,92.93
02:12:52,5,3.09,0.00,2.06,0.00,0.00,0.00,0.00,0.00,0.00,94.85
02:12:52,6,2.00,0.00,3.00,0.00,0.00,2.00,0.00,0.00,0.00,93.00
02:12:52,7,3.03,0.00,3.03,0.00,0.00,1.01,0.00,0.00,0.00,92.93
02:12:52,12,4.95,0.00,1.98,0.00,0.00,0.99,0.00,0.00,0.00,92.08
02:12:52,13,3.06,0.00,3.06,0.00,0.00,0.00,0.00,0.00,0.00,93.88
02:12:52,14,3.06,0.00,1.02,0.00,0.00,1.02,0.00,0.00,0.00,94.90
02:12:52,15,2.02,0.00,3.03,0.00,0.00,1.01,0.00,0.00,0.00,93.94
02:12:53,4,3.06,0.00,2.04,0.00,0.00,1.02,0.00,0.00,0.00,93.88
02:12:53,5,3.03,0.00,3.03,0.00,0.00,1.01,0.00,0.00,0.00,92.93
02:12:53,6,4.00,0.00,3.00,0.00,0.00,1.00,0.00,0.00,0.00,92.00
02:12:53,7,3.03,0.00,2.02,0.00,0.00,1.01,0.00,0.00,0.00,93.94
02:12:53,12,3.03,0.00,3.03,0.00,0.00,1.01,0.00,0.00,0.00,92.93
02:12:53,13,3.96,0.00,2.97,0.00,0.00,0.99,0.00,0.00,0.00,92.08
02:12:53,14,3.09,0.00,2.06,0.00,0.00,0.00,0.00,0.00,0.00,94.85
02:12:53,15,4.04,0.00,2.02,0.00,0.00,1.01,0.00,0.00,0.00,92.93
02:12:54,4,3.03,0.00,2.02,0.00,0.00,1.01,0.00,0.00,0.00,93.94
02:12:54,5,4.00,0.00,3.00,0.00,0.00,1.00,0.00,0.00,0.00,92.00
02:12:54,6,3.09,0.00,2.06,0.00,0.00,0.00,0.00,0.00,0.00,94.85
02:12:54,7,3.00,0.00,3.00,0.00,0.00,1.00,0.00,0.00,0.00,93.00
02:12:54,12,3.03,0.00,3.03,0.00,0.00,1.01,0.00,0.00,0.00,92.93
02:12:54,13,4.12,0.00,2.06,0.00,0.00,0.00,0.00,0.00,0.00,93.81
02:12:54,14,2.06,0.00,2.06,0.00,0.00,1.03,0.00,0.00,0.00,94.85
02:12:54,15,3.92,0.00,3.92,0.00,0.00,0.98,0.00,0.00,0.00,91.18
02:12:55,4,3.09,0.00,2.06,0.00,0.00,0.00,0.00,0.00,0.00,94.85
02:12:55,5,3.06,0.00,3.06,0.00,0.00,1.02,0.00,0.00,0.00,92.86
02:12:55,6,3.00,0.00,3.00,0.00,0.00,1.00,0.00,0.00,0.00,93.00
02:12:55,7,2.08,0.00,1.04,2.08,0.00,0.00,0.00,0.00,0.00,94.79
02:12:55,12,4.04,0.00,2.02,0.00,0.00,0.00,0.00,0.00,0.00,93.94
02:12:55,13,3.00,0.00,3.00,0.00,0.00,1.00,0.00,0.00,0.00,93.00
02:12:55,14,4.00,0.00,3.00,0.00,0.00,1.00,0.00,0.00,0.00,92.00
02:12:55,15,2.04,0.00,2.04,0.00,0.00,1.02,0.00,0.00,0.00,94.90
02:12:56,4,3.00,0.00,3.00,0.00,0.00,2.00,0.00,0.00,0.00,92.00
02:12:56,5,5.05,0.00,4.04,0.00,0.00,1.01,0.00,0.00,0.00,89.90
02:12:56,6,3.03,0.00,3.03,0.00,0.00,1.01,0.00,0.00,0.00,92.93
02:12:56,7,3.92,0.00,3.92,0.00,0.00,1.96,0.00,0.00,0.00,90.20
02:12:56,12,3.03,0.00,3.03,0.00,0.00,1.01,0.00,0.00,0.00,92.93
02:12:56,13,6.06,0.00,3.03,0.00,0.00,1.01,0.00,0.00,0.00,89.90
02:12:56,14,4.04,0.00,2.02,0.00,0.00,1.01,0.00,0.00,0.00,92.93
02:12:56,15,4.00,0.00,3.00,0.00,0.00,0.00,0.00,0.00,0.00,93.00
02:12:57,4,4.04,0.00,2.02,0.00,0.00,0.00,0.00,0.00,0.00,93.94
02:12:57,5,3.06,0.00,2.04,0.00,0.00,1.02,0.00,0.00,0.00,93.88
02:12:57,6,3.03,0.00,2.02,0.00,0.00,1.01,0.00,0.00,0.00,93.94
02:12:57,7,3.03,0.00,2.02,0.00,0.00,1.01,0.00,0.00,0.00,93.94
02:12:57,12,3.06,0.00,2.04,0.00,0.00,1.02,0.00,0.00,0.00,93.88
02:12:57,13,3.03,0.00,3.03,0.00,0.00,1.01,0.00,0.00,0.00,92.93
02:12:57,14,3.96,0.00,2.97,0.00,0.00,0.99,0.00,0.00,0.00,92.08
02:12:57,15,4.04,0.00,2.02,0.00,0.00,1.01,0.00,0.00,0.00,92.93
02:12:58,4,3.06,0.00,2.04,0.00,0.00,1.02,0.00,0.00,0.00,93.88
02:12:58,5,3.06,0.00,3.06,0.00,0.00,0.00,0.00,0.00,0.00,93.88
02:12:58,6,3.03,0.00,2.02,0.00,0.00,1.01,0.00,0.00,0.00,93.94
02:12:58,7,2.04,0.00,3.06,0.00,0.00,1.02,0.00,0.00,0.00,93.88
02:12:58,12,2.06,0.00,2.06,0.00,0.00,0.00,0.00,0.00,0.00,95.88
02:12:58,13,4.00,0.00,3.00,0.00,0.00,1.00,0.00,0.00,0.00,92.00
02:12:58,14,2.06,0.00,2.06,0.00,0.00,1.03,0.00,0.00,0.00,94.85
02:12:58,15,3.00,0.00,3.00,0.00,0.00,1.00,0.00,0.00,0.00,93.00
02:12:59,4,3.03,0.00,4.04,0.00,0.00,1.01,0.00,0.00,0.00,91.92
02:12:59,5,4.00,0.00,2.00,0.00,0.00,1.00,0.00,0.00,0.00,93.00
02:12:59,6,3.06,0.00,2.04,0.00,0.00,0.00,0.00,0.00,0.00,94.90
02:12:59,7,3.03,0.00,2.02,0.00,0.00,1.01,0.00,0.00,0.00,93.94
02:12:59,12,3.03,0.00,3.03,0.00,0.00,1.01,0.00,0.00,0.00,92.93
02:12:59,13,4.00,0.00,2.00,0.00,0.00,2.00,0.00,0.00,0.00,92.00
02:12:59,14,3.06,0.00,2.04,0.00,0.00,0.00,0.00,0.00,0.00,94.90
02:12:59,15,4.00,0.00,2.00,0.00,0.00,1.00,0.00,0.00,0.00,93.00
02:13:00,4,3.06,0.00,2.04,0.00,0.00,1.02,0.00,0.00,0.00,93.88
02:13:00,5,4.12,0.00,2.06,0.00,0.00,0.00,0.00,0.00,0.00,93.81
02:13:00,6,4.00,0.00,2.00,0.00,0.00,1.00,0.00,0.00,0.00,93.00
02:13:00,7,3.06,0.00,3.06,0.00,0.00,1.02,0.00,0.00,0.00,92.86
02:13:00,12,3.09,0.00,2.06,0.00,0.00,0.00,0.00,0.00,0.00,94.85
02:13:00,13,3.03,0.00,3.03,0.00,0.00,0.00,0.00,0.00,0.00,93.94
02:13:00,14,4.00,0.00,3.00,0.00,0.00,1.00,0.00,0.00,0.00,92.00
02:13:00,15,3.06,0.00,2.04,0.00,0.00,1.02,0.00,0.00,0.00,93.88
02:13:01,4,4.08,0.00,3.06,0.00,0.00,0.00,0.00,0.00,0.00,92.86
02:13:01,5,4.12,0.00,2.06,0.00,0.00,1.03,0.00,0.00,0.00,92.78
02:13:01,6,3.03,0.00,3.03,0.00,0.00,1.01,0.00,0.00,0.00,92.93
02:13:01,7,2.06,0.00,1.03,0.00,0.00,1.03,0.00,0.00,0.00,95.88
02:13:01,12,3.03,0.00,2.02,0.00,0.00,1.01,0.00,0.00,0.00,93.94
02:13:01,13,4.08,0.00,3.06,0.00,0.00,1.02,0.00,0.00,0.00,91.84
02:13:01,14,3.06,0.00,2.04,0.00,0.00,1.02,0.00,0.00,0.00,93.88
02:13:01,15,2.04,0.00,3.06,0.00,0.00,1.02,0.00,0.00,0.00,93.88
02:13:02,4,2.04,0.00,3.06,0.00,0.00,1.02,0.00,0.00,0.00,93.88
02:13:02,5,4.08,0.00,2.04,0.00,0.00,0.00,0.00,0.00,0.00,93.88
02:13:02,6,2.04,0.00,3.06,0.00,0.00,1.02,0.00,0.00,0.00,93.88
02:13:02,7,3.03,0.00,2.02,0.00,0.00,1.01,0.00,0.00,0.00,93.94
02:13:02,12,3.06,0.00,2.04,0.00,0.00,1.02,0.00,0.00,0.00,93.88
02:13:02,13,3.06,0.00,2.04,0.00,0.00,1.02,0.00,0.00,0.00,93.88
02:13:02,14,3.00,0.00,4.00,0.00,0.00,1.00,0.00,0.00,0.00,92.00
02:13:02,15,3.00,0.00,3.00,0.00,0.00,1.00,0.00,0.00,0.00,93.00
02:13:03,4,4.00,0.00,3.00,0.00,0.00,1.00,0.00,0.00,0.00,92.00
02:13:03,5,3.06,0.00,2.04,0.00,0.00,1.02,0.00,0.00,0.00,93.88
02:13:03,6,2.06,0.00,2.06,0.00,0.00,0.00,0.00,0.00,0.00,95.88
02:13:03,7,2.04,0.00,2.04,0.00,0.00,1.02,0.00,0.00,0.00,94.90
02:13:03,12,4.00,0.00,3.00,0.00,0.00,1.00,0.00,0.00,0.00,92.00
02:13:03,13,2.04,0.00,3.06,0.00,0.00,1.02,0.00,0.00,0.00,93.88
02:13:03,14,3.06,0.00,3.06,0.00,0.00,0.00,0.00,0.00,0.00,93.88
02:13:03,15,2.02,0.00,3.03,0.00,0.00,1.01,0.00,0.00,0.00,93.94
02:13:04,4,2.00,0.00,2.00,0.00,0.00,0.00,0.00,0.00,0.00,96.00
02:13:04,5,5.05,0.00,2.02,0.00,0.00,1.01,0.00,0.00,0.00,91.92
02:13:04,6,2.02,0.00,0.00,0.00,0.00,1.01,0.00,0.00,0.00,96.97
02:13:04,7,1.00,0.00,2.00,0.00,0.00,0.00,0.00,0.00,0.00,97.00
02:13:04,12,1.01,0.00,2.02,0.00,0.00,0.00,0.00,0.00,0.00,96.97
02:13:04,13,2.02,0.00,0.00,0.00,0.00,0.00,0.00,0.00,0.00,97.98
02:13:04,14,1.01,0.00,1.01,0.00,0.00,1.01,0.00,0.00,0.00,96.97
02:13:04,15,2.04,0.00,1.02,0.00,0.00,0.00,0.00,0.00,0.00,96.94
02:13:05,4,0.00,0.00,0.00,0.00,0.00,0.00,0.00,0.00,0.00,100.00
02:13:05,5,0.00,0.00,0.00,0.00,0.00,0.00,0.00,0.00,0.00,100.00
02:13:05,6,0.00,0.00,1.00,0.00,0.00,0.00,0.00,0.00,0.00,99.00
02:13:05,7,0.00,0.00,0.00,0.00,0.00,0.00,0.00,0.00,0.00,100.00
02:13:05,12,0.00,0.00,0.99,0.00,0.00,0.00,0.00,0.00,0.00,99.01
02:13:05,13,0.00,0.00,0.00,0.00,0.00,0.00,0.00,0.00,0.00,100.00
02:13:05,14,1.00,0.00,0.00,0.00,0.00,0.00,0.00,0.00,0.00,99.00
02:13:05,15,0.00,0.00,0.99,0.00,0.00,0.00,0.00,0.00,0.00,99.01
02:13:06,4,0.00,0.00,0.00,0.00,0.00,0.00,0.00,0.00,0.00,100.00
02:13:06,5,2.00,0.00,2.00,0.00,0.00,0.00,0.00,0.00,0.00,96.00
02:13:06,6,1.00,0.00,0.00,0.00,0.00,0.00,0.00,0.00,0.00,99.00
02:13:06,7,0.00,0.00,0.00,0.00,0.00,0.00,0.00,0.00,0.00,100.00
02:13:06,12,1.00,0.00,0.00,0.00,0.00,0.00,0.00,0.00,0.00,99.00
02:13:06,13,0.00,0.00,0.00,0.00,0.00,0.00,0.00,0.00,0.00,100.00
02:13:06,14,0.00,0.00,0.99,0.00,0.00,0.00,0.00,0.00,0.00,99.01
02:13:06,15,1.98,0.00,0.99,0.00,0.00,0.00,0.00,0.00,0.00,97.03
02:13:07,4,0.00,0.00,1.00,0.00,0.00,0.00,0.00,0.00,0.00,99.00
02:13:07,5,0.00,0.00,1.00,0.00,0.00,0.00,0.00,0.00,0.00,99.00
02:13:07,6,0.00,0.00,0.00,0.00,0.00,0.00,0.00,0.00,0.00,100.00
02:13:07,7,0.00,0.00,1.00,0.00,0.00,0.00,0.00,0.00,0.00,99.00
02:13:07,12,0.00,0.00,0.00,0.00,0.00,0.00,0.00,0.00,0.00,100.00
02:13:07,13,0.00,0.00,0.00,0.00,0.00,0.00,0.00,0.00,0.00,100.00
02:13:07,14,0.00,0.00,0.00,0.00,0.00,0.00,0.00,0.00,0.00,100.00
02:13:07,15,0.00,0.00,0.00,0.00,0.00,0.00,0.00,0.00,0.00,100.00
02:13:08,4,0.99,0.00,0.00,0.00,0.00,0.00,0.00,0.00,0.00,99.01
02:13:08,5,1.00,0.00,1.00,0.00,0.00,0.00,0.00,0.00,0.00,98.00
02:13:08,6,0.00,0.00,0.00,0.00,0.00,0.00,0.00,0.00,0.00,100.00
02:13:08,7,0.00,0.00,0.00,0.00,0.00,0.00,0.00,0.00,0.00,100.00
02:13:08,12,0.00,0.00,0.00,0.00,0.00,0.00,0.00,0.00,0.00,100.00
02:13:08,13,0.00,0.00,0.00,0.00,0.00,0.00,0.00,0.00,0.00,100.00
02:13:08,14,0.00,0.00,0.00,0.00,0.00,0.00,0.00,0.00,0.00,100.00
02:13:08,15,0.00,0.00,0.00,0.00,0.00,0.00,0.00,0.00,0.00,100.00
02:13:09,4,0.00,0.00,0.00,0.00,0.00,0.00,0.00,0.00,0.00,100.00
02:13:09,5,0.00,0.00,2.00,0.00,0.00,0.00,0.00,0.00,0.00,98.00
02:13:09,6,0.00,0.00,0.00,0.00,0.00,0.00,0.00,0.00,0.00,100.00
02:13:09,7,0.00,0.00,0.00,0.00,0.00,0.00,0.00,0.00,0.00,100.00
02:13:09,12,0.00,0.00,0.00,0.00,0.00,0.00,0.00,0.00,0.00,100.00
02:13:09,13,0.00,0.00,0.99,0.00,0.00,0.00,0.00,0.00,0.00,99.01
02:13:09,14,0.00,0.00,0.00,0.00,0.00,0.00,0.00,0.00,0.00,100.00
02:13:09,15,0.00,0.00,0.00,0.00,0.00,0.00,0.00,0.00,0.00,100.00
02:13:10,4,0.00,0.00,0.00,2.00,0.00,0.00,0.00,0.00,0.00,98.00
02:13:10,5,0.00,0.00,2.02,0.00,0.00,0.00,0.00,0.00,0.00,97.98
02:13:10,6,0.99,0.00,0.00,0.00,0.00,0.00,0.00,0.00,0.00,99.01
02:13:10,7,0.00,0.00,0.99,0.00,0.00,0.00,0.00,0.00,0.00,99.01
02:13:10,12,0.00,0.00,0.00,0.00,0.00,0.00,0.00,0.00,0.00,100.00
02:13:10,13,0.00,0.00,0.00,3.06,0.00,0.00,0.00,0.00,0.00,96.94
02:13:10,14,0.00,0.00,0.00,0.00,0.00,0.00,0.00,0.00,0.00,100.00
02:13:10,15,0.00,0.00,0.00,0.00,0.00,0.00,0.00,0.00,0.00,100.00
02:13:11,4,2.00,0.00,1.00,0.00,0.00,0.00,0.00,0.00,0.00,97.00
02:13:11,5,2.00,0.00,1.00,0.00,0.00,0.00,0.00,0.00,0.00,97.00
02:13:11,6,0.00,0.00,0.00,0.00,0.00,0.00,0.00,0.00,0.00,100.00
02:13:11,7,0.00,0.00,0.00,0.00,0.00,0.00,0.00,0.00,0.00,100.00
02:13:11,12,0.00,0.00,0.00,0.00,0.00,0.00,0.00,0.00,0.00,100.00
02:13:11,13,0.00,0.00,0.00,0.00,0.00,0.00,0.00,0.00,0.00,100.00
02:13:11,14,0.00,0.00,0.00,0.00,0.00,0.00,0.00,0.00,0.00,100.00
02:13:11,15,1.98,0.00,0.00,0.00,0.00,0.00,0.00,0.00,0.00,98.02
02:13:12,4,0.00,0.00,0.00,0.00,0.00,0.00,0.00,0.00,0.00,100.00
02:13:12,5,0.00,0.00,1.00,0.00,0.00,0.00,0.00,0.00,0.00,99.00
02:13:12,6,0.00,0.00,0.00,0.00,0.00,0.00,0.00,0.00,0.00,100.00
02:13:12,7,0.00,0.00,1.00,0.00,0.00,0.00,0.00,0.00,0.00,99.00
02:13:12,12,0.00,0.00,0.00,0.00,0.00,0.00,0.00,0.00,0.00,100.00
02:13:12,13,0.00,0.00,0.00,0.00,0.00,0.00,0.00,0.00,0.00,100.00
02:13:12,14,0.00,0.00,0.00,0.00,0.00,0.00,0.00,0.00,0.00,100.00
02:13:12,15,0.00,0.00,0.00,0.00,0.00,0.00,0.00,0.00,0.00,100.00
02:13:13,4,0.00,0.00,0.00,0.00,0.00,0.00,0.00,0.00,0.00,100.00
02:13:13,5,1.00,0.00,0.00,0.00,0.00,0.00,0.00,0.00,0.00,99.00
02:13:13,6,0.00,0.00,0.99,0.00,0.00,0.00,0.00,0.00,0.00,99.01
02:13:13,7,0.00,0.00,0.00,0.00,0.00,0.00,0.00,0.00,0.00,100.00
02:13:13,12,0.00,0.00,0.00,0.00,0.00,0.00,0.00,0.00,0.00,100.00
02:13:13,13,0.00,0.00,0.00,0.00,0.00,0.00,0.00,0.00,0.00,100.00
02:13:13,14,0.00,0.00,0.00,0.00,0.00,0.00,0.00,0.00,0.00,100.00
02:13:13,15,0.00,0.00,0.99,0.00,0.00,0.00,0.00,0.00,0.00,99.01
02:13:14,4,0.00,0.00,0.00,0.00,0.00,0.00,0.00,0.00,0.00,100.00
02:13:14,5,0.00,0.00,1.01,0.00,0.00,0.00,0.00,0.00,0.00,98.99
02:13:14,6,0.00,0.00,0.00,0.00,0.00,0.00,0.00,0.00,0.00,100.00
02:13:14,7,0.00,0.00,0.00,0.00,0.00,0.00,0.00,0.00,0.00,100.00
02:13:14,12,0.00,0.00,0.00,0.00,0.00,0.00,0.00,0.00,0.00,100.00
02:13:14,13,0.00,0.00,0.00,0.00,0.00,0.00,0.00,0.00,0.00,100.00
02:13:14,14,0.00,0.00,0.00,0.00,0.00,0.00,0.00,0.00,0.00,100.00
02:13:14,15,0.00,0.00,0.00,0.00,0.00,0.00,0.00,0.00,0.00,100.00
