layer,campaign,contract,pair,group,arm,n,mean_cpu_per_req_ms,spread_pct
arm_order,20260805T140104Z-spring-triad-n3,heavy,1-tomcat-vs-compat,repeat01,target-a,2,1.090448,0.2557
arm_order,20260805T140104Z-spring-triad-n3,heavy,1-tomcat-vs-compat,repeat01,target-b,2,0.966435,0.8661
arm_order,20260805T140104Z-spring-triad-n3,heavy,1-tomcat-vs-compat,repeat02,target-a,2,1.108192,0.4750
arm_order,20260805T140104Z-spring-triad-n3,heavy,1-tomcat-vs-compat,repeat02,target-b,2,0.972087,0.3377
arm_order,20260805T140104Z-spring-triad-n3,heavy,1-tomcat-vs-compat,repeat03,target-a,2,1.094912,0.2687
arm_order,20260805T140104Z-spring-triad-n3,heavy,1-tomcat-vs-compat,repeat03,target-b,2,0.977031,0.5554
arm_order,20260805T140104Z-spring-triad-n3,heavy,2-tomcat-vs-pure,repeat01,target-a,2,1.053128,0.0302
arm_order,20260805T140104Z-spring-triad-n3,heavy,2-tomcat-vs-pure,repeat01,target-b,2,0.953487,0.0953
arm_order,20260805T140104Z-spring-triad-n3,heavy,2-tomcat-vs-pure,repeat02,target-a,2,1.102352,0.0734
arm_order,20260805T140104Z-spring-triad-n3,heavy,2-tomcat-vs-pure,repeat02,target-b,2,0.932584,0.2951
arm_order,20260805T140104Z-spring-triad-n3,heavy,2-tomcat-vs-pure,repeat03,target-a,2,1.084768,0.3832
arm_order,20260805T140104Z-spring-triad-n3,heavy,2-tomcat-vs-pure,repeat03,target-b,2,0.962002,0.3023
arm_order,20260805T140104Z-spring-triad-n3,heavy,3-compat-vs-pure,repeat01,target-a,2,0.997701,0.0441
arm_order,20260805T140104Z-spring-triad-n3,heavy,3-compat-vs-pure,repeat01,target-b,2,0.977162,0.1479
arm_order,20260805T140104Z-spring-triad-n3,heavy,3-compat-vs-pure,repeat02,target-a,2,0.993543,0.8706
arm_order,20260805T140104Z-spring-triad-n3,heavy,3-compat-vs-pure,repeat02,target-b,2,0.975808,0.3007
arm_order,20260805T140104Z-spring-triad-n3,heavy,3-compat-vs-pure,repeat03,target-a,2,0.997052,0.1902
arm_order,20260805T140104Z-spring-triad-n3,heavy,3-compat-vs-pure,repeat03,target-b,2,0.969451,0.1073
arm_order,20260805T140104Z-spring-triad-n3,light,1-tomcat-vs-compat,repeat01,target-a,2,0.145437,2.4987
arm_order,20260805T140104Z-spring-triad-n3,light,1-tomcat-vs-compat,repeat01,target-b,2,0.097604,0.0061
arm_order,20260805T140104Z-spring-triad-n3,light,1-tomcat-vs-compat,repeat02,target-a,2,0.146684,1.7078
arm_order,20260805T140104Z-spring-triad-n3,light,1-tomcat-vs-compat,repeat02,target-b,2,0.097311,0.4439
arm_order,20260805T140104Z-spring-triad-n3,light,1-tomcat-vs-compat,repeat03,target-a,2,0.145710,2.6484
arm_order,20260805T140104Z-spring-triad-n3,light,1-tomcat-vs-compat,repeat03,target-b,2,0.097549,0.2040
arm_order,20260805T140104Z-spring-triad-n3,light,2-tomcat-vs-pure,repeat01,target-a,2,0.152801,0.4483
arm_order,20260805T140104Z-spring-triad-n3,light,2-tomcat-vs-pure,repeat01,target-b,2,0.090930,0.3805
arm_order,20260805T140104Z-spring-triad-n3,light,2-tomcat-vs-pure,repeat02,target-a,2,0.144078,2.8304
arm_order,20260805T140104Z-spring-triad-n3,light,2-tomcat-vs-pure,repeat02,target-b,2,0.088403,0.9887
arm_order,20260805T140104Z-spring-triad-n3,light,2-tomcat-vs-pure,repeat03,target-a,2,0.149196,0.1924
arm_order,20260805T140104Z-spring-triad-n3,light,2-tomcat-vs-pure,repeat03,target-b,2,0.090351,0.2479
arm_order,20260805T140104Z-spring-triad-n3,light,3-compat-vs-pure,repeat01,target-a,2,0.099371,0.8966
arm_order,20260805T140104Z-spring-triad-n3,light,3-compat-vs-pure,repeat01,target-b,2,0.092538,0.7446
arm_order,20260805T140104Z-spring-triad-n3,light,3-compat-vs-pure,repeat02,target-a,2,0.099381,1.4500
arm_order,20260805T140104Z-spring-triad-n3,light,3-compat-vs-pure,repeat02,target-b,2,0.090930,0.3211
arm_order,20260805T140104Z-spring-triad-n3,light,3-compat-vs-pure,repeat03,target-a,2,0.099607,0.2550
arm_order,20260805T140104Z-spring-triad-n3,light,3-compat-vs-pure,repeat03,target-b,2,0.091534,2.7148
arm_order,20260806T183034Z-spring-ladder-n3,heavy,1-tomcat-vs-pure,repeat01,target-a,2,1.091499,0.2038
arm_order,20260806T183034Z-spring-ladder-n3,heavy,1-tomcat-vs-pure,repeat01,target-b,2,0.953936,0.3004
arm_order,20260806T183034Z-spring-ladder-n3,heavy,1-tomcat-vs-pure,repeat02,target-a,2,1.074166,0.3708
arm_order,20260806T183034Z-spring-ladder-n3,heavy,1-tomcat-vs-pure,repeat02,target-b,2,0.943268,0.2877
arm_order,20260806T183034Z-spring-ladder-n3,heavy,1-tomcat-vs-pure,repeat03,target-a,2,1.066949,0.5077
arm_order,20260806T183034Z-spring-ladder-n3,heavy,1-tomcat-vs-pure,repeat03,target-b,2,0.944490,0.8792
arm_order,20260806T183034Z-spring-ladder-n3,heavy,2-pure-vs-purenative,repeat01,target-a,2,0.968922,0.9462
arm_order,20260806T183034Z-spring-ladder-n3,heavy,2-pure-vs-purenative,repeat01,target-b,2,0.230757,0.0416
arm_order,20260806T183034Z-spring-ladder-n3,heavy,2-pure-vs-purenative,repeat02,target-a,2,0.964393,0.4730
arm_order,20260806T183034Z-spring-ladder-n3,heavy,2-pure-vs-purenative,repeat02,target-b,2,0.231093,0.1566
arm_order,20260806T183034Z-spring-ladder-n3,heavy,2-pure-vs-purenative,repeat03,target-a,2,0.951920,0.4133
arm_order,20260806T183034Z-spring-ladder-n3,heavy,2-pure-vs-purenative,repeat03,target-b,2,0.230936,0.0420
arm_order,20260806T183034Z-spring-ladder-n3,heavy,3-purenative-vs-native,repeat01,target-a,2,0.231508,0.2030
arm_order,20260806T183034Z-spring-ladder-n3,heavy,3-purenative-vs-native,repeat01,target-b,2,0.213566,1.2694
arm_order,20260806T183034Z-spring-ladder-n3,heavy,3-purenative-vs-native,repeat02,target-a,2,0.231993,2.8333
arm_order,20260806T183034Z-spring-ladder-n3,heavy,3-purenative-vs-native,repeat02,target-b,2,0.211138,0.2671
arm_order,20260806T183034Z-spring-ladder-n3,heavy,3-purenative-vs-native,repeat03,target-a,2,0.228587,2.9271
arm_order,20260806T183034Z-spring-ladder-n3,heavy,3-purenative-vs-native,repeat03,target-b,2,0.211194,0.2737
arm_order,20260806T183034Z-spring-ladder-n3,heavy,4-tomcat-vs-native,repeat01,target-a,2,1.046459,0.2082
arm_order,20260806T183034Z-spring-ladder-n3,heavy,4-tomcat-vs-native,repeat01,target-b,2,0.211079,0.1919
arm_order,20260806T183034Z-spring-ladder-n3,heavy,4-tomcat-vs-native,repeat02,target-a,2,1.113764,0.3450
arm_order,20260806T183034Z-spring-ladder-n3,heavy,4-tomcat-vs-native,repeat02,target-b,2,0.209555,0.1622
arm_order,20260806T183034Z-spring-ladder-n3,heavy,4-tomcat-vs-native,repeat03,target-a,2,1.068150,0.1395
arm_order,20260806T183034Z-spring-ladder-n3,heavy,4-tomcat-vs-native,repeat03,target-b,2,0.210928,0.3963
arm_order,20260806T183034Z-spring-ladder-n3,light,1-tomcat-vs-pure,repeat01,target-a,2,0.147115,1.1365
arm_order,20260806T183034Z-spring-ladder-n3,light,1-tomcat-vs-pure,repeat01,target-b,2,0.091109,0.4116
arm_order,20260806T183034Z-spring-ladder-n3,light,1-tomcat-vs-pure,repeat02,target-a,2,0.145201,1.1143
arm_order,20260806T183034Z-spring-ladder-n3,light,1-tomcat-vs-pure,repeat02,target-b,2,0.090092,0.0688
arm_order,20260806T183034Z-spring-ladder-n3,light,1-tomcat-vs-pure,repeat03,target-a,2,0.145384,1.8358
arm_order,20260806T183034Z-spring-ladder-n3,light,1-tomcat-vs-pure,repeat03,target-b,2,0.088341,0.8546
arm_order,20260806T183034Z-spring-ladder-n3,light,2-pure-vs-purenative,repeat01,target-a,2,0.092266,0.9819
arm_order,20260806T183034Z-spring-ladder-n3,light,2-pure-vs-purenative,repeat01,target-b,2,0.068362,1.4204
arm_order,20260806T183034Z-spring-ladder-n3,light,2-pure-vs-purenative,repeat02,target-a,2,0.090732,0.1907
arm_order,20260806T183034Z-spring-ladder-n3,light,2-pure-vs-purenative,repeat02,target-b,2,0.070722,0.0990
arm_order,20260806T183034Z-spring-ladder-n3,light,2-pure-vs-purenative,repeat03,target-a,2,0.094838,0.5103
arm_order,20260806T183034Z-spring-ladder-n3,light,2-pure-vs-purenative,repeat03,target-b,2,0.069803,0.0258
arm_order,20260806T183034Z-spring-ladder-n3,light,3-purenative-vs-native,repeat01,target-a,2,0.070434,0.1477
arm_order,20260806T183034Z-spring-ladder-n3,light,3-purenative-vs-native,repeat01,target-b,2,0.050114,0.3911
arm_order,20260806T183034Z-spring-ladder-n3,light,3-purenative-vs-native,repeat02,target-a,2,0.070756,0.3067
arm_order,20260806T183034Z-spring-ladder-n3,light,3-purenative-vs-native,repeat02,target-b,2,0.051488,0.1554
arm_order,20260806T183034Z-spring-ladder-n3,light,3-purenative-vs-native,repeat03,target-a,2,0.070004,0.9428
arm_order,20260806T183034Z-spring-ladder-n3,light,3-purenative-vs-native,repeat03,target-b,2,0.051433,0.1828
arm_order,20260806T183034Z-spring-ladder-n3,light,4-tomcat-vs-native,repeat01,target-a,2,0.144936,1.8539
arm_order,20260806T183034Z-spring-ladder-n3,light,4-tomcat-vs-native,repeat01,target-b,2,0.051302,0.1949
arm_order,20260806T183034Z-spring-ladder-n3,light,4-tomcat-vs-native,repeat02,target-a,2,0.146816,0.1866
arm_order,20260806T183034Z-spring-ladder-n3,light,4-tomcat-vs-native,repeat02,target-b,2,0.049829,0.1184
arm_order,20260806T183034Z-spring-ladder-n3,light,4-tomcat-vs-native,repeat03,target-a,2,0.146787,0.3944
arm_order,20260806T183034Z-spring-ladder-n3,light,4-tomcat-vs-native,repeat03,target-b,2,0.050841,0.2144
arm_order,20260808T065528Z-purenative-vs-quarkustuned-n3,heavy,1-purenative-vs-quarkustuned,repeat01,target-a,2,0.242579,0.1039
arm_order,20260808T065528Z-purenative-vs-quarkustuned-n3,heavy,1-purenative-vs-quarkustuned,repeat01,target-b,2,0.239709,0.3116
arm_order,20260808T065528Z-purenative-vs-quarkustuned-n3,heavy,1-purenative-vs-quarkustuned,repeat02,target-a,2,0.241451,0.1437
arm_order,20260808T065528Z-purenative-vs-quarkustuned-n3,heavy,1-purenative-vs-quarkustuned,repeat02,target-b,2,0.240137,0.1020
arm_order,20260808T065528Z-purenative-vs-quarkustuned-n3,heavy,1-purenative-vs-quarkustuned,repeat03,target-a,2,0.238712,0.2983
arm_order,20260808T065528Z-purenative-vs-quarkustuned-n3,heavy,1-purenative-vs-quarkustuned,repeat03,target-b,2,0.238357,0.2945
arm_order,20260808T065528Z-purenative-vs-quarkustuned-n3,light,1-purenative-vs-quarkustuned,repeat01,target-a,2,0.071830,0.6265
arm_order,20260808T065528Z-purenative-vs-quarkustuned-n3,light,1-purenative-vs-quarkustuned,repeat01,target-b,2,0.070874,1.8512
arm_order,20260808T065528Z-purenative-vs-quarkustuned-n3,light,1-purenative-vs-quarkustuned,repeat02,target-a,2,0.071168,0.2347
arm_order,20260808T065528Z-purenative-vs-quarkustuned-n3,light,1-purenative-vs-quarkustuned,repeat02,target-b,2,0.069275,0.7145
arm_order,20260808T065528Z-purenative-vs-quarkustuned-n3,light,1-purenative-vs-quarkustuned,repeat03,target-a,2,0.072110,0.1761
arm_order,20260808T065528Z-purenative-vs-quarkustuned-n3,light,1-purenative-vs-quarkustuned,repeat03,target-b,2,0.067371,1.3285
arm_order,20260808T151608Z-purenative-vs-compnative-n3,heavy,1-purenative-vs-compnative,repeat01,target-a,2,0.240399,0.0824
arm_order,20260808T151608Z-purenative-vs-compnative-n3,heavy,1-purenative-vs-compnative,repeat01,target-b,2,0.244993,0.3343
arm_order,20260808T151608Z-purenative-vs-compnative-n3,heavy,1-purenative-vs-compnative,repeat02,target-a,2,0.240902,0.2781
arm_order,20260808T151608Z-purenative-vs-compnative-n3,heavy,1-purenative-vs-compnative,repeat02,target-b,2,0.247046,0.2267
arm_order,20260808T151608Z-purenative-vs-compnative-n3,heavy,1-purenative-vs-compnative,repeat03,target-a,2,0.241241,0.8133
arm_order,20260808T151608Z-purenative-vs-compnative-n3,heavy,1-purenative-vs-compnative,repeat03,target-b,2,0.247935,0.0387
arm_order,20260808T151608Z-purenative-vs-compnative-n3,light,1-purenative-vs-compnative,repeat01,target-a,2,0.071424,1.1579
arm_order,20260808T151608Z-purenative-vs-compnative-n3,light,1-purenative-vs-compnative,repeat01,target-b,2,0.075793,0.1821
arm_order,20260808T151608Z-purenative-vs-compnative-n3,light,1-purenative-vs-compnative,repeat02,target-a,2,0.071878,0.0988
arm_order,20260808T151608Z-purenative-vs-compnative-n3,light,1-purenative-vs-compnative,repeat02,target-b,2,0.077072,0.3685
arm_order,20260808T151608Z-purenative-vs-compnative-n3,light,1-purenative-vs-compnative,repeat03,target-a,2,0.071298,0.3408
arm_order,20260808T151608Z-purenative-vs-compnative-n3,light,1-purenative-vs-compnative,repeat03,target-b,2,0.076611,0.1083
arm_order,20260810T131208Z-hibernate-vs-jdbc-n3,heavy,1-hibernate-vs-jdbc,repeat01,target-a,2,1.062358,0.2152
arm_order,20260810T131208Z-hibernate-vs-jdbc-n3,heavy,1-hibernate-vs-jdbc,repeat01,target-b,2,0.269959,0.6149
arm_order,20260810T131208Z-hibernate-vs-jdbc-n3,heavy,1-hibernate-vs-jdbc,repeat02,target-a,2,1.072775,0.5663
arm_order,20260810T131208Z-hibernate-vs-jdbc-n3,heavy,1-hibernate-vs-jdbc,repeat02,target-b,2,0.268170,0.9979
arm_order,20260810T131208Z-hibernate-vs-jdbc-n3,heavy,1-hibernate-vs-jdbc,repeat03,target-a,2,1.084193,0.5546
arm_order,20260810T131208Z-hibernate-vs-jdbc-n3,heavy,1-hibernate-vs-jdbc,repeat03,target-b,2,0.274333,0.4542
arm_order,20260810T131208Z-hibernate-vs-jdbc-n3,light,1-hibernate-vs-jdbc,repeat01,target-a,2,0.141022,3.5760
arm_order,20260810T131208Z-hibernate-vs-jdbc-n3,light,1-hibernate-vs-jdbc,repeat01,target-b,2,0.120815,1.1406
arm_order,20260810T131208Z-hibernate-vs-jdbc-n3,light,1-hibernate-vs-jdbc,repeat02,target-a,2,0.143197,1.5147
arm_order,20260810T131208Z-hibernate-vs-jdbc-n3,light,1-hibernate-vs-jdbc,repeat02,target-b,2,0.122955,0.6328
arm_order,20260810T131208Z-hibernate-vs-jdbc-n3,light,1-hibernate-vs-jdbc,repeat03,target-a,2,0.141012,2.8111
arm_order,20260810T131208Z-hibernate-vs-jdbc-n3,light,1-hibernate-vs-jdbc,repeat03,target-b,2,0.122148,2.0991
arm_order,20260811T114140Z-security-confound-n3,heavy,1-sec-vs-nosec,repeat01,target-a,2,1.062188,0.0212
arm_order,20260811T114140Z-security-confound-n3,heavy,1-sec-vs-nosec,repeat01,target-b,2,1.022196,0.1027
arm_order,20260811T114140Z-security-confound-n3,heavy,1-sec-vs-nosec,repeat02,target-a,2,1.058823,0.0260
arm_order,20260811T114140Z-security-confound-n3,heavy,1-sec-vs-nosec,repeat02,target-b,2,1.036883,0.0353
arm_order,20260811T114140Z-security-confound-n3,heavy,1-sec-vs-nosec,repeat03,target-a,2,1.058142,0.0298
arm_order,20260811T114140Z-security-confound-n3,heavy,1-sec-vs-nosec,repeat03,target-b,2,1.023956,0.2587
arm_order,20260811T114140Z-security-confound-n3,light,1-sec-vs-nosec,repeat01,target-a,2,0.141839,1.9156
arm_order,20260811T114140Z-security-confound-n3,light,1-sec-vs-nosec,repeat01,target-b,2,0.116308,1.1298
arm_order,20260811T114140Z-security-confound-n3,light,1-sec-vs-nosec,repeat02,target-a,2,0.143236,1.7642
arm_order,20260811T114140Z-security-confound-n3,light,1-sec-vs-nosec,repeat02,target-b,2,0.117413,0.7623
arm_order,20260811T114140Z-security-confound-n3,light,1-sec-vs-nosec,repeat03,target-a,2,0.146730,0.8785
arm_order,20260811T114140Z-security-confound-n3,light,1-sec-vs-nosec,repeat03,target-b,2,0.114938,0.6595
repeat,20260805T140104Z-spring-triad-n3,heavy,1-tomcat-vs-compat,ab,target-a,3,1.097851,0.8407
repeat,20260805T140104Z-spring-triad-n3,heavy,1-tomcat-vs-compat,ab,target-b,3,0.971851,0.5456
repeat,20260805T140104Z-spring-triad-n3,heavy,1-tomcat-vs-compat,ba,target-a,3,1.098006,0.4415
repeat,20260805T140104Z-spring-triad-n3,heavy,1-tomcat-vs-compat,ba,target-b,3,0.971964,1.2910
repeat,20260805T140104Z-spring-triad-n3,heavy,2-tomcat-vs-pure,ab,target-a,3,1.080083,2.3095
repeat,20260805T140104Z-spring-triad-n3,heavy,2-tomcat-vs-pure,ab,target-b,3,0.949358,1.5945
repeat,20260805T140104Z-spring-triad-n3,heavy,2-tomcat-vs-pure,ba,target-a,3,1.081305,2.3062
repeat,20260805T140104Z-spring-triad-n3,heavy,2-tomcat-vs-pure,ba,target-b,3,0.950941,1.5621
repeat,20260805T140104Z-spring-triad-n3,heavy,3-compat-vs-pure,ab,target-a,3,0.996099,0.2246
repeat,20260805T140104Z-spring-triad-n3,heavy,3-compat-vs-pure,ab,target-b,3,0.974140,0.4226
repeat,20260805T140104Z-spring-triad-n3,heavy,3-compat-vs-pure,ba,target-a,3,0.998497,0.3537
repeat,20260805T140104Z-spring-triad-n3,heavy,3-compat-vs-pure,ba,target-b,3,0.973991,0.4283
repeat,20260805T140104Z-spring-triad-n3,light,1-tomcat-vs-compat,ab,target-a,3,0.145944,0.4492
repeat,20260805T140104Z-spring-triad-n3,light,1-tomcat-vs-compat,ab,target-b,3,0.097488,0.1597
repeat,20260805T140104Z-spring-triad-n3,light,1-tomcat-vs-compat,ba,target-a,3,0.149276,0.1743
repeat,20260805T140104Z-spring-triad-n3,light,1-tomcat-vs-compat,ba,target-b,3,0.097568,0.2049
repeat,20260805T140104Z-spring-triad-n3,light,2-tomcat-vs-pure,ab,target-a,3,0.148692,2.9479
repeat,20260805T140104Z-spring-triad-n3,light,2-tomcat-vs-pure,ab,target-b,3,0.089895,1.4727
repeat,20260805T140104Z-spring-triad-n3,light,2-tomcat-vs-pure,ba,target-a,3,0.150184,1.9207
repeat,20260805T140104Z-spring-triad-n3,light,2-tomcat-vs-pure,ba,target-b,3,0.089996,0.7370
repeat,20260805T140104Z-spring-triad-n3,light,3-compat-vs-pure,ab,target-a,3,0.099453,0.1342
repeat,20260805T140104Z-spring-triad-n3,light,3-compat-vs-pure,ab,target-b,3,0.091667,0.8861
repeat,20260805T140104Z-spring-triad-n3,light,3-compat-vs-pure,ba,target-a,3,0.100315,0.4812
repeat,20260805T140104Z-spring-triad-n3,light,3-compat-vs-pure,ba,target-b,3,0.092363,1.5891
repeat,20260806T183034Z-spring-ladder-n3,heavy,1-tomcat-vs-pure,ab,target-a,3,1.077538,1.1710
repeat,20260806T183034Z-spring-ladder-n3,heavy,1-tomcat-vs-pure,ab,target-b,3,0.947231,0.6164
repeat,20260806T183034Z-spring-ladder-n3,heavy,1-tomcat-vs-pure,ba,target-a,3,1.078757,1.2057
repeat,20260806T183034Z-spring-ladder-n3,heavy,1-tomcat-vs-pure,ba,target-b,3,0.949949,0.3728
repeat,20260806T183034Z-spring-ladder-n3,heavy,2-pure-vs-purenative,ab,target-a,3,0.961745,0.9155
repeat,20260806T183034Z-spring-ladder-n3,heavy,2-pure-vs-purenative,ab,target-b,3,0.230929,0.0728
repeat,20260806T183034Z-spring-ladder-n3,heavy,2-pure-vs-purenative,ba,target-a,3,0.964592,1.2293
repeat,20260806T183034Z-spring-ladder-n3,heavy,2-pure-vs-purenative,ba,target-b,3,0.231050,0.1719
repeat,20260806T183034Z-spring-ladder-n3,heavy,3-purenative-vs-native,ab,target-a,3,0.230696,0.7987
repeat,20260806T183034Z-spring-ladder-n3,heavy,3-purenative-vs-native,ab,target-b,3,0.211966,0.6538
repeat,20260806T183034Z-spring-ladder-n3,heavy,3-purenative-vs-native,ba,target-a,3,0.234961,1.6062
repeat,20260806T183034Z-spring-ladder-n3,heavy,3-purenative-vs-native,ba,target-b,3,0.210682,0.0719
repeat,20260806T183034Z-spring-ladder-n3,heavy,4-tomcat-vs-native,ab,target-a,3,1.076124,3.1924
repeat,20260806T183034Z-spring-ladder-n3,heavy,4-tomcat-vs-native,ab,target-b,3,0.210521,0.3989
repeat,20260806T183034Z-spring-ladder-n3,heavy,4-tomcat-vs-native,ba,target-a,3,1.077176,3.4572
repeat,20260806T183034Z-spring-ladder-n3,heavy,4-tomcat-vs-native,ba,target-b,3,0.210220,0.1927
repeat,20260806T183034Z-spring-ladder-n3,light,1-tomcat-vs-pure,ab,target-a,3,0.145900,0.7239
repeat,20260806T183034Z-spring-ladder-n3,light,1-tomcat-vs-pure,ab,target-b,3,0.089847,1.5583
repeat,20260806T183034Z-spring-ladder-n3,light,1-tomcat-vs-pure,ba,target-a,3,0.147886,0.6725
repeat,20260806T183034Z-spring-ladder-n3,light,1-tomcat-vs-pure,ba,target-b,3,0.090245,1.3259
repeat,20260806T183034Z-spring-ladder-n3,light,2-pure-vs-purenative,ab,target-a,3,0.092612,2.2403
repeat,20260806T183034Z-spring-ladder-n3,light,2-pure-vs-purenative,ab,target-b,3,0.069629,1.7085
repeat,20260806T183034Z-spring-ladder-n3,light,2-pure-vs-purenative,ba,target-a,3,0.093018,2.5643
repeat,20260806T183034Z-spring-ladder-n3,light,2-pure-vs-purenative,ba,target-b,3,0.069323,2.5201
repeat,20260806T183034Z-spring-ladder-n3,light,3-purenative-vs-native,ab,target-a,3,0.070398,0.5359
repeat,20260806T183034Z-spring-ladder-n3,light,3-purenative-vs-native,ab,target-b,3,0.051012,1.5249
repeat,20260806T183034Z-spring-ladder-n3,light,3-purenative-vs-native,ba,target-a,3,0.070725,0.3165
repeat,20260806T183034Z-spring-ladder-n3,light,3-purenative-vs-native,ba,target-b,3,0.051019,1.2054
repeat,20260806T183034Z-spring-ladder-n3,light,4-tomcat-vs-native,ab,target-a,3,0.146180,0.7369
repeat,20260806T183034Z-spring-ladder-n3,light,4-tomcat-vs-native,ab,target-b,3,0.050657,1.4874
repeat,20260806T183034Z-spring-ladder-n3,light,4-tomcat-vs-native,ba,target-a,3,0.146791,0.5039
repeat,20260806T183034Z-spring-ladder-n3,light,4-tomcat-vs-native,ba,target-b,3,0.050747,1.5316
repeat,20260808T065528Z-purenative-vs-quarkustuned-n3,heavy,1-purenative-vs-quarkustuned,ab,target-a,3,0.240914,0.8255
repeat,20260808T065528Z-purenative-vs-quarkustuned-n3,heavy,1-purenative-vs-quarkustuned,ab,target-b,3,0.239401,0.3881
repeat,20260808T065528Z-purenative-vs-quarkustuned-n3,heavy,1-purenative-vs-quarkustuned,ba,target-a,3,0.241120,0.7065
repeat,20260808T065528Z-purenative-vs-quarkustuned-n3,heavy,1-purenative-vs-quarkustuned,ba,target-b,3,0.239498,0.6665
repeat,20260808T065528Z-purenative-vs-quarkustuned-n3,light,1-purenative-vs-quarkustuned,ab,target-a,3,0.071703,0.6746
repeat,20260808T065528Z-purenative-vs-quarkustuned-n3,light,1-purenative-vs-quarkustuned,ab,target-b,3,0.069173,2.5352
repeat,20260808T065528Z-purenative-vs-quarkustuned-n3,light,1-purenative-vs-quarkustuned,ba,target-a,3,0.071455,0.6931
repeat,20260808T065528Z-purenative-vs-quarkustuned-n3,light,1-purenative-vs-quarkustuned,ba,target-b,3,0.068869,0.9476
repeat,20260808T151608Z-purenative-vs-compnative-n3,heavy,1-purenative-vs-compnative,ab,target-a,3,0.240847,0.1759
repeat,20260808T151608Z-purenative-vs-compnative-n3,heavy,1-purenative-vs-compnative,ab,target-b,3,0.246658,0.6117
repeat,20260808T151608Z-purenative-vs-compnative-n3,heavy,1-purenative-vs-compnative,ba,target-a,3,0.240483,0.4785
repeat,20260808T151608Z-purenative-vs-compnative-n3,heavy,1-purenative-vs-compnative,ba,target-b,3,0.247150,0.4765
repeat,20260808T151608Z-purenative-vs-compnative-n3,light,1-purenative-vs-compnative,ab,target-a,3,0.071533,0.4265
repeat,20260808T151608Z-purenative-vs-compnative-n3,light,1-purenative-vs-compnative,ab,target-b,3,0.076492,0.8468
repeat,20260808T151608Z-purenative-vs-compnative-n3,light,1-purenative-vs-compnative,ba,target-a,3,0.071914,0.4955
repeat,20260808T151608Z-purenative-vs-compnative-n3,light,1-purenative-vs-compnative,ba,target-b,3,0.076324,0.7776
repeat,20260810T131208Z-hibernate-vs-jdbc-n3,heavy,1-hibernate-vs-jdbc,ab,target-a,3,1.073109,1.0177
repeat,20260810T131208Z-hibernate-vs-jdbc-n3,heavy,1-hibernate-vs-jdbc,ab,target-b,3,0.270821,1.1707
repeat,20260810T131208Z-hibernate-vs-jdbc-n3,heavy,1-hibernate-vs-jdbc,ba,target-a,3,1.076376,1.4139
repeat,20260810T131208Z-hibernate-vs-jdbc-n3,heavy,1-hibernate-vs-jdbc,ba,target-b,3,0.272681,0.9311
repeat,20260810T131208Z-hibernate-vs-jdbc-n3,light,1-hibernate-vs-jdbc,ab,target-a,3,0.141744,0.8880
repeat,20260810T131208Z-hibernate-vs-jdbc-n3,light,1-hibernate-vs-jdbc,ab,target-b,3,0.121973,0.8860
repeat,20260810T131208Z-hibernate-vs-jdbc-n3,light,1-hibernate-vs-jdbc,ba,target-a,3,0.145469,0.3793
repeat,20260810T131208Z-hibernate-vs-jdbc-n3,light,1-hibernate-vs-jdbc,ba,target-b,3,0.123027,1.1859
repeat,20260811T114140Z-security-confound-n3,heavy,1-sec-vs-nosec,ab,target-a,3,1.059718,0.2044
repeat,20260811T114140Z-security-confound-n3,heavy,1-sec-vs-nosec,ab,target-b,3,1.027678,0.7804
repeat,20260811T114140Z-security-confound-n3,heavy,1-sec-vs-nosec,ba,target-a,3,1.059446,0.2085
repeat,20260811T114140Z-security-confound-n3,heavy,1-sec-vs-nosec,ba,target-b,3,1.026323,0.8602
repeat,20260811T114140Z-security-confound-n3,light,1-sec-vs-nosec,ab,target-a,3,0.143935,1.7503
repeat,20260811T114140Z-security-confound-n3,light,1-sec-vs-nosec,ab,target-b,3,0.116220,1.0668
repeat,20260811T114140Z-security-confound-n3,light,1-sec-vs-nosec,ba,target-a,3,0.146113,1.2030
repeat,20260811T114140Z-security-confound-n3,light,1-sec-vs-nosec,ba,target-b,3,0.117209,1.1553
