epoch_s,total_backends,active,idle,idle_in_txn,max_connections
1785428428,16,0,16,0,300
1785428429,16,0,16,0,300
1785428430,16,1,15,0,300
1785428431,16,0,15,1,300
1785428432,16,0,16,0,300
1785428433,16,0,15,1,300
1785428434,16,1,12,3,300
1785428435,16,1,14,1,300
1785428437,16,0,15,1,300
1785428438,17,3,10,4,300
1785428439,17,3,9,5,300
1785428440,21,0,21,0,300
1785428441,22,0,21,1,300
1785428442,22,0,22,0,300
1785428443,22,2,17,3,300
1785428444,22,1,18,3,300
1785428445,22,0,22,0,300
1785428446,22,3,16,3,300
1785428447,22,3,16,3,300
1785428448,22,3,17,2,300
1785428450,23,1,21,1,300
1785428451,23,0,22,1,300
1785428452,23,4,15,4,300
1785428453,23,4,15,4,300
1785428454,23,2,16,5,300
1785428455,23,1,21,1,300
1785428456,23,1,21,1,300
1785428457,23,1,20,2,300
1785428458,23,2,19,2,300
1785428459,24,1,22,1,300
1785428460,24,0,24,0,300
1785428461,24,3,18,3,300
1785428463,24,1,20,3,300
1785428464,24,2,20,2,300
1785428465,24,2,20,2,300
1785428466,24,3,17,4,300
1785428467,25,0,24,1,300
1785428468,25,1,21,3,300
1785428469,25,0,25,0,300
1785428470,25,0,23,2,300
1785428471,25,4,15,6,300
1785428472,25,1,22,2,300
1785428473,26,1,24,1,300
1785428474,26,2,21,3,300
1785428476,26,1,22,3,300
1785428477,26,0,25,1,300
1785428478,26,3,20,3,300
1785428479,26,3,20,3,300
1785428480,26,0,26,0,300
1785428481,26,1,22,3,300
1785428482,26,3,19,4,300
1785428483,26,2,21,3,300
1785428484,26,1,23,2,300
1785428485,26,0,25,1,300
1785428486,26,1,23,2,300
1785428487,26,0,25,1,300
1785428489,26,0,25,1,300
1785428490,26,3,19,4,300
1785428491,26,1,24,1,300
1785428492,26,1,25,0,300
1785428493,26,0,25,1,300
1785428494,26,0,26,0,300
1785428495,26,3,20,3,300
1785428496,26,0,26,0,300
1785428497,26,3,21,2,300
1785428498,26,1,24,1,300
1785428499,26,9,6,11,300
1785428500,26,1,24,1,300
1785428501,26,0,23,3,300
1785428503,26,1,24,1,300
1785428504,26,6,13,7,300
1785428505,26,2,21,3,300
1785428506,26,1,24,1,300
1785428507,26,0,23,3,300
1785428508,26,1,21,4,300
1785428509,26,1,23,2,300
1785428510,26,0,23,3,300
1785428511,26,0,26,0,300
1785428512,27,5,18,4,300
1785428513,27,1,25,1,300
1785428514,27,0,27,0,300
1785428516,27,2,22,3,300
1785428517,27,0,27,0,300
1785428518,27,1,25,1,300
1785428519,27,1,25,1,300
1785428520,27,1,24,2,300
1785428521,27,2,23,2,300
1785428522,27,0,26,1,300
1785428523,27,0,26,1,300
1785428524,27,2,22,3,300
1785428525,27,3,21,3,300
1785428526,27,1,25,1,300
1785428527,27,2,23,2,300
1785428529,27,4,19,4,300
1785428530,27,1,25,1,300
1785428531,27,4,18,5,300
1785428532,27,3,20,4,300
1785428533,27,2,24,1,300
1785428534,27,1,26,0,300
1785428535,27,2,23,2,300
1785428536,27,0,26,1,300
1785428537,27,1,25,1,300
1785428538,27,2,22,3,300
1785428539,27,3,20,4,300
1785428541,27,4,15,8,300
1785428542,27,2,23,2,300
1785428543,27,1,24,2,300
1785428544,27,1,25,1,300
1785428545,27,5,18,4,300
1785428546,27,2,21,4,300
1785428547,27,0,24,3,300
1785428548,27,0,25,2,300
1785428549,27,4,16,7,300
1785428550,27,6,15,6,300
1785428551,27,4,16,7,300
1785428552,27,3,21,3,300
1785428553,27,0,27,0,300
1785428555,27,3,19,5,300
1785428556,27,2,23,2,300
1785428557,27,3,22,2,300
1785428558,27,5,18,4,300
1785428559,27,3,18,6,300
1785428560,27,4,18,5,300
1785428561,27,0,26,1,300
1785428562,27,1,25,1,300
1785428563,27,5,16,6,300
1785428564,27,2,22,3,300
1785428565,27,1,25,1,300
1785428566,27,1,23,3,300
1785428568,27,1,23,3,300
1785428569,27,2,21,4,300
1785428570,27,3,19,5,300
1785428571,27,0,27,0,300
1785428572,27,0,27,0,300
1785428573,27,3,21,3,300
1785428574,27,2,22,3,300
1785428575,27,2,21,4,300
1785428576,27,1,25,1,300
1785428577,27,3,21,3,300
1785428578,27,0,24,3,300
1785428579,27,0,26,1,300
1785428581,27,1,23,3,300
1785428582,27,1,24,2,300
1785428583,27,0,26,1,300
1785428584,27,4,20,3,300
1785428585,27,2,23,2,300
1785428586,27,2,23,2,300
1785428587,27,2,22,3,300
1785428588,27,1,25,1,300
1785428589,27,1,25,1,300
1785428590,27,1,24,2,300
1785428591,27,2,22,3,300
1785428592,27,1,24,2,300
1785428594,27,0,26,1,300
1785428595,27,2,23,2,300
1785428596,27,2,21,4,300
1785428597,27,5,18,4,300
1785428598,27,2,23,2,300
1785428599,27,1,24,2,300
1785428600,27,0,27,0,300
1785428601,27,2,21,4,300
1785428602,27,1,25,1,300
1785428603,27,1,25,1,300
1785428604,27,3,21,3,300
1785428606,27,1,22,4,300
1785428607,27,0,27,0,300
1785428608,27,4,16,7,300
1785428609,27,0,27,0,300
1785428610,27,2,22,3,300
1785428611,27,4,19,4,300
1785428612,27,1,24,2,300
1785428613,27,2,21,4,300
1785428614,27,2,23,2,300
1785428615,27,3,21,3,300
1785428616,27,3,21,3,300
1785428617,27,1,22,4,300
1785428619,27,0,26,1,300
1785428620,27,2,22,3,300
1785428621,27,5,17,5,300
1785428622,27,1,25,1,300
1785428623,27,1,24,2,300
1785428624,27,0,27,0,300
1785428625,27,1,22,4,300
1785428626,27,2,22,3,300
1785428627,27,0,22,5,300
1785428628,27,0,27,0,300
1785428629,27,1,25,1,300
1785428630,27,2,22,3,300
1785428632,27,3,20,4,300
1785428633,27,3,19,5,300
1785428634,27,1,25,1,300
1785428635,27,2,22,3,300
1785428636,27,0,26,1,300
1785428637,27,0,27,0,300
1785428638,27,3,22,2,300
1785428639,27,3,20,4,300
1785428640,27,3,20,4,300
1785428641,27,2,24,1,300
1785428642,27,1,25,1,300
1785428643,27,0,25,2,300
1785428645,27,2,24,1,300
1785428646,27,1,23,3,300
1785428647,27,1,23,3,300
1785428648,27,2,23,2,300
1785428649,27,5,18,4,300
1785428650,27,1,25,1,300
1785428651,27,1,25,1,300
1785428652,27,2,22,3,300
1785428653,27,1,22,4,300
1785428654,27,1,25,1,300
1785428655,27,2,22,3,300
1785428656,27,1,22,4,300
1785428658,27,1,25,1,300
1785428659,27,0,25,2,300
1785428660,27,2,23,2,300
1785428661,27,2,22,3,300
1785428662,27,1,24,2,300
1785428663,27,5,16,6,300
1785428664,27,0,26,1,300
1785428665,27,3,21,3,300
1785428666,27,0,27,0,300
1785428667,27,1,24,2,300
1785428668,27,1,24,2,300
1785428669,27,0,27,0,300
1785428671,27,2,23,2,300
1785428672,27,2,19,6,300
1785428673,27,1,23,3,300
1785428674,27,1,24,2,300
1785428675,29,2,25,2,300
1785428676,29,2,24,3,300
1785428677,29,1,26,2,300
1785428678,29,3,22,4,300
1785428679,29,2,24,3,300
1785428680,29,0,28,1,300
1785428681,29,0,29,0,300
1785428682,29,2,25,2,300
1785428684,29,1,27,1,300
1785428685,29,0,29,0,300
1785428686,29,2,23,4,300
1785428687,29,1,26,2,300
1785428688,29,1,25,3,300
1785428689,29,2,24,3,300
1785428690,29,2,23,4,300
1785428691,29,1,28,0,300
1785428692,29,1,26,2,300
1785428693,29,1,26,2,300
1785428694,29,0,29,0,300
1785428695,29,1,28,0,300
1785428697,29,3,21,5,300
1785428698,29,1,26,2,300
1785428699,29,1,27,1,300
1785428700,29,0,27,2,300
1785428701,29,5,20,4,300
1785428702,29,4,21,4,300
1785428703,29,1,27,1,300
1785428704,29,2,24,3,300
1785428705,29,1,27,1,300
1785428706,29,3,22,4,300
1785428707,29,0,29,0,300
1785428708,29,3,21,5,300
1785428710,29,2,24,3,300
1785428711,29,2,23,4,300
1785428712,29,2,23,4,300
1785428713,29,5,18,6,300
1785428714,29,2,25,2,300
1785428715,29,2,24,3,300
1785428716,29,0,26,3,300
1785428717,29,0,27,2,300
1785428718,29,3,20,6,300
1785428719,29,3,23,3,300
1785428720,29,3,24,2,300
1785428721,29,5,19,5,300
1785428723,29,1,25,3,300
1785428724,29,4,19,6,300
1785428725,30,0,30,0,300
1785428726,30,0,30,0,300
1785428727,30,2,25,3,300
1785428728,30,2,26,2,300
1785428729,30,4,23,3,300
1785428730,30,2,25,3,300
1785428731,30,2,20,8,300
1785428732,30,2,25,3,300
1785428733,30,0,28,2,300
1785428735,30,0,28,2,300
1785428736,30,2,27,1,300
1785428737,30,4,22,4,300
1785428738,30,0,30,0,300
1785428739,30,1,25,4,300
1785428740,30,2,24,4,300
1785428741,30,1,27,2,300
1785428742,30,2,26,2,300
1785428743,30,0,30,0,300
1785428744,30,1,27,2,300
1785428745,30,1,25,4,300
1785428746,30,0,30,0,300
1785428748,30,2,23,5,300
1785428749,30,0,29,1,300
1785428750,30,2,26,2,300
1785428751,30,1,24,5,300
1785428752,30,2,26,2,300
1785428753,30,2,26,2,300
1785428754,30,2,26,2,300
1785428755,30,4,20,6,300
1785428756,30,3,23,4,300
1785428757,30,0,28,2,300
1785428758,30,0,29,1,300
1785428759,30,0,30,0,300
1785428761,30,2,26,2,300
1785428762,30,0,28,2,300
1785428763,30,1,28,1,300
1785428764,30,0,30,0,300
1785428765,30,0,30,0,300
1785428766,30,0,30,0,300
1785428767,30,0,30,0,300
1785428768,30,0,30,0,300
