05:01:37,CPU,%usr,%nice,%sys,%iowait,%irq,%soft,%steal,%guest,%gnice,%idle
05:01:38,4,9.90,0.00,6.93,0.00,0.00,2.97,0.00,0.00,0.00,80.20
05:01:38,5,19.00,0.00,12.00,0.00,0.00,2.00,0.00,0.00,0.00,67.00
05:01:38,6,8.00,0.00,8.00,0.00,0.00,2.00,0.00,0.00,0.00,82.00
05:01:38,7,10.10,0.00,7.07,0.00,0.00,2.02,0.00,0.00,0.00,80.81
05:01:38,12,10.89,0.00,8.91,0.00,0.00,1.98,0.00,0.00,0.00,78.22
05:01:38,13,12.00,0.00,8.00,0.00,0.00,2.00,0.00,0.00,0.00,78.00
05:01:38,14,9.00,0.00,8.00,0.00,0.00,2.00,0.00,0.00,0.00,81.00
05:01:38,15,7.84,0.00,7.84,0.00,0.00,2.94,0.00,0.00,0.00,81.37
05:01:39,4,19.00,0.00,14.00,0.00,0.00,4.00,0.00,0.00,0.00,63.00
05:01:39,5,18.81,0.00,14.85,0.00,0.00,4.95,0.00,0.00,0.00,61.39
05:01:39,6,18.18,0.00,14.14,0.00,0.00,4.04,0.00,0.00,0.00,63.64
05:01:39,7,18.45,0.00,14.56,0.00,0.00,3.88,0.00,0.00,0.00,63.11
05:01:39,12,18.00,0.00,14.00,0.00,0.00,5.00,0.00,0.00,0.00,63.00
05:01:39,13,17.17,0.00,15.15,0.00,0.00,4.04,0.00,0.00,0.00,63.64
05:01:39,14,18.63,0.00,12.75,0.00,0.00,5.88,0.00,0.00,0.00,62.75
05:01:39,15,18.00,0.00,15.00,0.00,0.00,3.00,0.00,0.00,0.00,64.00
05:01:40,4,18.45,0.00,15.53,0.00,0.00,4.85,0.00,0.00,0.00,61.17
05:01:40,5,21.36,0.00,13.59,0.00,0.00,4.85,0.00,0.00,0.00,60.19
05:01:40,6,17.00,0.00,15.00,0.00,0.00,5.00,0.00,0.00,0.00,63.00
05:01:40,7,17.17,0.00,15.15,0.00,0.00,4.04,0.00,0.00,0.00,63.64
05:01:40,12,20.00,0.00,14.00,0.00,0.00,5.00,0.00,0.00,0.00,61.00
05:01:40,13,18.18,0.00,15.15,0.00,0.00,5.05,0.00,0.00,0.00,61.62
05:01:40,14,18.81,0.00,14.85,0.00,0.00,3.96,0.00,0.00,0.00,62.38
05:01:40,15,18.63,0.00,13.73,0.00,0.00,4.90,0.00,0.00,0.00,62.75
05:01:41,4,18.00,0.00,14.00,0.00,0.00,5.00,0.00,0.00,0.00,63.00
05:01:41,5,17.35,0.00,14.29,0.00,0.00,4.08,0.00,0.00,0.00,64.29
05:01:41,6,19.80,0.00,10.89,0.00,0.00,5.94,0.00,0.00,0.00,63.37
05:01:41,7,19.42,0.00,12.62,0.00,0.00,4.85,0.00,0.00,0.00,63.11
05:01:41,12,17.82,0.00,15.84,0.00,0.00,3.96,0.00,0.00,0.00,62.38
05:01:41,13,18.00,0.00,14.00,0.00,0.00,5.00,0.00,0.00,0.00,63.00
05:01:41,14,17.82,0.00,14.85,0.00,0.00,4.95,0.00,0.00,0.00,62.38
05:01:41,15,18.00,0.00,14.00,0.00,0.00,4.00,0.00,0.00,0.00,64.00
05:01:42,4,18.81,0.00,14.85,0.00,0.00,2.97,0.00,0.00,0.00,63.37
05:01:42,5,19.00,0.00,13.00,0.00,0.00,5.00,0.00,0.00,0.00,63.00
05:01:42,6,18.00,0.00,13.00,0.00,0.00,4.00,0.00,0.00,0.00,65.00
05:01:42,7,17.00,0.00,14.00,0.00,0.00,4.00,0.00,0.00,0.00,65.00
05:01:42,12,18.00,0.00,13.00,0.00,0.00,5.00,0.00,0.00,0.00,64.00
05:01:42,13,17.65,0.00,14.71,0.00,0.00,4.90,0.00,0.00,0.00,62.75
05:01:42,14,17.17,0.00,13.13,0.00,0.00,5.05,0.00,0.00,0.00,64.65
05:01:42,15,17.65,0.00,13.73,0.00,0.00,4.90,0.00,0.00,0.00,63.73
05:01:43,4,18.63,0.00,14.71,0.00,0.00,4.90,0.00,0.00,0.00,61.76
05:01:43,5,18.63,0.00,13.73,0.00,0.00,4.90,0.00,0.00,0.00,62.75
05:01:43,6,17.65,0.00,14.71,0.00,0.00,4.90,0.00,0.00,0.00,62.75
05:01:43,7,17.00,0.00,14.00,0.00,0.00,5.00,0.00,0.00,0.00,64.00
05:01:43,12,17.82,0.00,14.85,0.00,0.00,3.96,0.00,0.00,0.00,63.37
05:01:43,13,18.00,0.00,14.00,0.00,0.00,5.00,0.00,0.00,0.00,63.00
05:01:43,14,17.65,0.00,14.71,0.00,0.00,3.92,0.00,0.00,0.00,63.73
05:01:43,15,18.63,0.00,14.71,0.00,0.00,3.92,0.00,0.00,0.00,62.75
05:01:44,4,18.45,0.00,13.59,0.00,0.00,5.83,0.00,0.00,0.00,62.14
05:01:44,5,18.18,0.00,14.14,0.00,0.00,4.04,0.00,0.00,0.00,63.64
05:01:44,6,16.00,0.00,15.00,0.00,0.00,5.00,0.00,0.00,0.00,64.00
05:01:44,7,16.00,0.00,14.00,0.00,0.00,5.00,0.00,0.00,0.00,65.00
05:01:44,12,17.31,0.00,16.35,0.00,0.00,4.81,0.00,0.00,0.00,61.54
05:01:44,13,17.65,0.00,14.71,0.00,0.00,4.90,0.00,0.00,0.00,62.75
05:01:44,14,19.42,0.00,13.59,0.00,0.00,4.85,0.00,0.00,0.00,62.14
05:01:44,15,18.37,0.00,12.24,0.00,0.00,3.06,0.00,0.00,0.00,66.33
05:01:45,4,17.00,0.00,15.00,0.00,0.00,5.00,0.00,0.00,0.00,63.00
05:01:45,5,19.19,0.00,16.16,0.00,0.00,3.03,0.00,0.00,0.00,61.62
05:01:45,6,18.18,0.00,14.14,0.00,0.00,4.04,0.00,0.00,0.00,63.64
05:01:45,7,17.82,0.00,14.85,0.00,0.00,3.96,0.00,0.00,0.00,63.37
05:01:45,12,18.00,0.00,15.00,0.00,0.00,6.00,0.00,0.00,0.00,61.00
05:01:45,13,20.00,0.00,14.00,0.00,0.00,5.00,0.00,0.00,0.00,61.00
05:01:45,14,16.16,0.00,15.15,0.00,0.00,5.05,0.00,0.00,0.00,63.64
05:01:45,15,17.00,0.00,14.00,0.00,0.00,6.00,0.00,0.00,0.00,63.00
05:01:46,4,18.81,0.00,13.86,0.00,0.00,3.96,0.00,0.00,0.00,63.37
05:01:46,5,18.63,0.00,13.73,0.00,0.00,4.90,0.00,0.00,0.00,62.75
05:01:46,6,16.67,0.00,15.69,0.00,0.00,4.90,0.00,0.00,0.00,62.75
05:01:46,7,17.65,0.00,13.73,0.00,0.00,4.90,0.00,0.00,0.00,63.73
05:01:46,12,19.42,0.00,14.56,0.00,0.00,3.88,0.00,0.00,0.00,62.14
05:01:46,13,19.42,0.00,14.56,0.00,0.00,4.85,0.00,0.00,0.00,61.17
05:01:46,14,17.48,0.00,16.50,0.00,0.00,3.88,0.00,0.00,0.00,62.14
05:01:46,15,16.50,0.00,15.53,0.00,0.00,4.85,0.00,0.00,0.00,63.11
05:01:47,4,17.35,0.00,15.31,0.00,0.00,3.06,0.00,0.00,0.00,64.29
05:01:47,5,17.82,0.00,15.84,0.00,0.00,3.96,0.00,0.00,0.00,62.38
05:01:47,6,17.00,0.00,15.00,0.00,0.00,4.00,0.00,0.00,0.00,64.00
05:01:47,7,18.00,0.00,13.00,0.00,0.00,5.00,0.00,0.00,0.00,64.00
05:01:47,12,18.81,0.00,14.85,0.00,0.00,3.96,0.00,0.00,0.00,62.38
05:01:47,13,20.20,0.00,13.13,0.00,0.00,4.04,0.00,0.00,0.00,62.63
05:01:47,14,16.83,0.00,14.85,0.00,0.00,5.94,0.00,0.00,0.00,62.38
05:01:47,15,16.33,0.00,13.27,0.00,0.00,5.10,0.00,0.00,0.00,65.31
05:01:48,4,17.65,0.00,15.69,0.00,0.00,4.90,0.00,0.00,0.00,61.76
05:01:48,5,19.42,0.00,14.56,0.00,0.00,3.88,0.00,0.00,0.00,62.14
05:01:48,6,17.48,0.00,16.50,0.00,0.00,3.88,0.00,0.00,0.00,62.14
05:01:48,7,18.81,0.00,11.88,0.00,0.00,4.95,0.00,0.00,0.00,64.36
05:01:48,12,19.80,0.00,14.85,0.00,0.00,2.97,0.00,0.00,0.00,62.38
05:01:48,13,18.63,0.00,14.71,0.00,0.00,3.92,0.00,0.00,0.00,62.75
05:01:48,14,20.19,0.00,13.46,0.00,0.00,4.81,0.00,0.00,0.00,61.54
05:01:48,15,19.81,0.00,14.15,0.00,0.00,4.72,0.00,0.00,0.00,61.32
05:01:49,4,17.82,0.00,14.85,0.00,0.00,3.96,0.00,0.00,0.00,63.37
05:01:49,5,17.65,0.00,14.71,0.00,0.00,4.90,0.00,0.00,0.00,62.75
05:01:49,6,17.82,0.00,12.87,0.00,0.00,5.94,0.00,0.00,0.00,63.37
05:01:49,7,17.00,0.00,14.00,0.00,0.00,5.00,0.00,0.00,0.00,64.00
05:01:49,12,19.42,0.00,13.59,0.00,0.00,4.85,0.00,0.00,0.00,62.14
05:01:49,13,18.63,0.00,14.71,0.00,0.00,4.90,0.00,0.00,0.00,61.76
05:01:49,14,18.63,0.00,13.73,0.00,0.00,4.90,0.00,0.00,0.00,62.75
05:01:49,15,19.42,0.00,13.59,0.00,0.00,4.85,0.00,0.00,0.00,62.14
05:01:50,4,18.63,0.00,15.69,0.00,0.00,3.92,0.00,0.00,0.00,61.76
05:01:50,5,20.20,0.00,14.14,0.00,0.00,4.04,0.00,0.00,0.00,61.62
05:01:50,6,18.81,0.00,13.86,0.00,0.00,4.95,0.00,0.00,0.00,62.38
05:01:50,7,18.63,0.00,14.71,0.00,0.00,3.92,0.00,0.00,0.00,62.75
05:01:50,12,18.18,0.00,15.15,0.00,0.00,4.04,0.00,0.00,0.00,62.63
05:01:50,13,19.80,0.00,14.85,0.00,0.00,4.95,0.00,0.00,0.00,60.40
05:01:50,14,17.00,0.00,16.00,0.00,0.00,5.00,0.00,0.00,0.00,62.00
05:01:50,15,18.63,0.00,14.71,0.00,0.00,4.90,0.00,0.00,0.00,61.76
05:01:51,4,17.82,0.00,14.85,0.00,0.00,4.95,0.00,0.00,0.00,62.38
05:01:51,5,19.80,0.00,13.86,0.00,0.00,4.95,0.00,0.00,0.00,61.39
05:01:51,6,18.63,0.00,13.73,0.00,0.00,4.90,0.00,0.00,0.00,62.75
05:01:51,7,18.81,0.00,13.86,0.00,0.00,3.96,0.00,0.00,0.00,63.37
05:01:51,12,18.18,0.00,13.13,0.00,0.00,5.05,0.00,0.00,0.00,63.64
05:01:51,13,17.00,0.00,15.00,0.00,0.00,5.00,0.00,0.00,0.00,63.00
05:01:51,14,19.61,0.00,12.75,0.00,0.00,4.90,0.00,0.00,0.00,62.75
05:01:51,15,17.82,0.00,12.87,0.00,0.00,5.94,0.00,0.00,0.00,63.37
05:01:52,4,18.00,0.00,13.00,0.00,0.00,6.00,0.00,0.00,0.00,63.00
05:01:52,5,20.39,0.00,13.59,0.00,0.00,3.88,0.00,0.00,0.00,62.14
05:01:52,6,18.45,0.00,14.56,0.00,0.00,5.83,0.00,0.00,0.00,61.17
05:01:52,7,20.19,0.00,14.42,0.00,0.00,3.85,0.00,0.00,0.00,61.54
05:01:52,12,19.42,0.00,13.59,0.00,0.00,4.85,0.00,0.00,0.00,62.14
05:01:52,13,19.61,0.00,14.71,0.00,0.00,3.92,0.00,0.00,0.00,61.76
05:01:52,14,17.48,0.00,15.53,0.00,0.00,4.85,0.00,0.00,0.00,62.14
05:01:52,15,19.23,0.00,14.42,0.00,0.00,4.81,0.00,0.00,0.00,61.54
05:01:53,4,15.84,0.00,15.84,0.00,0.00,4.95,0.00,0.00,0.00,63.37
05:01:53,5,17.00,0.00,14.00,0.00,0.00,6.00,0.00,0.00,0.00,63.00
05:01:53,6,16.16,0.00,14.14,0.00,0.00,5.05,0.00,0.00,0.00,64.65
05:01:53,7,15.15,0.00,15.15,0.00,0.00,5.05,0.00,0.00,0.00,64.65
05:01:53,12,19.80,0.00,12.87,0.00,0.00,4.95,0.00,0.00,0.00,62.38
05:01:53,13,17.17,0.00,13.13,0.00,0.00,5.05,0.00,0.00,0.00,64.65
05:01:53,14,17.82,0.00,13.86,0.00,0.00,4.95,0.00,0.00,0.00,63.37
05:01:53,15,17.00,0.00,13.00,0.00,0.00,6.00,0.00,0.00,0.00,64.00
05:01:54,4,18.63,0.00,14.71,0.00,0.00,4.90,0.00,0.00,0.00,61.76
05:01:54,5,19.42,0.00,13.59,0.00,0.00,5.83,0.00,0.00,0.00,61.17
05:01:54,6,17.31,0.00,15.38,0.00,0.00,5.77,0.00,0.00,0.00,61.54
05:01:54,7,19.42,0.00,12.62,0.00,0.00,4.85,0.00,0.00,0.00,63.11
05:01:54,12,16.83,0.00,14.85,0.00,0.00,4.95,0.00,0.00,0.00,63.37
05:01:54,13,19.23,0.00,15.38,0.00,0.00,4.81,0.00,0.00,0.00,60.58
05:01:54,14,18.81,0.00,11.88,0.00,0.00,5.94,0.00,0.00,0.00,63.37
05:01:54,15,17.31,0.00,16.35,0.00,0.00,3.85,0.00,0.00,0.00,62.50
05:01:55,4,20.00,0.00,14.00,0.00,0.00,4.00,0.00,0.00,0.00,62.00
05:01:55,5,18.00,0.00,16.00,0.00,0.00,4.00,0.00,0.00,0.00,62.00
05:01:55,6,19.19,0.00,12.12,0.00,0.00,4.04,0.00,0.00,0.00,64.65
05:01:55,7,15.15,0.00,14.14,0.00,0.00,6.06,0.00,0.00,0.00,64.65
05:01:55,12,19.80,0.00,15.84,0.00,0.00,4.95,0.00,0.00,0.00,59.41
05:01:55,13,18.63,0.00,14.71,0.00,0.00,4.90,0.00,0.00,0.00,61.76
05:01:55,14,19.80,0.00,14.85,0.00,0.00,3.96,0.00,0.00,0.00,61.39
05:01:55,15,18.18,0.00,13.13,0.00,0.00,5.05,0.00,0.00,0.00,63.64
05:01:56,4,18.87,0.00,15.09,0.00,0.00,5.66,0.00,0.00,0.00,60.38
05:01:56,5,19.81,0.00,16.04,0.00,0.00,4.72,0.00,0.00,0.00,59.43
05:01:56,6,17.48,0.00,15.53,0.00,0.00,5.83,0.00,0.00,0.00,61.17
05:01:56,7,20.00,0.00,14.29,0.00,0.00,4.76,0.00,0.00,0.00,60.95
05:01:56,12,20.19,0.00,15.38,0.00,0.00,3.85,0.00,0.00,0.00,60.58
05:01:56,13,18.10,0.00,16.19,0.00,0.00,5.71,0.00,0.00,0.00,60.00
05:01:56,14,18.69,0.00,14.02,0.00,0.00,7.48,0.00,0.00,0.00,59.81
05:01:56,15,18.87,0.00,15.09,0.00,0.00,5.66,0.00,0.00,0.00,60.38
05:01:57,4,16.67,0.00,13.54,0.00,0.00,4.17,0.00,0.00,0.00,65.62
05:01:57,5,17.82,0.00,13.86,0.00,0.00,5.94,0.00,0.00,0.00,62.38
05:01:57,6,16.67,0.00,15.69,0.00,0.00,4.90,0.00,0.00,0.00,62.75
05:01:57,7,16.00,0.00,14.00,0.00,0.00,5.00,0.00,0.00,0.00,65.00
05:01:57,12,16.49,0.00,13.40,0.00,0.00,5.15,0.00,0.00,0.00,64.95
05:01:57,13,14.14,0.00,15.15,0.00,0.00,7.07,0.00,0.00,0.00,63.64
05:01:57,14,17.17,0.00,13.13,0.00,0.00,5.05,0.00,0.00,0.00,64.65
05:01:57,15,19.42,0.00,13.59,0.00,0.00,4.85,0.00,0.00,0.00,62.14
05:01:58,4,17.65,0.00,15.69,0.00,0.00,4.90,0.00,0.00,0.00,61.76
05:01:58,5,18.00,0.00,14.00,0.00,0.00,5.00,0.00,0.00,0.00,63.00
05:01:58,6,18.00,0.00,13.00,0.00,0.00,5.00,0.00,0.00,0.00,64.00
05:01:58,7,17.17,0.00,14.14,0.00,0.00,4.04,0.00,0.00,0.00,64.65
05:01:58,12,17.65,0.00,13.73,0.00,0.00,5.88,0.00,0.00,0.00,62.75
05:01:58,13,17.65,0.00,14.71,0.00,0.00,4.90,0.00,0.00,0.00,62.75
05:01:58,14,16.83,0.00,14.85,0.00,0.00,5.94,0.00,0.00,0.00,62.38
05:01:58,15,17.17,0.00,14.14,0.00,0.00,4.04,0.00,0.00,0.00,64.65
05:01:59,4,19.80,0.00,12.87,0.00,0.00,3.96,0.00,0.00,0.00,63.37
05:01:59,5,17.82,0.00,14.85,0.00,0.00,4.95,0.00,0.00,0.00,62.38
05:01:59,6,20.19,0.00,12.50,0.00,0.00,5.77,0.00,0.00,0.00,61.54
05:01:59,7,18.27,0.00,14.42,0.00,0.00,4.81,0.00,0.00,0.00,62.50
05:01:59,12,19.42,0.00,14.56,0.00,0.00,4.85,0.00,0.00,0.00,61.17
05:01:59,13,16.67,0.00,17.65,0.00,0.00,4.90,0.00,0.00,0.00,60.78
05:01:59,14,18.45,0.00,14.56,0.00,0.00,4.85,0.00,0.00,0.00,62.14
05:01:59,15,18.00,0.00,13.00,0.00,0.00,4.00,0.00,0.00,0.00,65.00
05:02:00,4,18.63,0.00,14.71,0.00,0.00,4.90,0.00,0.00,0.00,61.76
05:02:00,5,20.79,0.00,12.87,0.00,0.00,3.96,0.00,0.00,0.00,62.38
05:02:00,6,18.18,0.00,13.13,0.00,0.00,5.05,0.00,0.00,0.00,63.64
05:02:00,7,18.81,0.00,13.86,0.00,0.00,3.96,0.00,0.00,0.00,63.37
05:02:00,12,18.63,0.00,15.69,0.00,0.00,3.92,0.00,0.00,0.00,61.76
05:02:00,13,18.63,0.00,14.71,0.00,0.00,4.90,0.00,0.00,0.00,61.76
05:02:00,14,20.19,0.00,14.42,0.00,0.00,4.81,0.00,0.00,0.00,60.58
05:02:00,15,18.45,0.00,14.56,0.00,0.00,4.85,0.00,0.00,0.00,62.14
05:02:01,4,18.81,0.00,15.84,0.00,0.00,3.96,0.00,0.00,0.00,61.39
05:02:01,5,19.00,0.00,15.00,0.00,0.00,5.00,0.00,0.00,0.00,61.00
05:02:01,6,19.80,0.00,12.87,0.00,0.00,3.96,0.00,0.00,0.00,63.37
05:02:01,7,16.00,0.00,15.00,0.00,0.00,5.00,0.00,0.00,0.00,64.00
05:02:01,12,19.00,0.00,13.00,0.00,0.00,5.00,0.00,0.00,0.00,63.00
05:02:01,13,21.57,0.00,14.71,0.00,0.00,3.92,0.00,0.00,0.00,59.80
05:02:01,14,18.81,0.00,12.87,0.00,0.00,5.94,0.00,0.00,0.00,62.38
05:02:01,15,17.00,0.00,14.00,0.00,0.00,5.00,0.00,0.00,0.00,64.00
05:02:02,4,19.05,0.00,15.24,0.95,0.00,4.76,0.00,0.00,0.00,60.00
05:02:02,5,17.65,0.00,14.71,1.96,0.00,4.90,0.00,0.00,0.00,60.78
05:02:02,6,18.27,0.00,13.46,0.96,0.00,6.73,0.00,0.00,0.00,60.58
05:02:02,7,17.31,0.00,15.38,0.00,0.00,4.81,0.00,0.00,0.00,62.50
05:02:02,12,18.45,0.00,14.56,0.97,0.00,5.83,0.00,0.00,0.00,60.19
05:02:02,13,16.83,0.00,14.85,0.00,0.00,5.94,0.00,0.00,0.00,62.38
05:02:02,14,18.45,0.00,14.56,0.00,0.00,4.85,0.00,0.00,0.00,62.14
05:02:02,15,18.45,0.00,13.59,0.00,0.00,5.83,0.00,0.00,0.00,62.14
05:02:03,4,18.81,0.00,12.87,0.00,0.00,4.95,0.00,0.00,0.00,63.37
05:02:03,5,17.65,0.00,13.73,0.00,0.00,6.86,0.00,0.00,0.00,61.76
05:02:03,6,18.00,0.00,14.00,0.00,0.00,4.00,0.00,0.00,0.00,64.00
05:02:03,7,15.84,0.00,14.85,0.00,0.00,4.95,0.00,0.00,0.00,64.36
05:02:03,12,19.00,0.00,13.00,0.00,0.00,4.00,0.00,0.00,0.00,64.00
05:02:03,13,18.00,0.00,15.00,0.00,0.00,4.00,0.00,0.00,0.00,63.00
05:02:03,14,18.00,0.00,13.00,0.00,0.00,4.00,0.00,0.00,0.00,65.00
05:02:03,15,17.48,0.00,13.59,0.00,0.00,5.83,0.00,0.00,0.00,63.11
05:02:04,4,17.00,0.00,15.00,0.00,0.00,4.00,0.00,0.00,0.00,64.00
05:02:04,5,17.82,0.00,14.85,0.00,0.00,3.96,0.00,0.00,0.00,63.37
05:02:04,6,18.00,0.00,14.00,0.00,0.00,4.00,0.00,0.00,0.00,64.00
05:02:04,7,16.67,0.00,15.69,0.00,0.00,4.90,0.00,0.00,0.00,62.75
05:02:04,12,17.65,0.00,14.71,0.00,0.00,5.88,0.00,0.00,0.00,61.76
05:02:04,13,17.48,0.00,15.53,0.00,0.00,4.85,0.00,0.00,0.00,62.14
05:02:04,14,18.81,0.00,12.87,0.00,0.00,4.95,0.00,0.00,0.00,63.37
05:02:04,15,18.81,0.00,12.87,0.00,0.00,3.96,0.00,0.00,0.00,64.36
05:02:05,4,19.80,0.00,13.86,0.00,0.00,3.96,0.00,0.00,0.00,62.38
05:02:05,5,17.48,0.00,14.56,0.00,0.00,5.83,0.00,0.00,0.00,62.14
05:02:05,6,16.83,0.00,15.84,0.00,0.00,3.96,0.00,0.00,0.00,63.37
05:02:05,7,18.81,0.00,13.86,0.00,0.00,3.96,0.00,0.00,0.00,63.37
05:02:05,12,19.42,0.00,13.59,0.00,0.00,4.85,0.00,0.00,0.00,62.14
05:02:05,13,18.10,0.00,16.19,0.00,0.00,5.71,0.00,0.00,0.00,60.00
05:02:05,14,16.50,0.00,15.53,0.00,0.00,5.83,0.00,0.00,0.00,62.14
05:02:05,15,18.45,0.00,14.56,0.00,0.00,4.85,0.00,0.00,0.00,62.14
05:02:06,4,17.00,0.00,15.00,0.00,0.00,5.00,0.00,0.00,0.00,63.00
05:02:06,5,18.37,0.00,14.29,0.00,0.00,4.08,0.00,0.00,0.00,63.27
05:02:06,6,17.17,0.00,14.14,0.00,0.00,4.04,0.00,0.00,0.00,64.65
05:02:06,7,16.83,0.00,13.86,0.00,0.00,4.95,0.00,0.00,0.00,64.36
05:02:06,12,19.61,0.00,14.71,0.00,0.00,4.90,0.00,0.00,0.00,60.78
05:02:06,13,20.00,0.00,14.00,0.00,0.00,4.00,0.00,0.00,0.00,62.00
05:02:06,14,18.18,0.00,12.12,0.00,0.00,6.06,0.00,0.00,0.00,63.64
05:02:06,15,17.17,0.00,14.14,0.00,0.00,4.04,0.00,0.00,0.00,64.65
05:02:07,4,18.81,0.00,13.86,0.00,0.00,3.96,0.00,0.00,0.00,63.37
05:02:07,5,18.00,0.00,13.00,0.00,0.00,5.00,0.00,0.00,0.00,64.00
05:02:07,6,16.83,0.00,15.84,0.00,0.00,3.96,0.00,0.00,0.00,63.37
05:02:07,7,17.65,0.00,13.73,0.00,0.00,4.90,0.00,0.00,0.00,63.73
05:02:07,12,18.00,0.00,15.00,0.00,0.00,4.00,0.00,0.00,0.00,63.00
05:02:07,13,18.00,0.00,14.00,0.00,0.00,4.00,0.00,0.00,0.00,64.00
05:02:07,14,17.65,0.00,14.71,0.00,0.00,4.90,0.00,0.00,0.00,62.75
05:02:07,15,17.65,0.00,14.71,0.00,0.00,4.90,0.00,0.00,0.00,62.75
05:02:08,4,20.79,0.00,11.88,0.00,0.00,4.95,0.00,0.00,0.00,62.38
05:02:08,5,18.63,0.00,13.73,0.00,0.00,5.88,0.00,0.00,0.00,61.76
05:02:08,6,17.65,0.00,14.71,0.00,0.00,4.90,0.00,0.00,0.00,62.75
05:02:08,7,17.65,0.00,14.71,0.00,0.00,4.90,0.00,0.00,0.00,62.75
05:02:08,12,16.67,0.00,15.69,0.00,0.00,4.90,0.00,0.00,0.00,62.75
05:02:08,13,17.00,0.00,16.00,0.00,0.00,4.00,0.00,0.00,0.00,63.00
05:02:08,14,19.80,0.00,12.87,0.00,0.00,3.96,0.00,0.00,0.00,63.37
05:02:08,15,17.65,0.00,14.71,0.00,0.00,3.92,0.00,0.00,0.00,63.73
05:02:09,4,19.80,0.00,12.87,0.00,0.00,3.96,0.00,0.00,0.00,63.37
05:02:09,5,17.48,0.00,15.53,0.00,0.00,4.85,0.00,0.00,0.00,62.14
05:02:09,6,16.83,0.00,14.85,0.00,0.00,4.95,0.00,0.00,0.00,63.37
05:02:09,7,16.50,0.00,14.56,0.00,0.00,5.83,0.00,0.00,0.00,63.11
05:02:09,12,18.63,0.00,13.73,0.00,0.00,5.88,0.00,0.00,0.00,61.76
05:02:09,13,18.81,0.00,13.86,0.00,0.00,3.96,0.00,0.00,0.00,63.37
05:02:09,14,18.63,0.00,13.73,0.00,0.00,4.90,0.00,0.00,0.00,62.75
05:02:09,15,18.81,0.00,12.87,0.00,0.00,4.95,0.00,0.00,0.00,63.37
05:02:10,4,17.00,0.00,15.00,0.00,0.00,5.00,0.00,0.00,0.00,63.00
05:02:10,5,19.80,0.00,12.87,0.00,0.00,4.95,0.00,0.00,0.00,62.38
05:02:10,6,18.45,0.00,13.59,0.00,0.00,4.85,0.00,0.00,0.00,63.11
05:02:10,7,16.00,0.00,14.00,0.00,0.00,6.00,0.00,0.00,0.00,64.00
05:02:10,12,16.83,0.00,15.84,0.00,0.00,4.95,0.00,0.00,0.00,62.38
05:02:10,13,18.81,0.00,13.86,0.00,0.00,4.95,0.00,0.00,0.00,62.38
05:02:10,14,16.83,0.00,14.85,0.00,0.00,4.95,0.00,0.00,0.00,63.37
05:02:10,15,17.48,0.00,14.56,0.00,0.00,4.85,0.00,0.00,0.00,63.11
05:02:11,4,18.18,0.00,15.15,0.00,0.00,5.05,0.00,0.00,0.00,61.62
05:02:11,5,19.00,0.00,14.00,0.00,0.00,5.00,0.00,0.00,0.00,62.00
05:02:11,6,18.00,0.00,14.00,0.00,0.00,5.00,0.00,0.00,0.00,63.00
05:02:11,7,17.00,0.00,14.00,0.00,0.00,5.00,0.00,0.00,0.00,64.00
05:02:11,12,17.82,0.00,13.86,0.00,0.00,5.94,0.00,0.00,0.00,62.38
05:02:11,13,20.00,0.00,14.00,0.00,0.00,5.00,0.00,0.00,0.00,61.00
05:02:11,14,16.83,0.00,16.83,0.00,0.00,3.96,0.00,0.00,0.00,62.38
05:02:11,15,19.19,0.00,13.13,0.00,0.00,4.04,0.00,0.00,0.00,63.64
05:02:12,4,19.42,0.00,13.59,0.00,0.00,4.85,0.00,0.00,0.00,62.14
05:02:12,5,17.65,0.00,14.71,0.00,0.00,5.88,0.00,0.00,0.00,61.76
05:02:12,6,17.31,0.00,16.35,0.00,0.00,4.81,0.00,0.00,0.00,61.54
05:02:12,7,16.83,0.00,15.84,0.00,0.00,2.97,0.00,0.00,0.00,64.36
05:02:12,12,18.81,0.00,14.85,0.00,0.00,3.96,0.00,0.00,0.00,62.38
05:02:12,13,19.80,0.00,13.86,0.00,0.00,2.97,0.00,0.00,0.00,63.37
05:02:12,14,18.63,0.00,13.73,0.00,0.00,4.90,0.00,0.00,0.00,62.75
05:02:12,15,18.63,0.00,13.73,0.00,0.00,4.90,0.00,0.00,0.00,62.75
05:02:13,4,19.23,0.00,14.42,0.96,0.00,4.81,0.00,0.00,0.00,60.58
05:02:13,5,16.67,0.00,15.69,0.98,0.00,5.88,0.00,0.00,0.00,60.78
05:02:13,6,20.00,0.00,13.33,1.90,0.00,4.76,0.00,0.00,0.00,60.00
05:02:13,7,18.27,0.00,14.42,0.00,0.00,5.77,0.00,0.00,0.00,61.54
05:02:13,12,20.00,0.00,13.33,0.00,0.00,5.71,0.00,0.00,0.00,60.95
05:02:13,13,17.65,0.00,15.69,0.00,0.00,4.90,0.00,0.00,0.00,61.76
05:02:13,14,17.48,0.00,15.53,0.00,0.00,4.85,0.00,0.00,0.00,62.14
05:02:13,15,18.81,0.00,11.88,0.99,0.00,4.95,0.00,0.00,0.00,63.37
05:02:14,4,17.82,0.00,14.85,0.00,0.00,3.96,0.00,0.00,0.00,63.37
05:02:14,5,17.65,0.00,14.71,0.00,0.00,4.90,0.00,0.00,0.00,62.75
05:02:14,6,16.83,0.00,15.84,0.00,0.00,3.96,0.00,0.00,0.00,63.37
05:02:14,7,18.18,0.00,13.13,0.00,0.00,4.04,0.00,0.00,0.00,64.65
05:02:14,12,17.82,0.00,14.85,0.00,0.00,4.95,0.00,0.00,0.00,62.38
05:02:14,13,16.83,0.00,15.84,0.00,0.00,4.95,0.00,0.00,0.00,62.38
05:02:14,14,16.83,0.00,14.85,0.00,0.00,4.95,0.00,0.00,0.00,63.37
05:02:14,15,17.65,0.00,13.73,0.00,0.00,4.90,0.00,0.00,0.00,63.73
05:02:15,4,16.16,0.00,15.15,0.00,0.00,5.05,0.00,0.00,0.00,63.64
05:02:15,5,17.00,0.00,15.00,0.00,0.00,5.00,0.00,0.00,0.00,63.00
05:02:15,6,18.18,0.00,13.13,0.00,0.00,4.04,0.00,0.00,0.00,64.65
05:02:15,7,18.63,0.00,12.75,0.00,0.00,4.90,0.00,0.00,0.00,63.73
05:02:15,12,18.27,0.00,15.38,0.00,0.00,4.81,0.00,0.00,0.00,61.54
05:02:15,13,17.65,0.00,14.71,0.00,0.00,5.88,0.00,0.00,0.00,61.76
05:02:15,14,16.83,0.00,13.86,0.00,0.00,5.94,0.00,0.00,0.00,63.37
05:02:15,15,18.63,0.00,12.75,0.00,0.00,5.88,0.00,0.00,0.00,62.75
05:02:16,4,20.79,0.00,12.87,0.00,0.00,3.96,0.00,0.00,0.00,62.38
05:02:16,5,20.79,0.00,13.86,0.00,0.00,4.95,0.00,0.00,0.00,60.40
05:02:16,6,17.65,0.00,14.71,0.00,0.00,4.90,0.00,0.00,0.00,62.75
05:02:16,7,17.65,0.00,14.71,0.00,0.00,5.88,0.00,0.00,0.00,61.76
05:02:16,12,17.35,0.00,13.27,0.00,0.00,5.10,0.00,0.00,0.00,64.29
05:02:16,13,19.19,0.00,14.14,0.00,0.00,4.04,0.00,0.00,0.00,62.63
05:02:16,14,18.00,0.00,14.00,0.00,0.00,5.00,0.00,0.00,0.00,63.00
05:02:16,15,17.48,0.00,15.53,0.00,0.00,4.85,0.00,0.00,0.00,62.14
05:02:17,4,16.00,0.00,15.00,0.00,0.00,5.00,0.00,0.00,0.00,64.00
05:02:17,5,18.00,0.00,13.00,0.00,0.00,5.00,0.00,0.00,0.00,64.00
05:02:17,6,17.82,0.00,14.85,0.00,0.00,3.96,0.00,0.00,0.00,63.37
05:02:17,7,17.82,0.00,13.86,0.00,0.00,3.96,0.00,0.00,0.00,64.36
05:02:17,12,15.31,0.00,14.29,0.00,0.00,5.10,0.00,0.00,0.00,65.31
05:02:17,13,15.84,0.00,16.83,0.00,0.00,4.95,0.00,0.00,0.00,62.38
05:02:17,14,17.48,0.00,13.59,0.00,0.00,5.83,0.00,0.00,0.00,63.11
05:02:17,15,17.48,0.00,15.53,0.00,0.00,4.85,0.00,0.00,0.00,62.14
05:02:18,4,19.00,0.00,13.00,0.00,0.00,5.00,0.00,0.00,0.00,63.00
05:02:18,5,18.37,0.00,13.27,0.00,0.00,4.08,0.00,0.00,0.00,64.29
05:02:18,6,17.65,0.00,13.73,0.00,0.00,5.88,0.00,0.00,0.00,62.75
05:02:18,7,18.81,0.00,12.87,0.00,0.00,3.96,0.00,0.00,0.00,64.36
05:02:18,12,18.18,0.00,13.13,0.00,0.00,4.04,0.00,0.00,0.00,64.65
05:02:18,13,18.37,0.00,13.27,0.00,0.00,4.08,0.00,0.00,0.00,64.29
05:02:18,14,16.83,0.00,14.85,0.99,0.00,5.94,0.00,0.00,0.00,61.39
05:02:18,15,17.35,0.00,14.29,1.02,0.00,3.06,0.00,0.00,0.00,64.29
05:02:19,4,18.63,0.00,13.73,0.00,0.00,4.90,0.00,0.00,0.00,62.75
05:02:19,5,17.82,0.00,13.86,0.00,0.00,4.95,0.00,0.00,0.00,63.37
05:02:19,6,20.39,0.00,13.59,0.00,0.00,3.88,0.00,0.00,0.00,62.14
05:02:19,7,18.10,0.00,13.33,0.00,0.00,6.67,0.00,0.00,0.00,61.90
05:02:19,12,17.82,0.00,15.84,0.00,0.00,3.96,0.00,0.00,0.00,62.38
05:02:19,13,18.45,0.00,14.56,0.00,0.00,5.83,0.00,0.00,0.00,61.17
05:02:19,14,17.65,0.00,14.71,0.00,0.00,4.90,0.00,0.00,0.00,62.75
05:02:19,15,18.63,0.00,13.73,0.00,0.00,4.90,0.00,0.00,0.00,62.75
05:02:20,4,18.18,0.00,14.14,0.00,0.00,4.04,0.00,0.00,0.00,63.64
05:02:20,5,17.17,0.00,14.14,0.00,0.00,5.05,0.00,0.00,0.00,63.64
05:02:20,6,16.33,0.00,14.29,0.00,0.00,4.08,0.00,0.00,0.00,65.31
05:02:20,7,18.18,0.00,13.13,0.00,0.00,4.04,0.00,0.00,0.00,64.65
05:02:20,12,16.00,0.00,14.00,0.00,0.00,6.00,0.00,0.00,0.00,64.00
05:02:20,13,17.35,0.00,15.31,0.00,0.00,3.06,0.00,0.00,0.00,64.29
05:02:20,14,16.16,0.00,14.14,0.00,0.00,5.05,0.00,0.00,0.00,64.65
05:02:20,15,16.83,0.00,14.85,0.00,0.00,4.95,0.00,0.00,0.00,63.37
05:02:21,4,18.81,0.00,14.85,0.00,0.00,3.96,0.00,0.00,0.00,62.38
05:02:21,5,16.67,0.00,16.67,0.00,0.00,5.88,0.00,0.00,0.00,60.78
05:02:21,6,17.82,0.00,14.85,0.00,0.00,4.95,0.00,0.00,0.00,62.38
05:02:21,7,17.48,0.00,15.53,0.00,0.00,4.85,0.00,0.00,0.00,62.14
05:02:21,12,17.65,0.00,15.69,0.00,0.00,4.90,0.00,0.00,0.00,61.76
05:02:21,13,21.00,0.00,15.00,0.00,0.00,5.00,0.00,0.00,0.00,59.00
05:02:21,14,17.00,0.00,15.00,0.00,0.00,5.00,0.00,0.00,0.00,63.00
05:02:21,15,19.00,0.00,13.00,0.00,0.00,4.00,0.00,0.00,0.00,64.00
05:02:22,4,17.82,0.00,14.85,0.00,0.00,4.95,0.00,0.00,0.00,62.38
05:02:22,5,17.82,0.00,14.85,0.00,0.00,4.95,0.00,0.00,0.00,62.38
05:02:22,6,17.82,0.00,13.86,0.00,0.00,4.95,0.00,0.00,0.00,63.37
05:02:22,7,16.33,0.00,13.27,0.00,0.00,4.08,0.00,0.00,0.00,66.33
05:02:22,12,18.37,0.00,12.24,0.00,0.00,5.10,0.00,0.00,0.00,64.29
05:02:22,13,18.81,0.00,12.87,0.00,0.00,4.95,0.00,0.00,0.00,63.37
05:02:22,14,18.00,0.00,15.00,0.00,0.00,3.00,0.00,0.00,0.00,64.00
05:02:22,15,16.16,0.00,14.14,0.00,0.00,5.05,0.00,0.00,0.00,64.65
05:02:23,4,18.63,0.00,14.71,0.00,0.00,4.90,0.00,0.00,0.00,61.76
05:02:23,5,18.45,0.00,14.56,0.00,0.00,5.83,0.00,0.00,0.00,61.17
05:02:23,6,18.27,0.00,14.42,0.00,0.00,5.77,0.00,0.00,0.00,61.54
05:02:23,7,18.45,0.00,15.53,0.00,0.00,4.85,0.00,0.00,0.00,61.17
05:02:23,12,17.17,0.00,15.15,0.00,0.00,4.04,0.00,0.00,0.00,63.64
05:02:23,13,16.67,0.00,17.65,0.00,0.00,3.92,0.00,0.00,0.00,61.76
05:02:23,14,19.42,0.00,15.53,0.00,0.00,3.88,0.00,0.00,0.00,61.17
05:02:23,15,18.45,0.00,14.56,0.00,0.00,4.85,0.00,0.00,0.00,62.14
05:02:24,4,17.65,0.00,13.73,0.00,0.00,5.88,0.00,0.00,0.00,62.75
05:02:24,5,19.80,0.00,12.87,0.00,0.00,4.95,0.00,0.00,0.00,62.38
05:02:24,6,17.82,0.00,13.86,0.00,0.00,4.95,0.00,0.00,0.00,63.37
05:02:24,7,15.84,0.00,14.85,0.00,0.00,4.95,0.00,0.00,0.00,64.36
05:02:24,12,19.42,0.00,13.59,0.00,0.00,4.85,0.00,0.00,0.00,62.14
05:02:24,13,19.23,0.00,13.46,0.00,0.00,6.73,0.00,0.00,0.00,60.58
05:02:24,14,18.81,0.00,12.87,0.00,0.00,4.95,0.00,0.00,0.00,63.37
05:02:24,15,17.48,0.00,14.56,0.00,0.00,4.85,0.00,0.00,0.00,63.11
05:02:25,4,18.45,0.00,14.56,0.00,0.00,4.85,0.00,0.00,0.00,62.14
05:02:25,5,18.45,0.00,15.53,0.00,0.00,3.88,0.00,0.00,0.00,62.14
05:02:25,6,20.00,0.00,12.00,0.00,0.00,4.00,0.00,0.00,0.00,64.00
05:02:25,7,17.65,0.00,14.71,0.00,0.00,3.92,0.00,0.00,0.00,63.73
05:02:25,12,16.83,0.00,14.85,0.00,0.00,5.94,0.00,0.00,0.00,62.38
05:02:25,13,17.17,0.00,14.14,0.00,0.00,4.04,0.00,0.00,0.00,64.65
05:02:25,14,17.48,0.00,15.53,0.00,0.00,4.85,0.00,0.00,0.00,62.14
05:02:25,15,17.82,0.00,13.86,0.00,0.00,4.95,0.00,0.00,0.00,63.37
05:02:26,4,19.00,0.00,14.00,0.00,0.00,6.00,0.00,0.00,0.00,61.00
05:02:26,5,19.00,0.00,14.00,0.00,0.00,5.00,0.00,0.00,0.00,62.00
05:02:26,6,19.19,0.00,14.14,0.00,0.00,4.04,0.00,0.00,0.00,62.63
05:02:26,7,16.67,0.00,15.69,0.00,0.00,5.88,0.00,0.00,0.00,61.76
05:02:26,12,19.00,0.00,14.00,0.00,0.00,5.00,0.00,0.00,0.00,62.00
05:02:26,13,18.63,0.00,14.71,0.00,0.00,5.88,0.00,0.00,0.00,60.78
05:02:26,14,17.17,0.00,14.14,0.00,0.00,4.04,0.00,0.00,0.00,64.65
05:02:26,15,18.63,0.00,14.71,0.00,0.00,3.92,0.00,0.00,0.00,62.75
05:02:27,4,17.00,0.00,15.00,0.00,0.00,4.00,0.00,0.00,0.00,64.00
05:02:27,5,16.00,0.00,16.00,0.00,0.00,4.00,0.00,0.00,0.00,64.00
05:02:27,6,19.05,0.00,14.29,0.00,0.00,4.76,0.00,0.00,0.00,61.90
05:02:27,7,16.83,0.00,14.85,0.00,0.00,3.96,0.00,0.00,0.00,64.36
05:02:27,12,18.00,0.00,14.00,0.00,0.00,5.00,0.00,0.00,0.00,63.00
05:02:27,13,19.23,0.00,14.42,0.00,0.00,5.77,0.00,0.00,0.00,60.58
05:02:27,14,16.83,0.00,14.85,0.00,0.00,5.94,0.00,0.00,0.00,62.38
05:02:27,15,19.00,0.00,15.00,0.00,0.00,2.00,0.00,0.00,0.00,64.00
05:02:28,4,18.81,0.00,12.87,0.00,0.00,5.94,0.00,0.00,0.00,62.38
05:02:28,5,19.80,0.00,12.87,0.00,0.00,4.95,0.00,0.00,0.00,62.38
05:02:28,6,17.17,0.00,15.15,0.00,0.00,4.04,0.00,0.00,0.00,63.64
05:02:28,7,17.48,0.00,14.56,0.00,0.00,5.83,0.00,0.00,0.00,62.14
05:02:28,12,16.83,0.00,14.85,1.98,0.00,4.95,0.00,0.00,0.00,61.39
05:02:28,13,17.17,0.00,15.15,0.00,0.00,4.04,0.00,0.00,0.00,63.64
05:02:28,14,17.48,0.00,14.56,0.97,0.00,5.83,0.00,0.00,0.00,61.17
05:02:28,15,17.82,0.00,14.85,0.00,0.00,3.96,0.00,0.00,0.00,63.37
05:02:29,4,17.00,0.00,15.00,0.00,0.00,4.00,0.00,0.00,0.00,64.00
05:02:29,5,19.80,0.00,11.88,0.00,0.00,5.94,0.00,0.00,0.00,62.38
05:02:29,6,16.50,0.00,16.50,0.00,0.00,3.88,0.00,0.00,0.00,63.11
05:02:29,7,17.82,0.00,14.85,0.00,0.00,2.97,0.00,0.00,0.00,64.36
05:02:29,12,16.67,0.00,16.67,0.00,0.00,4.90,0.00,0.00,0.00,61.76
05:02:29,13,19.80,0.00,12.87,0.00,0.00,4.95,0.00,0.00,0.00,62.38
05:02:29,14,17.48,0.00,13.59,0.00,0.00,5.83,0.00,0.00,0.00,63.11
05:02:29,15,17.82,0.00,12.87,0.00,0.00,4.95,0.00,0.00,0.00,64.36
05:02:30,4,17.65,0.00,14.71,0.00,0.00,4.90,0.00,0.00,0.00,62.75
05:02:30,5,17.65,0.00,15.69,0.00,0.00,4.90,0.00,0.00,0.00,61.76
05:02:30,6,16.83,0.00,13.86,0.00,0.00,5.94,0.00,0.00,0.00,63.37
05:02:30,7,18.81,0.00,12.87,0.00,0.00,4.95,0.00,0.00,0.00,63.37
05:02:30,12,19.00,0.00,12.00,0.00,0.00,5.00,0.00,0.00,0.00,64.00
05:02:30,13,19.61,0.00,13.73,0.00,0.00,4.90,0.00,0.00,0.00,61.76
05:02:30,14,17.00,0.00,16.00,0.00,0.00,4.00,0.00,0.00,0.00,63.00
05:02:30,15,16.67,0.00,15.69,0.00,0.00,4.90,0.00,0.00,0.00,62.75
05:02:31,4,19.80,0.00,13.86,0.00,0.00,4.95,0.00,0.00,0.00,61.39
05:02:31,5,19.80,0.00,14.85,0.00,0.00,4.95,0.00,0.00,0.00,60.40
05:02:31,6,18.00,0.00,15.00,0.00,0.00,5.00,0.00,0.00,0.00,62.00
05:02:31,7,17.48,0.00,17.48,0.00,0.00,3.88,0.00,0.00,0.00,61.17
05:02:31,12,20.39,0.00,15.53,0.00,0.00,3.88,0.00,0.00,0.00,60.19
05:02:31,13,19.80,0.00,15.84,0.00,0.00,4.95,0.00,0.00,0.00,59.41
05:02:31,14,19.23,0.00,14.42,0.00,0.00,5.77,0.00,0.00,0.00,60.58
05:02:31,15,17.82,0.00,15.84,0.00,0.00,3.96,0.00,0.00,0.00,62.38
05:02:32,4,17.82,0.00,13.86,0.00,0.00,5.94,0.00,0.00,0.00,62.38
05:02:32,5,19.61,0.00,13.73,0.00,0.00,4.90,0.00,0.00,0.00,61.76
05:02:32,6,16.50,0.00,14.56,0.00,0.00,6.80,0.00,0.00,0.00,62.14
05:02:32,7,18.00,0.00,14.00,0.00,0.00,4.00,0.00,0.00,0.00,64.00
05:02:32,12,19.42,0.00,14.56,0.00,0.00,4.85,0.00,0.00,0.00,61.17
05:02:32,13,19.61,0.00,13.73,0.00,0.00,4.90,0.00,0.00,0.00,61.76
05:02:32,14,17.82,0.00,14.85,0.00,0.00,3.96,0.00,0.00,0.00,63.37
05:02:32,15,17.48,0.00,15.53,0.00,0.00,4.85,0.00,0.00,0.00,62.14
05:02:33,4,20.19,0.00,15.38,0.00,0.00,4.81,0.00,0.00,0.00,59.62
05:02:33,5,19.61,0.00,15.69,0.00,0.00,3.92,0.00,0.00,0.00,60.78
05:02:33,6,18.63,0.00,15.69,0.00,0.00,3.92,0.00,0.00,0.00,61.76
05:02:33,7,18.45,0.00,14.56,0.00,0.00,4.85,0.00,0.00,0.00,62.14
05:02:33,12,19.42,0.00,14.56,0.00,0.00,4.85,0.00,0.00,0.00,61.17
05:02:33,13,19.61,0.00,15.69,0.00,0.00,3.92,0.00,0.00,0.00,60.78
05:02:33,14,15.53,0.00,17.48,0.00,0.00,5.83,0.00,0.00,0.00,61.17
05:02:33,15,20.19,0.00,13.46,0.00,0.00,4.81,0.00,0.00,0.00,61.54
05:02:34,4,17.82,0.00,14.85,0.00,0.00,4.95,0.00,0.00,0.00,62.38
05:02:34,5,19.00,0.00,13.00,0.00,0.00,5.00,0.00,0.00,0.00,63.00
05:02:34,6,18.81,0.00,13.86,0.00,0.00,3.96,0.00,0.00,0.00,63.37
05:02:34,7,19.00,0.00,13.00,0.00,0.00,4.00,0.00,0.00,0.00,64.00
05:02:34,12,19.61,0.00,14.71,0.00,0.00,3.92,0.00,0.00,0.00,61.76
05:02:34,13,18.81,0.00,12.87,0.00,0.00,4.95,0.00,0.00,0.00,63.37
05:02:34,14,20.79,0.00,13.86,0.00,0.00,2.97,0.00,0.00,0.00,62.38
05:02:34,15,17.35,0.00,13.27,0.00,0.00,5.10,0.00,0.00,0.00,64.29
05:02:35,4,15.84,0.00,15.84,0.00,0.00,4.95,0.00,0.00,0.00,63.37
05:02:35,5,17.65,0.00,14.71,0.00,0.00,4.90,0.00,0.00,0.00,62.75
05:02:35,6,18.00,0.00,13.00,0.00,0.00,5.00,0.00,0.00,0.00,64.00
05:02:35,7,19.42,0.00,13.59,0.00,0.00,4.85,0.00,0.00,0.00,62.14
05:02:35,12,18.27,0.00,15.38,0.00,0.00,4.81,0.00,0.00,0.00,61.54
05:02:35,13,19.42,0.00,14.56,0.00,0.00,4.85,0.00,0.00,0.00,61.17
05:02:35,14,19.00,0.00,12.00,0.00,0.00,5.00,0.00,0.00,0.00,64.00
05:02:35,15,18.45,0.00,14.56,0.00,0.00,3.88,0.00,0.00,0.00,63.11
05:02:36,4,19.61,0.00,13.73,0.00,0.00,4.90,0.00,0.00,0.00,61.76
05:02:36,5,19.19,0.00,14.14,0.00,0.00,5.05,0.00,0.00,0.00,61.62
05:02:36,6,18.18,0.00,14.14,0.00,0.00,4.04,0.00,0.00,0.00,63.64
05:02:36,7,16.83,0.00,14.85,0.00,0.00,4.95,0.00,0.00,0.00,63.37
05:02:36,12,20.79,0.00,14.85,0.00,0.00,2.97,0.00,0.00,0.00,61.39
05:02:36,13,20.79,0.00,14.85,0.00,0.00,4.95,0.00,0.00,0.00,59.41
05:02:36,14,17.82,0.00,15.84,0.00,0.00,3.96,0.00,0.00,0.00,62.38
05:02:36,15,20.79,0.00,12.87,0.00,0.00,4.95,0.00,0.00,0.00,61.39
05:02:37,4,19.80,0.00,12.87,0.00,0.00,4.95,0.00,0.00,0.00,62.38
05:02:37,5,17.17,0.00,15.15,0.00,0.00,4.04,0.00,0.00,0.00,63.64
05:02:37,6,18.00,0.00,14.00,0.00,0.00,5.00,0.00,0.00,0.00,63.00
05:02:37,7,19.00,0.00,13.00,0.00,0.00,4.00,0.00,0.00,0.00,64.00
05:02:37,12,17.82,0.00,13.86,0.00,0.00,4.95,0.00,0.00,0.00,63.37
05:02:37,13,18.00,0.00,14.00,0.00,0.00,5.00,0.00,0.00,0.00,63.00
05:02:37,14,17.65,0.00,12.75,0.00,0.00,6.86,0.00,0.00,0.00,62.75
05:02:37,15,17.35,0.00,13.27,0.00,0.00,4.08,0.00,0.00,0.00,65.31
05:02:38,4,18.00,0.00,14.00,0.00,0.00,5.00,0.00,0.00,0.00,63.00
05:02:38,5,18.37,0.00,13.27,0.00,0.00,4.08,0.00,0.00,0.00,64.29
05:02:38,6,17.48,0.00,15.53,0.00,0.00,4.85,0.00,0.00,0.00,62.14
05:02:38,7,17.00,0.00,13.00,0.00,0.00,6.00,0.00,0.00,0.00,64.00
05:02:38,12,17.82,0.00,13.86,0.00,0.00,5.94,0.00,0.00,0.00,62.38
05:02:38,13,18.81,0.00,15.84,0.00,0.00,2.97,0.00,0.00,0.00,62.38
05:02:38,14,19.00,0.00,13.00,0.00,0.00,5.00,0.00,0.00,0.00,63.00
05:02:38,15,16.83,0.00,14.85,0.00,0.00,4.95,0.00,0.00,0.00,63.37
05:02:39,4,17.48,0.00,15.53,0.00,0.00,4.85,0.00,0.00,0.00,62.14
05:02:39,5,17.17,0.00,14.14,0.00,0.00,5.05,0.00,0.00,0.00,63.64
05:02:39,6,19.61,0.00,14.71,0.00,0.00,3.92,0.00,0.00,0.00,61.76
05:02:39,7,17.82,0.00,13.86,0.00,0.00,3.96,0.00,0.00,0.00,64.36
05:02:39,12,18.63,0.00,15.69,0.00,0.00,3.92,0.00,0.00,0.00,61.76
05:02:39,13,17.00,0.00,16.00,0.00,0.00,5.00,0.00,0.00,0.00,62.00
05:02:39,14,17.17,0.00,14.14,0.00,0.00,4.04,0.00,0.00,0.00,64.65
05:02:39,15,18.81,0.00,13.86,0.00,0.00,2.97,0.00,0.00,0.00,64.36
05:02:40,4,19.00,0.00,14.00,0.00,0.00,4.00,0.00,0.00,0.00,63.00
05:02:40,5,18.63,0.00,14.71,0.00,0.00,3.92,0.00,0.00,0.00,62.75
05:02:40,6,17.82,0.00,13.86,0.00,0.00,4.95,0.00,0.00,0.00,63.37
05:02:40,7,19.61,0.00,11.76,0.00,0.00,5.88,0.00,0.00,0.00,62.75
05:02:40,12,18.45,0.00,13.59,0.00,0.00,5.83,0.00,0.00,0.00,62.14
05:02:40,13,18.63,0.00,13.73,0.00,0.00,4.90,0.00,0.00,0.00,62.75
05:02:40,14,17.48,0.00,14.56,0.00,0.00,5.83,0.00,0.00,0.00,62.14
05:02:40,15,17.48,0.00,14.56,0.00,0.00,5.83,0.00,0.00,0.00,62.14
05:02:41,4,18.45,0.00,15.53,0.00,0.00,4.85,0.00,0.00,0.00,61.17
05:02:41,5,19.00,0.00,16.00,0.00,0.00,4.00,0.00,0.00,0.00,61.00
05:02:41,6,18.63,0.00,14.71,0.00,0.00,4.90,0.00,0.00,0.00,61.76
05:02:41,7,18.63,0.00,13.73,0.00,0.00,4.90,0.00,0.00,0.00,62.75
05:02:41,12,21.00,0.00,14.00,0.00,0.00,4.00,0.00,0.00,0.00,61.00
05:02:41,13,18.63,0.00,17.65,0.00,0.00,4.90,0.00,0.00,0.00,58.82
05:02:41,14,20.39,0.00,14.56,0.00,0.00,3.88,0.00,0.00,0.00,61.17
05:02:41,15,19.61,0.00,14.71,0.00,0.00,3.92,0.00,0.00,0.00,61.76
05:02:42,4,18.45,0.00,16.50,0.00,0.00,3.88,0.00,0.00,0.00,61.17
05:02:42,5,16.83,0.00,14.85,0.00,0.00,5.94,0.00,0.00,0.00,62.38
05:02:42,6,16.83,0.00,15.84,0.00,0.00,3.96,0.00,0.00,0.00,63.37
05:02:42,7,19.00,0.00,13.00,0.00,0.00,4.00,0.00,0.00,0.00,64.00
05:02:42,12,19.42,0.00,13.59,0.00,0.00,4.85,0.00,0.00,0.00,62.14
05:02:42,13,18.63,0.00,13.73,0.00,0.00,4.90,0.00,0.00,0.00,62.75
05:02:42,14,16.83,0.00,14.85,0.00,0.00,4.95,0.00,0.00,0.00,63.37
05:02:42,15,16.67,0.00,14.71,0.00,0.00,5.88,0.00,0.00,0.00,62.75
05:02:43,4,16.67,0.00,15.69,0.98,0.00,4.90,0.00,0.00,0.00,61.76
05:02:43,5,19.61,0.00,15.69,0.98,0.00,3.92,0.00,0.00,0.00,59.80
05:02:43,6,19.42,0.00,14.56,0.97,0.00,4.85,0.00,0.00,0.00,60.19
05:02:43,7,17.65,0.00,15.69,0.00,0.00,3.92,0.00,0.00,0.00,62.75
05:02:43,12,18.63,0.00,14.71,0.00,0.00,4.90,0.00,0.00,0.00,61.76
05:02:43,13,21.36,0.00,12.62,1.94,0.00,4.85,0.00,0.00,0.00,59.22
05:02:43,14,17.82,0.00,14.85,0.00,0.00,4.95,0.00,0.00,0.00,62.38
05:02:43,15,16.67,0.00,14.71,0.00,0.00,5.88,0.00,0.00,0.00,62.75
05:02:44,4,19.80,0.00,13.86,0.00,0.00,3.96,0.00,0.00,0.00,62.38
05:02:44,5,18.81,0.00,14.85,0.00,0.00,3.96,0.00,0.00,0.00,62.38
05:02:44,6,19.00,0.00,13.00,0.00,0.00,5.00,0.00,0.00,0.00,63.00
05:02:44,7,17.65,0.00,14.71,0.00,0.00,4.90,0.00,0.00,0.00,62.75
05:02:44,12,18.81,0.00,14.85,0.00,0.00,3.96,0.00,0.00,0.00,62.38
05:02:44,13,20.00,0.00,13.00,0.00,0.00,5.00,0.00,0.00,0.00,62.00
05:02:44,14,18.00,0.00,13.00,0.00,0.00,6.00,0.00,0.00,0.00,63.00
05:02:44,15,19.00,0.00,12.00,0.00,0.00,5.00,0.00,0.00,0.00,64.00
05:02:45,4,16.83,0.00,14.85,0.00,0.00,5.94,0.00,0.00,0.00,62.38
05:02:45,5,18.27,0.00,16.35,0.00,0.00,4.81,0.00,0.00,0.00,60.58
05:02:45,6,19.42,0.00,13.59,0.00,0.00,4.85,0.00,0.00,0.00,62.14
05:02:45,7,18.45,0.00,13.59,0.00,0.00,4.85,0.00,0.00,0.00,63.11
05:02:45,12,18.45,0.00,14.56,0.00,0.00,4.85,0.00,0.00,0.00,62.14
05:02:45,13,20.39,0.00,15.53,0.00,0.00,2.91,0.00,0.00,0.00,61.17
05:02:45,14,18.45,0.00,15.53,0.00,0.00,3.88,0.00,0.00,0.00,62.14
05:02:45,15,17.31,0.00,15.38,0.00,0.00,4.81,0.00,0.00,0.00,62.50
05:02:46,4,18.81,0.00,15.84,0.00,0.00,3.96,0.00,0.00,0.00,61.39
05:02:46,5,19.80,0.00,14.85,0.00,0.00,3.96,0.00,0.00,0.00,61.39
05:02:46,6,20.59,0.00,12.75,0.00,0.00,4.90,0.00,0.00,0.00,61.76
05:02:46,7,17.65,0.00,15.69,0.00,0.00,4.90,0.00,0.00,0.00,61.76
05:02:46,12,19.05,0.00,17.14,0.00,0.00,4.76,0.00,0.00,0.00,59.05
05:02:46,13,18.45,0.00,16.50,0.00,0.00,4.85,0.00,0.00,0.00,60.19
05:02:46,14,19.23,0.00,14.42,0.00,0.00,5.77,0.00,0.00,0.00,60.58
05:02:46,15,20.19,0.00,14.42,0.00,0.00,4.81,0.00,0.00,0.00,60.58
05:02:47,4,19.23,0.00,14.42,0.00,0.00,4.81,0.00,0.00,0.00,61.54
05:02:47,5,20.39,0.00,14.56,0.00,0.00,4.85,0.00,0.00,0.00,60.19
05:02:47,6,18.63,0.00,12.75,0.00,0.00,5.88,0.00,0.00,0.00,62.75
05:02:47,7,18.45,0.00,14.56,0.00,0.00,4.85,0.00,0.00,0.00,62.14
05:02:47,12,23.08,0.00,12.50,0.00,0.00,3.85,0.00,0.00,0.00,60.58
05:02:47,13,19.80,0.00,13.86,0.00,0.00,3.96,0.00,0.00,0.00,62.38
05:02:47,14,20.00,0.00,14.29,0.00,0.00,4.76,0.00,0.00,0.00,60.95
05:02:47,15,17.82,0.00,14.85,0.00,0.00,3.96,0.00,0.00,0.00,63.37
05:02:48,4,17.17,0.00,16.16,1.01,0.00,4.04,0.00,0.00,0.00,61.62
05:02:48,5,18.00,0.00,13.00,0.00,0.00,6.00,0.00,0.00,0.00,63.00
05:02:48,6,16.00,0.00,15.00,2.00,0.00,5.00,0.00,0.00,0.00,62.00
05:02:48,7,17.65,0.00,13.73,0.00,0.00,4.90,0.00,0.00,0.00,63.73
05:02:48,12,18.81,0.00,13.86,0.99,0.00,4.95,0.00,0.00,0.00,61.39
05:02:48,13,17.00,0.00,15.00,0.00,0.00,5.00,0.00,0.00,0.00,63.00
05:02:48,14,18.18,0.00,14.14,0.00,0.00,4.04,0.00,0.00,0.00,63.64
05:02:48,15,19.80,0.00,12.87,0.00,0.00,3.96,0.00,0.00,0.00,63.37
05:02:49,4,18.00,0.00,14.00,0.00,0.00,4.00,0.00,0.00,0.00,64.00
05:02:49,5,18.18,0.00,12.12,0.00,0.00,6.06,0.00,0.00,0.00,63.64
05:02:49,6,18.18,0.00,14.14,0.00,0.00,4.04,0.00,0.00,0.00,63.64
05:02:49,7,19.19,0.00,12.12,0.00,0.00,5.05,0.00,0.00,0.00,63.64
05:02:49,12,17.82,0.00,14.85,0.00,0.00,4.95,0.00,0.00,0.00,62.38
05:02:49,13,17.65,0.00,15.69,0.00,0.00,4.90,0.00,0.00,0.00,61.76
05:02:49,14,18.00,0.00,13.00,0.00,0.00,5.00,0.00,0.00,0.00,64.00
05:02:49,15,18.45,0.00,13.59,0.00,0.00,5.83,0.00,0.00,0.00,62.14
05:02:50,4,16.67,0.00,15.69,0.00,0.00,5.88,0.00,0.00,0.00,61.76
05:02:50,5,16.00,0.00,17.00,0.00,0.00,4.00,0.00,0.00,0.00,63.00
05:02:50,6,16.67,0.00,15.69,0.00,0.00,4.90,0.00,0.00,0.00,62.75
05:02:50,7,19.61,0.00,12.75,0.00,0.00,3.92,0.00,0.00,0.00,63.73
05:02:50,12,19.42,0.00,13.59,0.00,0.00,4.85,0.00,0.00,0.00,62.14
05:02:50,13,18.00,0.00,14.00,0.00,0.00,5.00,0.00,0.00,0.00,63.00
05:02:50,14,17.48,0.00,15.53,0.00,0.00,4.85,0.00,0.00,0.00,62.14
05:02:50,15,19.80,0.00,12.87,0.00,0.00,3.96,0.00,0.00,0.00,63.37
05:02:51,4,19.00,0.00,13.00,0.00,0.00,5.00,0.00,0.00,0.00,63.00
05:02:51,5,19.23,0.00,15.38,0.00,0.00,4.81,0.00,0.00,0.00,60.58
05:02:51,6,19.61,0.00,11.76,0.00,0.00,5.88,0.00,0.00,0.00,62.75
05:02:51,7,17.82,0.00,14.85,0.00,0.00,3.96,0.00,0.00,0.00,63.37
05:02:51,12,17.65,0.00,14.71,0.00,0.00,5.88,0.00,0.00,0.00,61.76
05:02:51,13,17.65,0.00,14.71,0.00,0.00,5.88,0.00,0.00,0.00,61.76
05:02:51,14,19.00,0.00,14.00,0.00,0.00,4.00,0.00,0.00,0.00,63.00
05:02:51,15,17.00,0.00,14.00,0.00,0.00,5.00,0.00,0.00,0.00,64.00
05:02:52,4,20.39,0.00,14.56,0.00,0.00,4.85,0.00,0.00,0.00,60.19
05:02:52,5,20.00,0.00,15.00,0.00,0.00,4.00,0.00,0.00,0.00,61.00
05:02:52,6,19.61,0.00,15.69,0.00,0.00,3.92,0.00,0.00,0.00,60.78
05:02:52,7,19.00,0.00,15.00,0.00,0.00,4.00,0.00,0.00,0.00,62.00
05:02:52,12,21.00,0.00,14.00,0.00,0.00,4.00,0.00,0.00,0.00,61.00
05:02:52,13,20.59,0.00,14.71,0.00,0.00,4.90,0.00,0.00,0.00,59.80
05:02:52,14,17.17,0.00,15.15,0.00,0.00,5.05,0.00,0.00,0.00,62.63
05:02:52,15,17.82,0.00,14.85,0.99,0.00,5.94,0.00,0.00,0.00,60.40
05:02:53,4,16.83,0.00,14.85,0.00,0.00,5.94,0.00,0.00,0.00,62.38
05:02:53,5,18.45,0.00,15.53,0.00,0.00,5.83,0.00,0.00,0.00,60.19
05:02:53,6,20.19,0.00,14.42,0.00,0.00,3.85,0.00,0.00,0.00,61.54
05:02:53,7,20.19,0.00,12.50,0.00,0.00,5.77,0.00,0.00,0.00,61.54
05:02:53,12,18.00,0.00,15.00,2.00,0.00,5.00,0.00,0.00,0.00,60.00
05:02:53,13,18.27,0.00,16.35,0.00,0.00,4.81,0.00,0.00,0.00,60.58
05:02:53,14,15.84,0.00,16.83,0.00,0.00,4.95,0.00,0.00,0.00,62.38
05:02:53,15,16.67,0.00,16.67,0.00,0.00,3.92,0.00,0.00,0.00,62.75
05:02:54,4,18.00,0.00,14.00,0.00,0.00,5.00,0.00,0.00,0.00,63.00
05:02:54,5,17.82,0.00,14.85,0.00,0.00,5.94,0.00,0.00,0.00,61.39
05:02:54,6,18.00,0.00,14.00,0.00,0.00,5.00,0.00,0.00,0.00,63.00
05:02:54,7,17.65,0.00,13.73,0.00,0.00,5.88,0.00,0.00,0.00,62.75
05:02:54,12,17.17,0.00,14.14,0.00,0.00,5.05,0.00,0.00,0.00,63.64
05:02:54,13,18.00,0.00,14.00,0.00,0.00,5.00,0.00,0.00,0.00,63.00
05:02:54,14,18.63,0.00,13.73,0.00,0.00,4.90,0.00,0.00,0.00,62.75
05:02:54,15,18.45,0.00,13.59,0.00,0.00,5.83,0.00,0.00,0.00,62.14
05:02:55,4,18.00,0.00,16.00,0.00,0.00,3.00,0.00,0.00,0.00,63.00
05:02:55,5,17.65,0.00,14.71,0.00,0.00,5.88,0.00,0.00,0.00,61.76
05:02:55,6,18.18,0.00,13.13,0.00,0.00,4.04,0.00,0.00,0.00,64.65
05:02:55,7,19.00,0.00,13.00,0.00,0.00,4.00,0.00,0.00,0.00,64.00
05:02:55,12,18.63,0.00,15.69,0.00,0.00,3.92,0.00,0.00,0.00,61.76
05:02:55,13,21.57,0.00,12.75,0.00,0.00,3.92,0.00,0.00,0.00,61.76
05:02:55,14,18.37,0.00,12.24,0.00,0.00,5.10,0.00,0.00,0.00,64.29
05:02:55,15,19.00,0.00,13.00,0.00,0.00,5.00,0.00,0.00,0.00,63.00
05:02:56,4,19.23,0.00,16.35,0.00,0.00,3.85,0.00,0.00,0.00,60.58
05:02:56,5,20.39,0.00,14.56,0.00,0.00,4.85,0.00,0.00,0.00,60.19
05:02:56,6,17.82,0.00,14.85,0.00,0.00,4.95,0.00,0.00,0.00,62.38
05:02:56,7,18.45,0.00,13.59,0.00,0.00,5.83,0.00,0.00,0.00,62.14
05:02:56,12,20.79,0.00,12.87,0.00,0.00,4.95,0.00,0.00,0.00,61.39
05:02:56,13,19.42,0.00,14.56,0.00,0.00,4.85,0.00,0.00,0.00,61.17
05:02:56,14,17.65,0.00,15.69,0.00,0.00,4.90,0.00,0.00,0.00,61.76
05:02:56,15,19.61,0.00,12.75,0.00,0.00,4.90,0.00,0.00,0.00,62.75
05:02:57,4,19.42,0.00,14.56,2.91,0.00,6.80,0.00,0.00,0.00,56.31
05:02:57,5,20.59,0.00,14.71,0.00,0.00,3.92,0.00,0.00,0.00,60.78
05:02:57,6,19.61,0.00,14.71,0.00,0.00,4.90,0.00,0.00,0.00,60.78
05:02:57,7,19.42,0.00,14.56,0.00,0.00,4.85,0.00,0.00,0.00,61.17
05:02:57,12,19.61,0.00,15.69,0.00,0.00,4.90,0.00,0.00,0.00,59.80
05:02:57,13,20.79,0.00,13.86,0.00,0.00,4.95,0.00,0.00,0.00,60.40
05:02:57,14,18.45,0.00,16.50,0.00,0.00,4.85,0.00,0.00,0.00,60.19
05:02:57,15,18.81,0.00,13.86,0.00,0.00,5.94,0.00,0.00,0.00,61.39
05:02:58,4,18.00,0.00,14.00,0.00,0.00,5.00,0.00,0.00,0.00,63.00
05:02:58,5,19.42,0.00,14.56,0.00,0.00,4.85,0.00,0.00,0.00,61.17
05:02:58,6,19.42,0.00,13.59,0.00,0.00,4.85,0.00,0.00,0.00,62.14
05:02:58,7,19.00,0.00,13.00,0.00,0.00,5.00,0.00,0.00,0.00,63.00
05:02:58,12,20.79,0.00,12.87,0.00,0.00,3.96,0.00,0.00,0.00,62.38
05:02:58,13,19.80,0.00,13.86,0.00,0.00,4.95,0.00,0.00,0.00,61.39
05:02:58,14,19.61,0.00,13.73,0.00,0.00,4.90,0.00,0.00,0.00,61.76
05:02:58,15,17.00,0.00,16.00,0.00,0.00,4.00,0.00,0.00,0.00,63.00
05:02:59,4,20.19,0.00,14.42,0.00,0.00,4.81,0.00,0.00,0.00,60.58
05:02:59,5,19.39,0.00,13.27,0.00,0.00,4.08,0.00,0.00,0.00,63.27
05:02:59,6,18.63,0.00,13.73,0.00,0.00,5.88,0.00,0.00,0.00,61.76
05:02:59,7,18.45,0.00,14.56,0.00,0.00,4.85,0.00,0.00,0.00,62.14
05:02:59,12,20.59,0.00,12.75,0.00,0.00,4.90,0.00,0.00,0.00,61.76
05:02:59,13,17.82,0.00,14.85,0.00,0.00,4.95,0.00,0.00,0.00,62.38
05:02:59,14,17.00,0.00,15.00,0.00,0.00,5.00,0.00,0.00,0.00,63.00
05:02:59,15,19.80,0.00,12.87,0.00,0.00,3.96,0.00,0.00,0.00,63.37
05:03:00,4,16.16,0.00,16.16,0.00,0.00,4.04,0.00,0.00,0.00,63.64
05:03:00,5,18.45,0.00,13.59,0.00,0.00,6.80,0.00,0.00,0.00,61.17
05:03:00,6,18.63,0.00,14.71,0.00,0.00,4.90,0.00,0.00,0.00,61.76
05:03:00,7,18.00,0.00,13.00,0.00,0.00,5.00,0.00,0.00,0.00,64.00
05:03:00,12,18.81,0.00,13.86,0.00,0.00,4.95,0.00,0.00,0.00,62.38
05:03:00,13,19.80,0.00,13.86,0.00,0.00,3.96,0.00,0.00,0.00,62.38
05:03:00,14,18.63,0.00,13.73,0.00,0.00,4.90,0.00,0.00,0.00,62.75
05:03:00,15,19.42,0.00,13.59,0.00,0.00,4.85,0.00,0.00,0.00,62.14
05:03:01,4,18.00,0.00,15.00,0.00,0.00,4.00,0.00,0.00,0.00,63.00
05:03:01,5,20.59,0.00,13.73,0.98,0.00,3.92,0.00,0.00,0.00,60.78
05:03:01,6,18.63,0.00,15.69,0.00,0.00,3.92,0.00,0.00,0.00,61.76
05:03:01,7,18.45,0.00,14.56,0.00,0.00,4.85,0.00,0.00,0.00,62.14
05:03:01,12,16.83,0.00,15.84,0.00,0.00,5.94,0.00,0.00,0.00,61.39
05:03:01,13,18.45,0.00,13.59,0.00,0.00,6.80,0.00,0.00,0.00,61.17
05:03:01,14,17.00,0.00,14.00,0.00,0.00,6.00,0.00,0.00,0.00,63.00
05:03:01,15,18.00,0.00,15.00,0.00,0.00,4.00,0.00,0.00,0.00,63.00
05:03:02,4,20.00,0.00,13.00,0.00,0.00,5.00,0.00,0.00,0.00,62.00
05:03:02,5,17.17,0.00,15.15,0.00,0.00,5.05,0.00,0.00,0.00,62.63
05:03:02,6,18.63,0.00,14.71,0.00,0.00,4.90,0.00,0.00,0.00,61.76
05:03:02,7,19.19,0.00,14.14,0.00,0.00,3.03,0.00,0.00,0.00,63.64
05:03:02,12,20.00,0.00,14.00,0.00,0.00,5.00,0.00,0.00,0.00,61.00
05:03:02,13,23.23,0.00,15.15,0.00,0.00,3.03,0.00,0.00,0.00,58.59
05:03:02,14,18.81,0.00,15.84,0.00,0.00,3.96,0.00,0.00,0.00,61.39
05:03:02,15,18.63,0.00,14.71,0.00,0.00,4.90,0.00,0.00,0.00,61.76
05:03:03,4,18.00,0.00,15.00,0.00,0.00,5.00,0.00,0.00,0.00,62.00
05:03:03,5,19.80,0.00,14.85,0.00,0.00,3.96,0.00,0.00,0.00,61.39
05:03:03,6,19.00,0.00,15.00,0.00,0.00,4.00,0.00,0.00,0.00,62.00
05:03:03,7,19.61,0.00,13.73,0.00,0.00,4.90,0.00,0.00,0.00,61.76
05:03:03,12,17.48,0.00,16.50,0.00,0.00,4.85,0.00,0.00,0.00,61.17
05:03:03,13,19.80,0.00,13.86,0.00,0.00,4.95,0.00,0.00,0.00,61.39
05:03:03,14,19.42,0.00,15.53,0.00,0.00,3.88,0.00,0.00,0.00,61.17
05:03:03,15,18.45,0.00,14.56,0.00,0.00,5.83,0.00,0.00,0.00,61.17
05:03:04,4,17.82,0.00,15.84,0.00,0.00,3.96,0.00,0.00,0.00,62.38
05:03:04,5,18.81,0.00,14.85,0.00,0.00,4.95,0.00,0.00,0.00,61.39
05:03:04,6,17.82,0.00,13.86,0.00,0.00,5.94,0.00,0.00,0.00,62.38
05:03:04,7,17.48,0.00,15.53,0.00,0.00,4.85,0.00,0.00,0.00,62.14
05:03:04,12,19.39,0.00,13.27,0.00,0.00,4.08,0.00,0.00,0.00,63.27
05:03:04,13,19.00,0.00,14.00,0.00,0.00,4.00,0.00,0.00,0.00,63.00
05:03:04,14,17.82,0.00,13.86,0.00,0.00,5.94,0.00,0.00,0.00,62.38
05:03:04,15,19.00,0.00,13.00,0.00,0.00,4.00,0.00,0.00,0.00,64.00
05:03:05,4,17.82,0.00,14.85,0.00,0.00,4.95,0.00,0.00,0.00,62.38
05:03:05,5,19.42,0.00,14.56,0.00,0.00,4.85,0.00,0.00,0.00,61.17
05:03:05,6,19.00,0.00,15.00,0.00,0.00,3.00,0.00,0.00,0.00,63.00
05:03:05,7,20.59,0.00,12.75,0.00,0.00,3.92,0.00,0.00,0.00,62.75
05:03:05,12,18.81,0.00,12.87,0.00,0.00,5.94,0.00,0.00,0.00,62.38
05:03:05,13,19.00,0.00,14.00,0.00,0.00,5.00,0.00,0.00,0.00,62.00
05:03:05,14,19.23,0.00,15.38,0.00,0.00,4.81,0.00,0.00,0.00,60.58
05:03:05,15,19.00,0.00,14.00,0.00,0.00,4.00,0.00,0.00,0.00,63.00
05:03:06,4,18.63,0.00,13.73,0.00,0.00,5.88,0.00,0.00,0.00,61.76
05:03:06,5,17.82,0.00,15.84,0.00,0.00,4.95,0.00,0.00,0.00,61.39
05:03:06,6,18.10,0.00,16.19,0.00,0.00,4.76,0.00,0.00,0.00,60.95
05:03:06,7,17.00,0.00,16.00,0.00,0.00,4.00,0.00,0.00,0.00,63.00
05:03:06,12,17.71,0.00,12.50,0.00,0.00,4.17,0.00,0.00,0.00,65.62
05:03:06,13,18.81,0.00,14.85,0.00,0.00,3.96,0.00,0.00,0.00,62.38
05:03:06,14,19.00,0.00,13.00,0.00,0.00,4.00,0.00,0.00,0.00,64.00
05:03:06,15,18.27,0.00,15.38,0.00,0.00,4.81,0.00,0.00,0.00,61.54
05:03:07,4,19.61,0.00,15.69,0.00,0.00,4.90,0.00,0.00,0.00,59.80
05:03:07,5,21.00,0.00,13.00,0.00,0.00,6.00,0.00,0.00,0.00,60.00
05:03:07,6,19.42,0.00,15.53,1.94,0.00,3.88,0.00,0.00,0.00,59.22
05:03:07,7,20.19,0.00,14.42,0.00,0.00,4.81,0.00,0.00,0.00,60.58
05:03:07,12,19.61,0.00,16.67,0.00,0.00,3.92,0.00,0.00,0.00,59.80
05:03:07,13,19.42,0.00,17.48,0.00,0.00,3.88,0.00,0.00,0.00,59.22
05:03:07,14,18.00,0.00,15.00,0.00,0.00,5.00,0.00,0.00,0.00,62.00
05:03:07,15,18.45,0.00,16.50,0.00,0.00,3.88,0.00,0.00,0.00,61.17
05:03:08,4,17.82,0.00,14.85,0.00,0.00,4.95,0.00,0.00,0.00,62.38
05:03:08,5,16.00,0.00,17.00,0.00,0.00,4.00,0.00,0.00,0.00,63.00
05:03:08,6,19.19,0.00,15.15,0.00,0.00,3.03,0.00,0.00,0.00,62.63
05:03:08,7,17.00,0.00,15.00,0.00,0.00,5.00,0.00,0.00,0.00,63.00
05:03:08,12,18.18,0.00,14.14,2.02,0.00,5.05,0.00,0.00,0.00,60.61
05:03:08,13,18.00,0.00,15.00,0.00,0.00,5.00,0.00,0.00,0.00,62.00
05:03:08,14,18.00,0.00,14.00,0.00,0.00,5.00,0.00,0.00,0.00,63.00
05:03:08,15,18.37,0.00,12.24,0.00,0.00,5.10,0.00,0.00,0.00,64.29
05:03:09,4,19.00,0.00,14.00,0.00,0.00,4.00,0.00,0.00,0.00,63.00
05:03:09,5,18.81,0.00,12.87,0.00,0.00,5.94,0.00,0.00,0.00,62.38
05:03:09,6,17.65,0.00,14.71,0.00,0.00,4.90,0.00,0.00,0.00,62.75
05:03:09,7,17.82,0.00,15.84,0.00,0.00,2.97,0.00,0.00,0.00,63.37
05:03:09,12,20.59,0.00,13.73,0.00,0.00,3.92,0.00,0.00,0.00,61.76
05:03:09,13,20.39,0.00,13.59,0.00,0.00,4.85,0.00,0.00,0.00,61.17
05:03:09,14,18.81,0.00,14.85,0.00,0.00,3.96,0.00,0.00,0.00,62.38
05:03:09,15,19.00,0.00,13.00,0.00,0.00,4.00,0.00,0.00,0.00,64.00
05:03:10,4,20.00,0.00,13.00,0.00,0.00,5.00,0.00,0.00,0.00,62.00
05:03:10,5,18.81,0.00,13.86,0.00,0.00,5.94,0.00,0.00,0.00,61.39
05:03:10,6,20.59,0.00,12.75,0.00,0.00,4.90,0.00,0.00,0.00,61.76
05:03:10,7,18.81,0.00,12.87,0.00,0.00,5.94,0.00,0.00,0.00,62.38
05:03:10,12,20.39,0.00,14.56,0.00,0.00,3.88,0.00,0.00,0.00,61.17
05:03:10,13,21.78,0.00,12.87,0.00,0.00,4.95,0.00,0.00,0.00,60.40
05:03:10,14,16.00,0.00,14.00,0.00,0.00,6.00,0.00,0.00,0.00,64.00
05:03:10,15,18.00,0.00,15.00,0.00,0.00,4.00,0.00,0.00,0.00,63.00
05:03:11,4,17.65,0.00,14.71,0.00,0.00,5.88,0.00,0.00,0.00,61.76
05:03:11,5,19.61,0.00,13.73,0.00,0.00,4.90,0.00,0.00,0.00,61.76
05:03:11,6,19.61,0.00,13.73,0.00,0.00,4.90,0.00,0.00,0.00,61.76
05:03:11,7,18.45,0.00,14.56,0.00,0.00,4.85,0.00,0.00,0.00,62.14
05:03:11,12,18.00,0.00,14.00,0.00,0.00,5.00,0.00,0.00,0.00,63.00
05:03:11,13,18.81,0.00,14.85,0.00,0.00,4.95,0.00,0.00,0.00,61.39
05:03:11,14,20.39,0.00,14.56,0.00,0.00,3.88,0.00,0.00,0.00,61.17
05:03:11,15,19.61,0.00,13.73,0.00,0.00,3.92,0.00,0.00,0.00,62.75
05:03:12,4,19.61,0.00,15.69,0.00,0.00,4.90,0.00,0.00,0.00,59.80
05:03:12,5,18.18,0.00,15.15,0.00,0.00,5.05,0.00,0.00,0.00,61.62
05:03:12,6,21.00,0.00,14.00,0.00,0.00,3.00,0.00,0.00,0.00,62.00
05:03:12,7,18.18,0.00,13.13,0.00,0.00,6.06,0.00,0.00,0.00,62.63
05:03:12,12,19.00,0.00,14.00,0.00,0.00,6.00,0.00,0.00,0.00,61.00
05:03:12,13,20.79,0.00,13.86,0.00,0.00,4.95,0.00,0.00,0.00,60.40
05:03:12,14,18.00,0.00,16.00,0.00,0.00,4.00,0.00,0.00,0.00,62.00
05:03:12,15,20.79,0.00,12.87,0.00,0.00,4.95,0.00,0.00,0.00,61.39
05:03:13,4,21.21,0.00,12.12,0.00,0.00,4.04,0.00,0.00,0.00,62.63
05:03:13,5,16.83,0.00,14.85,0.00,0.00,5.94,0.00,0.00,0.00,62.38
05:03:13,6,18.63,0.00,12.75,0.00,0.00,5.88,0.00,0.00,0.00,62.75
05:03:13,7,17.65,0.00,13.73,0.00,0.00,5.88,0.00,0.00,0.00,62.75
05:03:13,12,17.82,0.00,14.85,0.00,0.00,4.95,0.00,0.00,0.00,62.38
05:03:13,13,19.23,0.00,15.38,1.92,0.00,4.81,0.00,0.00,0.00,58.65
05:03:13,14,17.48,0.00,16.50,0.00,0.00,4.85,0.00,0.00,0.00,61.17
05:03:13,15,17.82,0.00,13.86,0.00,0.00,4.95,0.00,0.00,0.00,63.37
05:03:14,4,18.81,0.00,13.86,0.00,0.00,4.95,0.00,0.00,0.00,62.38
05:03:14,5,21.36,0.00,13.59,0.00,0.00,5.83,0.00,0.00,0.00,59.22
05:03:14,6,20.19,0.00,14.42,0.00,0.00,4.81,0.00,0.00,0.00,60.58
05:03:14,7,19.61,0.00,13.73,0.00,0.00,3.92,0.00,0.00,0.00,62.75
05:03:14,12,18.00,0.00,14.00,0.00,0.00,5.00,0.00,0.00,0.00,63.00
05:03:14,13,18.81,0.00,14.85,0.00,0.00,4.95,0.00,0.00,0.00,61.39
05:03:14,14,18.81,0.00,13.86,0.00,0.00,4.95,0.00,0.00,0.00,62.38
05:03:14,15,18.81,0.00,14.85,0.00,0.00,3.96,0.00,0.00,0.00,62.38
05:03:15,4,18.45,0.00,14.56,0.00,0.00,6.80,0.00,0.00,0.00,60.19
05:03:15,5,19.05,0.00,16.19,0.00,0.00,4.76,0.00,0.00,0.00,60.00
05:03:15,6,17.48,0.00,15.53,0.00,0.00,4.85,0.00,0.00,0.00,62.14
05:03:15,7,18.10,0.00,16.19,0.00,0.00,5.71,0.00,0.00,0.00,60.00
05:03:15,12,17.65,0.00,14.71,0.00,0.00,6.86,0.00,0.00,0.00,60.78
05:03:15,13,17.65,0.00,15.69,0.00,0.00,4.90,0.00,0.00,0.00,61.76
05:03:15,14,19.42,0.00,14.56,0.00,0.00,3.88,0.00,0.00,0.00,62.14
05:03:15,15,20.19,0.00,13.46,0.00,0.00,4.81,0.00,0.00,0.00,61.54
05:03:16,4,17.65,0.00,14.71,0.00,0.00,4.90,0.00,0.00,0.00,62.75
05:03:16,5,18.63,0.00,15.69,0.00,0.00,3.92,0.00,0.00,0.00,61.76
05:03:16,6,18.37,0.00,13.27,0.00,0.00,4.08,0.00,0.00,0.00,64.29
05:03:16,7,16.83,0.00,15.84,0.00,0.00,3.96,0.00,0.00,0.00,63.37
05:03:16,12,19.61,0.00,14.71,0.00,0.00,2.94,0.00,0.00,0.00,62.75
05:03:16,13,19.61,0.00,14.71,0.00,0.00,3.92,0.00,0.00,0.00,61.76
05:03:16,14,18.18,0.00,13.13,0.00,0.00,5.05,0.00,0.00,0.00,63.64
05:03:16,15,18.00,0.00,14.00,0.00,0.00,4.00,0.00,0.00,0.00,64.00
05:03:17,4,18.18,0.00,16.16,0.00,0.00,4.04,0.00,0.00,0.00,61.62
05:03:17,5,20.00,0.00,14.00,0.00,0.00,5.00,0.00,0.00,0.00,61.00
05:03:17,6,17.82,0.00,14.85,0.00,0.00,4.95,0.00,0.00,0.00,62.38
05:03:17,7,19.00,0.00,14.00,0.00,0.00,4.00,0.00,0.00,0.00,63.00
05:03:17,12,17.82,0.00,14.85,0.00,0.00,5.94,0.00,0.00,0.00,61.39
05:03:17,13,19.80,0.00,14.85,1.98,0.00,4.95,0.00,0.00,0.00,58.42
05:03:17,14,18.63,0.00,13.73,0.00,0.00,5.88,0.00,0.00,0.00,61.76
05:03:17,15,19.00,0.00,13.00,0.00,0.00,5.00,0.00,0.00,0.00,63.00
05:03:18,4,17.82,0.00,13.86,0.00,0.00,5.94,0.00,0.00,0.00,62.38
05:03:18,5,17.17,0.00,15.15,0.00,0.00,6.06,0.00,0.00,0.00,61.62
05:03:18,6,18.18,0.00,15.15,0.00,0.00,4.04,0.00,0.00,0.00,62.63
05:03:18,7,20.19,0.00,14.42,0.00,0.00,3.85,0.00,0.00,0.00,61.54
05:03:18,12,20.59,0.00,14.71,0.00,0.00,3.92,0.00,0.00,0.00,60.78
05:03:18,13,18.18,0.00,13.13,0.00,0.00,6.06,0.00,0.00,0.00,62.63
05:03:18,14,17.65,0.00,14.71,0.00,0.00,5.88,0.00,0.00,0.00,61.76
05:03:18,15,20.19,0.00,14.42,0.00,0.00,4.81,0.00,0.00,0.00,60.58
05:03:19,4,19.39,0.00,12.24,0.00,0.00,4.08,0.00,0.00,0.00,64.29
05:03:19,5,16.83,0.00,15.84,0.00,0.00,4.95,0.00,0.00,0.00,62.38
05:03:19,6,19.61,0.00,14.71,0.00,0.00,3.92,0.00,0.00,0.00,61.76
05:03:19,7,16.83,0.00,14.85,0.00,0.00,4.95,0.00,0.00,0.00,63.37
05:03:19,12,18.00,0.00,16.00,0.00,0.00,3.00,0.00,0.00,0.00,63.00
05:03:19,13,20.19,0.00,14.42,0.00,0.00,4.81,0.00,0.00,0.00,60.58
05:03:19,14,17.82,0.00,15.84,0.00,0.00,3.96,0.00,0.00,0.00,62.38
05:03:19,15,18.00,0.00,14.00,0.00,0.00,4.00,0.00,0.00,0.00,64.00
05:03:20,4,18.81,0.00,13.86,0.00,0.00,4.95,0.00,0.00,0.00,62.38
05:03:20,5,21.57,0.00,13.73,0.00,0.00,3.92,0.00,0.00,0.00,60.78
05:03:20,6,18.63,0.00,14.71,0.00,0.00,4.90,0.00,0.00,0.00,61.76
05:03:20,7,18.63,0.00,12.75,0.00,0.00,5.88,0.00,0.00,0.00,62.75
05:03:20,12,19.23,0.00,15.38,0.00,0.00,4.81,0.00,0.00,0.00,60.58
05:03:20,13,19.23,0.00,16.35,0.00,0.00,4.81,0.00,0.00,0.00,59.62
05:03:20,14,20.19,0.00,14.42,0.00,0.00,4.81,0.00,0.00,0.00,60.58
05:03:20,15,18.27,0.00,14.42,0.00,0.00,6.73,0.00,0.00,0.00,60.58
05:03:21,4,18.81,0.00,14.85,0.00,0.00,3.96,0.00,0.00,0.00,62.38
05:03:21,5,20.59,0.00,13.73,0.00,0.00,3.92,0.00,0.00,0.00,61.76
05:03:21,6,18.63,0.00,14.71,0.00,0.00,4.90,0.00,0.00,0.00,61.76
05:03:21,7,18.00,0.00,15.00,0.00,0.00,4.00,0.00,0.00,0.00,63.00
05:03:21,12,19.80,0.00,14.85,0.00,0.00,3.96,0.00,0.00,0.00,61.39
05:03:21,13,19.61,0.00,14.71,0.00,0.00,4.90,0.00,0.00,0.00,60.78
05:03:21,14,19.80,0.00,13.86,0.00,0.00,3.96,0.00,0.00,0.00,62.38
05:03:21,15,19.61,0.00,14.71,0.00,0.00,3.92,0.00,0.00,0.00,61.76
05:03:22,4,20.00,0.00,14.00,0.00,0.00,5.00,0.00,0.00,0.00,61.00
05:03:22,5,20.20,0.00,14.14,0.00,0.00,5.05,0.00,0.00,0.00,60.61
05:03:22,6,20.19,0.00,14.42,0.00,0.00,5.77,0.00,0.00,0.00,59.62
05:03:22,7,17.82,0.00,14.85,0.00,0.00,4.95,0.00,0.00,0.00,62.38
05:03:22,12,20.79,0.00,13.86,0.00,0.00,4.95,0.00,0.00,0.00,60.40
05:03:22,13,20.59,0.00,15.69,0.00,0.00,4.90,0.00,0.00,0.00,58.82
05:03:22,14,19.80,0.00,13.86,0.00,0.00,4.95,0.00,0.00,0.00,61.39
05:03:22,15,18.81,0.00,13.86,0.00,0.00,4.95,0.00,0.00,0.00,62.38
05:03:23,4,18.45,0.00,13.59,0.00,0.00,6.80,0.00,0.00,0.00,61.17
05:03:23,5,17.82,0.00,15.84,0.00,0.00,4.95,0.00,0.00,0.00,61.39
05:03:23,6,20.39,0.00,13.59,0.00,0.00,4.85,0.00,0.00,0.00,61.17
05:03:23,7,17.00,0.00,16.00,0.00,0.00,4.00,0.00,0.00,0.00,63.00
05:03:23,12,19.42,0.00,14.56,0.00,0.00,4.85,0.00,0.00,0.00,61.17
05:03:23,13,17.17,0.00,15.15,0.00,0.00,5.05,0.00,0.00,0.00,62.63
05:03:23,14,19.00,0.00,15.00,1.00,0.00,4.00,0.00,0.00,0.00,61.00
05:03:23,15,21.36,0.00,13.59,0.00,0.00,3.88,0.00,0.00,0.00,61.17
05:03:24,4,20.00,0.00,15.00,0.00,0.00,3.00,0.00,0.00,0.00,62.00
05:03:24,5,17.65,0.00,15.69,0.00,0.00,4.90,0.00,0.00,0.00,61.76
05:03:24,6,17.65,0.00,15.69,0.00,0.00,4.90,0.00,0.00,0.00,61.76
05:03:24,7,17.65,0.00,15.69,0.00,0.00,3.92,0.00,0.00,0.00,62.75
05:03:24,12,19.42,0.00,13.59,0.00,0.00,5.83,0.00,0.00,0.00,61.17
05:03:24,13,20.39,0.00,12.62,0.00,0.00,5.83,0.00,0.00,0.00,61.17
05:03:24,14,19.61,0.00,13.73,0.00,0.00,3.92,0.00,0.00,0.00,62.75
05:03:24,15,17.65,0.00,14.71,0.00,0.00,4.90,0.00,0.00,0.00,62.75
05:03:25,4,15.00,0.00,16.00,0.00,0.00,6.00,0.00,0.00,0.00,63.00
05:03:25,5,19.00,0.00,14.00,0.00,0.00,4.00,0.00,0.00,0.00,63.00
05:03:25,6,18.63,0.00,14.71,0.00,0.00,3.92,0.00,0.00,0.00,62.75
05:03:25,7,18.63,0.00,13.73,0.00,0.00,4.90,0.00,0.00,0.00,62.75
05:03:25,12,17.00,0.00,17.00,0.00,0.00,4.00,0.00,0.00,0.00,62.00
05:03:25,13,20.39,0.00,14.56,0.00,0.00,3.88,0.00,0.00,0.00,61.17
05:03:25,14,18.00,0.00,14.00,0.00,0.00,5.00,0.00,0.00,0.00,63.00
05:03:25,15,19.00,0.00,14.00,0.00,0.00,4.00,0.00,0.00,0.00,63.00
05:03:26,4,17.82,0.00,15.84,0.00,0.00,3.96,0.00,0.00,0.00,62.38
05:03:26,5,18.81,0.00,14.85,0.00,0.00,3.96,0.00,0.00,0.00,62.38
05:03:26,6,17.00,0.00,14.00,0.00,0.00,5.00,0.00,0.00,0.00,64.00
05:03:26,7,15.84,0.00,14.85,0.00,0.00,5.94,0.00,0.00,0.00,63.37
05:03:26,12,18.81,0.00,15.84,0.00,0.00,2.97,0.00,0.00,0.00,62.38
05:03:26,13,17.48,0.00,15.53,0.00,0.00,5.83,0.00,0.00,0.00,61.17
05:03:26,14,19.23,0.00,14.42,0.00,0.00,4.81,0.00,0.00,0.00,61.54
05:03:26,15,18.63,0.00,13.73,0.00,0.00,4.90,0.00,0.00,0.00,62.75
05:03:27,4,20.79,0.00,11.88,0.00,0.00,4.95,0.00,0.00,0.00,62.38
05:03:27,5,18.63,0.00,15.69,0.00,0.00,5.88,0.00,0.00,0.00,59.80
05:03:27,6,18.81,0.00,15.84,0.00,0.00,3.96,0.00,0.00,0.00,61.39
05:03:27,7,17.00,0.00,15.00,0.00,0.00,5.00,0.00,0.00,0.00,63.00
05:03:27,12,21.78,0.00,12.87,0.00,0.00,4.95,0.00,0.00,0.00,60.40
05:03:27,13,19.80,0.00,14.85,0.00,0.00,4.95,0.00,0.00,0.00,60.40
05:03:27,14,18.63,0.00,16.67,1.96,0.00,2.94,0.00,0.00,0.00,59.80
05:03:27,15,18.63,0.00,14.71,0.00,0.00,4.90,0.00,0.00,0.00,61.76
05:03:28,4,19.61,0.00,14.71,0.00,0.00,4.90,0.00,0.00,0.00,60.78
05:03:28,5,18.63,0.00,15.69,0.00,0.00,4.90,0.00,0.00,0.00,60.78
05:03:28,6,18.63,0.00,13.73,0.00,0.00,5.88,0.00,0.00,0.00,61.76
05:03:28,7,17.65,0.00,15.69,0.00,0.00,4.90,0.00,0.00,0.00,61.76
05:03:28,12,17.82,0.00,14.85,0.00,0.00,6.93,0.00,0.00,0.00,60.40
05:03:28,13,17.00,0.00,15.00,0.00,0.00,7.00,0.00,0.00,0.00,61.00
05:03:28,14,20.59,0.00,12.75,0.00,0.00,5.88,0.00,0.00,0.00,60.78
05:03:28,15,19.42,0.00,14.56,0.00,0.00,4.85,0.00,0.00,0.00,61.17
05:03:29,4,18.63,0.00,14.71,0.00,0.00,4.90,0.00,0.00,0.00,61.76
05:03:29,5,18.18,0.00,13.13,0.00,0.00,5.05,0.00,0.00,0.00,63.64
05:03:29,6,16.83,0.00,13.86,0.00,0.00,5.94,0.00,0.00,0.00,63.37
05:03:29,7,18.18,0.00,13.13,0.00,0.00,4.04,0.00,0.00,0.00,64.65
05:03:29,12,19.39,0.00,13.27,0.00,0.00,3.06,0.00,0.00,0.00,64.29
05:03:29,13,18.18,0.00,13.13,0.00,0.00,5.05,0.00,0.00,0.00,63.64
05:03:29,14,15.84,0.00,14.85,0.00,0.00,6.93,0.00,0.00,0.00,62.38
05:03:29,15,18.81,0.00,12.87,0.00,0.00,4.95,0.00,0.00,0.00,63.37
05:03:30,4,17.17,0.00,14.14,0.00,0.00,5.05,0.00,0.00,0.00,63.64
05:03:30,5,19.80,0.00,14.85,0.00,0.00,3.96,0.00,0.00,0.00,61.39
05:03:30,6,19.39,0.00,11.22,0.00,0.00,5.10,0.00,0.00,0.00,64.29
05:03:30,7,18.18,0.00,13.13,0.00,0.00,4.04,0.00,0.00,0.00,64.65
05:03:30,12,18.18,0.00,13.13,0.00,0.00,5.05,0.00,0.00,0.00,63.64
05:03:30,13,20.00,0.00,14.00,0.00,0.00,4.00,0.00,0.00,0.00,62.00
05:03:30,14,20.20,0.00,12.12,0.00,0.00,4.04,0.00,0.00,0.00,63.64
05:03:30,15,19.39,0.00,12.24,0.00,0.00,4.08,0.00,0.00,0.00,64.29
05:03:31,4,17.53,0.00,12.37,0.00,0.00,5.15,0.00,0.00,0.00,64.95
05:03:31,5,18.63,0.00,14.71,0.00,0.00,4.90,0.00,0.00,0.00,61.76
05:03:31,6,17.65,0.00,14.71,0.00,0.00,4.90,0.00,0.00,0.00,62.75
05:03:31,7,18.81,0.00,13.86,0.00,0.00,4.95,0.00,0.00,0.00,62.38
05:03:31,12,20.00,0.00,13.00,0.00,0.00,4.00,0.00,0.00,0.00,63.00
05:03:31,13,18.81,0.00,12.87,0.00,0.00,5.94,0.00,0.00,0.00,62.38
05:03:31,14,18.63,0.00,13.73,0.00,0.00,4.90,0.00,0.00,0.00,62.75
05:03:31,15,17.48,0.00,14.56,0.00,0.00,5.83,0.00,0.00,0.00,62.14
05:03:32,4,20.39,0.00,14.56,0.00,0.00,4.85,0.00,0.00,0.00,60.19
05:03:32,5,19.00,0.00,14.00,0.00,0.00,5.00,0.00,0.00,0.00,62.00
05:03:32,6,18.45,0.00,14.56,0.00,0.00,5.83,0.00,0.00,0.00,61.17
05:03:32,7,17.65,0.00,14.71,0.00,0.00,4.90,0.00,0.00,0.00,62.75
05:03:32,12,19.42,0.00,15.53,0.00,0.00,4.85,0.00,0.00,0.00,60.19
05:03:32,13,19.42,0.00,16.50,0.00,0.00,3.88,0.00,0.00,0.00,60.19
05:03:32,14,19.61,0.00,13.73,0.00,0.00,4.90,0.00,0.00,0.00,61.76
05:03:32,15,18.81,0.00,14.85,0.00,0.00,3.96,0.00,0.00,0.00,62.38
05:03:33,4,18.18,0.00,14.14,0.00,0.00,5.05,0.00,0.00,0.00,62.63
05:03:33,5,18.00,0.00,16.00,1.00,0.00,4.00,0.00,0.00,0.00,61.00
05:03:33,6,15.31,0.00,16.33,0.00,0.00,5.10,0.00,0.00,0.00,63.27
05:03:33,7,20.00,0.00,13.00,0.00,0.00,4.00,0.00,0.00,0.00,63.00
05:03:33,12,20.79,0.00,13.86,0.00,0.00,4.95,0.00,0.00,0.00,60.40
05:03:33,13,19.19,0.00,14.14,0.00,0.00,4.04,0.00,0.00,0.00,62.63
05:03:33,14,17.82,0.00,15.84,0.00,0.00,4.95,0.00,0.00,0.00,61.39
05:03:33,15,19.19,0.00,13.13,0.00,0.00,4.04,0.00,0.00,0.00,63.64
05:03:34,4,18.63,0.00,14.71,0.00,0.00,4.90,0.00,0.00,0.00,61.76
05:03:34,5,17.82,0.00,14.85,0.00,0.00,4.95,0.00,0.00,0.00,62.38
05:03:34,6,19.42,0.00,13.59,0.00,0.00,5.83,0.00,0.00,0.00,61.17
05:03:34,7,18.81,0.00,13.86,0.00,0.00,3.96,0.00,0.00,0.00,63.37
05:03:34,12,20.95,0.00,13.33,0.00,0.00,4.76,0.00,0.00,0.00,60.95
05:03:34,13,18.00,0.00,14.00,0.00,0.00,5.00,0.00,0.00,0.00,63.00
05:03:34,14,19.00,0.00,13.00,0.00,0.00,4.00,0.00,0.00,0.00,64.00
05:03:34,15,20.39,0.00,12.62,0.00,0.00,4.85,0.00,0.00,0.00,62.14
05:03:35,4,19.42,0.00,14.56,0.00,0.00,4.85,0.00,0.00,0.00,61.17
05:03:35,5,18.00,0.00,15.00,0.00,0.00,5.00,0.00,0.00,0.00,62.00
05:03:35,6,19.00,0.00,13.00,0.00,0.00,4.00,0.00,0.00,0.00,64.00
05:03:35,7,18.63,0.00,14.71,0.00,0.00,4.90,0.00,0.00,0.00,61.76
05:03:35,12,19.00,0.00,14.00,0.00,0.00,5.00,0.00,0.00,0.00,62.00
05:03:35,13,18.81,0.00,15.84,0.00,0.00,4.95,0.00,0.00,0.00,60.40
05:03:35,14,17.82,0.00,13.86,0.00,0.00,5.94,0.00,0.00,0.00,62.38
05:03:35,15,18.63,0.00,15.69,0.00,0.00,2.94,0.00,0.00,0.00,62.75
05:03:36,4,18.81,0.00,13.86,0.00,0.00,4.95,0.00,0.00,0.00,62.38
05:03:36,5,19.42,0.00,15.53,0.00,0.00,3.88,0.00,0.00,0.00,61.17
05:03:36,6,19.42,0.00,13.59,0.00,0.00,5.83,0.00,0.00,0.00,61.17
05:03:36,7,19.80,0.00,13.86,0.00,0.00,2.97,0.00,0.00,0.00,63.37
05:03:36,12,17.48,0.00,16.50,0.00,0.00,4.85,0.00,0.00,0.00,61.17
05:03:36,13,18.63,0.00,13.73,0.00,0.00,5.88,0.00,0.00,0.00,61.76
05:03:36,14,18.81,0.00,14.85,0.00,0.00,3.96,0.00,0.00,0.00,62.38
05:03:36,15,20.59,0.00,11.76,0.00,0.00,5.88,0.00,0.00,0.00,61.76
05:03:37,4,19.42,0.00,14.56,0.00,0.00,4.85,0.00,0.00,0.00,61.17
05:03:37,5,17.65,0.00,15.69,0.00,0.00,4.90,0.00,0.00,0.00,61.76
05:03:37,6,19.42,0.00,13.59,0.00,0.00,5.83,0.00,0.00,0.00,61.17
05:03:37,7,18.27,0.00,15.38,0.00,0.00,5.77,0.00,0.00,0.00,60.58
05:03:37,12,17.31,0.00,16.35,0.00,0.00,5.77,0.00,0.00,0.00,60.58
05:03:37,13,22.00,0.00,13.00,0.00,0.00,3.00,0.00,0.00,0.00,62.00
05:03:37,14,19.42,0.00,15.53,0.00,0.00,3.88,0.00,0.00,0.00,61.17
05:03:37,15,18.27,0.00,15.38,0.00,0.00,4.81,0.00,0.00,0.00,61.54
05:03:38,4,9.90,0.00,8.91,0.00,0.00,2.97,0.00,0.00,0.00,78.22
05:03:38,5,12.00,0.00,8.00,0.00,0.00,2.00,0.00,0.00,0.00,78.00
05:03:38,6,11.00,0.00,8.00,0.00,0.00,1.00,0.00,0.00,0.00,80.00
05:03:38,7,9.80,0.00,8.82,0.98,0.00,2.94,0.00,0.00,0.00,77.45
05:03:38,12,15.00,0.00,7.00,0.00,0.00,1.00,0.00,0.00,0.00,77.00
05:03:38,13,11.76,0.00,7.84,0.00,0.00,2.94,0.00,0.00,0.00,77.45
05:03:38,14,9.71,0.00,8.74,0.00,0.00,2.91,0.00,0.00,0.00,78.64
05:03:38,15,9.09,0.00,8.08,0.00,0.00,2.02,0.00,0.00,0.00,80.81
