23:21:24,CPU,%usr,%nice,%sys,%iowait,%irq,%soft,%steal,%guest,%gnice,%idle
23:21:25,4,6.86,0.00,4.90,0.00,0.00,2.94,0.00,0.00,0.00,85.29
23:21:25,5,5.00,0.00,4.00,0.00,0.00,3.00,0.00,0.00,0.00,88.00
23:21:25,6,5.00,0.00,5.00,0.00,0.00,2.00,0.00,0.00,0.00,88.00
23:21:25,7,4.04,0.00,4.04,0.00,0.00,2.02,0.00,0.00,0.00,89.90
23:21:25,12,5.00,0.00,4.00,0.00,0.00,2.00,0.00,0.00,0.00,89.00
23:21:25,13,5.94,0.00,4.95,0.00,0.00,1.98,0.00,0.00,0.00,87.13
23:21:25,14,5.94,0.00,4.95,0.00,0.00,1.98,0.00,0.00,0.00,87.13
23:21:25,15,7.07,0.00,5.05,0.00,0.00,1.01,0.00,0.00,0.00,86.87
23:21:26,4,10.10,0.00,7.07,0.00,0.00,3.03,0.00,0.00,0.00,79.80
23:21:26,5,8.00,0.00,7.00,0.00,0.00,3.00,0.00,0.00,0.00,82.00
23:21:26,6,8.91,0.00,8.91,0.00,0.00,1.98,0.00,0.00,0.00,80.20
23:21:26,7,7.07,0.00,7.07,0.00,0.00,2.02,0.00,0.00,0.00,83.84
23:21:26,12,7.92,0.00,8.91,0.00,0.00,2.97,0.00,0.00,0.00,80.20
23:21:26,13,12.00,0.00,11.00,0.00,0.00,3.00,0.00,0.00,0.00,74.00
23:21:26,14,10.00,0.00,7.00,0.00,0.00,3.00,0.00,0.00,0.00,80.00
23:21:26,15,7.07,0.00,7.07,0.00,0.00,2.02,0.00,0.00,0.00,83.84
23:21:27,4,6.93,0.00,7.92,0.00,0.00,3.96,0.00,0.00,0.00,81.19
23:21:27,5,10.78,0.00,6.86,0.00,0.00,2.94,0.00,0.00,0.00,79.41
23:21:27,6,9.90,0.00,5.94,0.00,0.00,2.97,0.00,0.00,0.00,81.19
23:21:27,7,7.92,0.00,7.92,0.00,0.00,2.97,0.00,0.00,0.00,81.19
23:21:27,12,8.00,0.00,7.00,0.00,0.00,3.00,0.00,0.00,0.00,82.00
23:21:27,13,8.00,0.00,7.00,0.00,0.00,3.00,0.00,0.00,0.00,82.00
23:21:27,14,7.92,0.00,7.92,0.00,0.00,2.97,0.00,0.00,0.00,81.19
23:21:27,15,7.07,0.00,8.08,0.00,0.00,3.03,0.00,0.00,0.00,81.82
23:21:28,4,7.92,0.00,7.92,0.00,0.00,3.96,0.00,0.00,0.00,80.20
23:21:28,5,9.00,0.00,7.00,0.00,0.00,3.00,0.00,0.00,0.00,81.00
23:21:28,6,7.22,0.00,6.19,0.00,0.00,3.09,0.00,0.00,0.00,83.51
23:21:28,7,7.07,0.00,6.06,1.01,0.00,3.03,0.00,0.00,0.00,82.83
23:21:28,12,8.25,0.00,7.22,0.00,0.00,3.09,0.00,0.00,0.00,81.44
23:21:28,13,8.08,0.00,8.08,0.00,0.00,2.02,0.00,0.00,0.00,81.82
23:21:28,14,7.07,0.00,8.08,0.00,0.00,3.03,0.00,0.00,0.00,81.82
23:21:28,15,7.92,0.00,6.93,0.00,0.00,3.96,0.00,0.00,0.00,81.19
23:21:29,4,6.93,0.00,8.91,0.00,0.00,1.98,0.00,0.00,0.00,82.18
23:21:29,5,9.00,0.00,7.00,0.00,0.00,3.00,0.00,0.00,0.00,81.00
23:21:29,6,8.82,0.00,6.86,0.00,0.00,3.92,0.00,0.00,0.00,80.39
23:21:29,7,8.00,0.00,8.00,0.00,0.00,3.00,0.00,0.00,0.00,81.00
23:21:29,12,6.12,0.00,6.12,0.00,0.00,4.08,0.00,0.00,0.00,83.67
23:21:29,13,8.16,0.00,6.12,0.00,0.00,2.04,0.00,0.00,0.00,83.67
23:21:29,14,8.16,0.00,5.10,0.00,0.00,3.06,0.00,0.00,0.00,83.67
23:21:29,15,7.92,0.00,7.92,0.00,0.00,2.97,0.00,0.00,0.00,81.19
23:21:30,4,8.00,0.00,7.00,0.00,0.00,4.00,0.00,0.00,0.00,81.00
23:21:30,5,8.08,0.00,9.09,0.00,0.00,3.03,0.00,0.00,0.00,79.80
23:21:30,6,7.22,0.00,7.22,0.00,0.00,2.06,0.00,0.00,0.00,83.51
23:21:30,7,7.07,0.00,8.08,0.00,0.00,2.02,0.00,0.00,0.00,82.83
23:21:30,12,8.91,0.00,6.93,0.00,0.00,2.97,0.00,0.00,0.00,81.19
23:21:30,13,8.00,0.00,8.00,0.00,0.00,3.00,0.00,0.00,0.00,81.00
23:21:30,14,9.00,0.00,8.00,0.00,0.00,2.00,0.00,0.00,0.00,81.00
23:21:30,15,9.00,0.00,7.00,0.00,0.00,2.00,0.00,0.00,0.00,82.00
23:21:31,4,8.08,0.00,7.07,0.00,0.00,4.04,0.00,0.00,0.00,80.81
23:21:31,5,11.00,0.00,8.00,0.00,0.00,3.00,0.00,0.00,0.00,78.00
23:21:31,6,8.91,0.00,7.92,0.00,0.00,2.97,0.00,0.00,0.00,80.20
23:21:31,7,7.84,0.00,8.82,0.00,0.00,3.92,0.00,0.00,0.00,79.41
23:21:31,12,8.16,0.00,7.14,0.00,0.00,3.06,0.00,0.00,0.00,81.63
23:21:31,13,8.08,0.00,8.08,0.00,0.00,2.02,0.00,0.00,0.00,81.82
23:21:31,14,8.08,0.00,8.08,0.00,0.00,3.03,0.00,0.00,0.00,80.81
23:21:31,15,8.08,0.00,7.07,0.00,0.00,3.03,0.00,0.00,0.00,81.82
23:21:32,4,7.07,0.00,7.07,0.00,0.00,3.03,0.00,0.00,0.00,82.83
23:21:32,5,6.19,0.00,8.25,0.00,0.00,3.09,0.00,0.00,0.00,82.47
23:21:32,6,8.00,0.00,7.00,0.00,0.00,3.00,0.00,0.00,0.00,82.00
23:21:32,7,7.14,0.00,7.14,0.00,0.00,2.04,0.00,0.00,0.00,83.67
23:21:32,12,7.92,0.00,7.92,0.00,0.00,2.97,0.00,0.00,0.00,81.19
23:21:32,13,7.22,0.00,6.19,0.00,0.00,2.06,0.00,0.00,0.00,84.54
23:21:32,14,9.00,0.00,6.00,0.00,0.00,4.00,0.00,0.00,0.00,81.00
23:21:32,15,7.14,0.00,7.14,0.00,0.00,2.04,0.00,0.00,0.00,83.67
23:21:33,4,7.00,0.00,9.00,0.00,0.00,4.00,0.00,0.00,0.00,80.00
23:21:33,5,9.00,0.00,8.00,0.00,0.00,3.00,0.00,0.00,0.00,80.00
23:21:33,6,8.16,0.00,6.12,0.00,0.00,3.06,0.00,0.00,0.00,82.65
23:21:33,7,8.00,0.00,6.00,0.00,0.00,4.00,0.00,0.00,0.00,82.00
23:21:33,12,8.91,0.00,8.91,0.00,0.00,1.98,0.00,0.00,0.00,80.20
23:21:33,13,9.09,0.00,7.07,0.00,0.00,3.03,0.00,0.00,0.00,80.81
23:21:33,14,8.00,0.00,7.00,0.00,0.00,3.00,0.00,0.00,0.00,82.00
23:21:33,15,7.92,0.00,6.93,0.00,0.00,2.97,0.00,0.00,0.00,82.18
23:21:34,4,7.22,0.00,7.22,0.00,0.00,2.06,0.00,0.00,0.00,83.51
23:21:34,5,7.00,0.00,9.00,0.00,0.00,3.00,0.00,0.00,0.00,81.00
23:21:34,6,7.14,0.00,7.14,0.00,0.00,2.04,0.00,0.00,0.00,83.67
23:21:34,7,8.00,0.00,8.00,0.00,0.00,2.00,0.00,0.00,0.00,82.00
23:21:34,12,7.14,0.00,7.14,0.00,0.00,2.04,0.00,0.00,0.00,83.67
23:21:34,13,8.91,0.00,6.93,0.00,0.00,2.97,0.00,0.00,0.00,81.19
23:21:34,14,8.00,0.00,8.00,0.00,0.00,3.00,0.00,0.00,0.00,81.00
23:21:34,15,7.00,0.00,8.00,0.00,0.00,3.00,0.00,0.00,0.00,82.00
23:21:35,4,8.00,0.00,7.00,0.00,0.00,3.00,0.00,0.00,0.00,82.00
23:21:35,5,7.22,0.00,7.22,0.00,0.00,2.06,0.00,0.00,0.00,83.51
23:21:35,6,8.08,0.00,6.06,0.00,0.00,3.03,0.00,0.00,0.00,82.83
23:21:35,7,8.00,0.00,7.00,0.00,0.00,3.00,0.00,0.00,0.00,82.00
23:21:35,12,7.92,0.00,6.93,0.00,0.00,3.96,0.00,0.00,0.00,81.19
23:21:35,13,7.00,0.00,8.00,0.00,0.00,3.00,0.00,0.00,0.00,82.00
23:21:35,14,8.00,0.00,7.00,0.00,0.00,3.00,0.00,0.00,0.00,82.00
23:21:35,15,8.00,0.00,8.00,0.00,0.00,3.00,0.00,0.00,0.00,81.00
23:21:36,4,11.11,0.00,9.09,0.00,0.00,2.02,0.00,0.00,0.00,77.78
23:21:36,5,9.09,0.00,10.10,0.00,0.00,3.03,0.00,0.00,0.00,77.78
23:21:36,6,7.92,0.00,8.91,0.00,0.00,2.97,0.00,0.00,0.00,80.20
23:21:36,7,8.00,0.00,7.00,0.00,0.00,3.00,0.00,0.00,0.00,82.00
23:21:36,12,9.18,0.00,7.14,0.00,0.00,3.06,0.00,0.00,0.00,80.61
23:21:36,13,8.91,0.00,8.91,0.00,0.00,3.96,0.00,0.00,0.00,78.22
23:21:36,14,8.82,0.00,9.80,0.00,0.00,2.94,0.00,0.00,0.00,78.43
23:21:36,15,7.07,0.00,7.07,0.00,0.00,3.03,0.00,0.00,0.00,82.83
23:21:37,4,8.00,0.00,7.00,0.00,0.00,3.00,0.00,0.00,0.00,82.00
23:21:37,5,10.00,0.00,7.00,0.00,0.00,2.00,0.00,0.00,0.00,81.00
23:21:37,6,9.00,0.00,7.00,0.00,0.00,3.00,0.00,0.00,0.00,81.00
23:21:37,7,7.07,0.00,7.07,0.00,0.00,2.02,0.00,0.00,0.00,83.84
23:21:37,12,8.16,0.00,7.14,0.00,0.00,2.04,0.00,0.00,0.00,82.65
23:21:37,13,10.10,0.00,7.07,0.00,0.00,2.02,0.00,0.00,0.00,80.81
23:21:37,14,7.92,0.00,6.93,0.00,0.00,3.96,0.00,0.00,0.00,81.19
23:21:37,15,7.00,0.00,7.00,0.00,0.00,4.00,0.00,0.00,0.00,82.00
23:21:38,4,8.08,0.00,8.08,0.00,0.00,2.02,0.00,0.00,0.00,81.82
23:21:38,5,8.16,0.00,8.16,0.00,0.00,3.06,0.00,0.00,0.00,80.61
23:21:38,6,8.16,0.00,6.12,0.00,0.00,3.06,0.00,0.00,0.00,82.65
23:21:38,7,6.12,0.00,7.14,0.00,0.00,3.06,0.00,0.00,0.00,83.67
23:21:38,12,8.91,0.00,6.93,0.00,0.00,3.96,0.00,0.00,0.00,80.20
23:21:38,13,6.19,0.00,9.28,0.00,0.00,2.06,0.00,0.00,0.00,82.47
23:21:38,14,8.25,0.00,7.22,0.00,0.00,2.06,0.00,0.00,0.00,82.47
23:21:38,15,8.08,0.00,7.07,0.00,0.00,2.02,0.00,0.00,0.00,82.83
23:21:39,4,7.14,0.00,7.14,0.00,0.00,3.06,0.00,0.00,0.00,82.65
23:21:39,5,9.09,0.00,7.07,0.00,0.00,2.02,0.00,0.00,0.00,81.82
23:21:39,6,7.14,0.00,7.14,0.00,0.00,2.04,0.00,0.00,0.00,83.67
23:21:39,7,7.92,0.00,7.92,0.00,0.00,2.97,0.00,0.00,0.00,81.19
23:21:39,12,7.22,0.00,6.19,0.00,0.00,2.06,0.00,0.00,0.00,84.54
23:21:39,13,8.00,0.00,11.00,0.00,0.00,3.00,0.00,0.00,0.00,78.00
23:21:39,14,8.82,0.00,6.86,0.00,0.00,3.92,0.00,0.00,0.00,80.39
23:21:39,15,8.00,0.00,7.00,0.00,0.00,3.00,0.00,0.00,0.00,82.00
23:21:40,4,8.16,0.00,7.14,0.00,0.00,3.06,0.00,0.00,0.00,81.63
23:21:40,5,8.16,0.00,7.14,0.00,0.00,2.04,0.00,0.00,0.00,82.65
23:21:40,6,7.07,0.00,9.09,0.00,0.00,3.03,0.00,0.00,0.00,80.81
23:21:40,7,7.14,0.00,7.14,0.00,0.00,2.04,0.00,0.00,0.00,83.67
23:21:40,12,8.82,0.00,7.84,0.00,0.00,3.92,0.00,0.00,0.00,79.41
23:21:40,13,8.08,0.00,7.07,0.00,0.00,4.04,0.00,0.00,0.00,80.81
23:21:40,14,8.16,0.00,8.16,0.00,0.00,1.02,0.00,0.00,0.00,82.65
23:21:40,15,7.07,0.00,8.08,0.00,0.00,2.02,0.00,0.00,0.00,82.83
23:21:41,4,10.89,0.00,8.91,0.00,0.00,1.98,0.00,0.00,0.00,78.22
23:21:41,5,9.90,0.00,8.91,0.00,0.00,2.97,0.00,0.00,0.00,78.22
23:21:41,6,9.18,0.00,8.16,0.00,0.00,2.04,0.00,0.00,0.00,80.61
23:21:41,7,7.92,0.00,7.92,0.00,0.00,2.97,0.00,0.00,0.00,81.19
23:21:41,12,10.00,0.00,9.00,0.00,0.00,3.00,0.00,0.00,0.00,78.00
23:21:41,13,9.90,0.00,8.91,0.00,0.00,3.96,0.00,0.00,0.00,77.23
23:21:41,14,7.14,0.00,9.18,0.00,0.00,2.04,0.00,0.00,0.00,81.63
23:21:41,15,7.92,0.00,8.91,0.00,0.00,2.97,0.00,0.00,0.00,80.20
23:21:42,4,8.91,0.00,7.92,0.00,0.00,2.97,0.00,0.00,0.00,80.20
23:21:42,5,8.08,0.00,8.08,0.00,0.00,3.03,0.00,0.00,0.00,80.81
23:21:42,6,8.00,0.00,7.00,0.00,0.00,3.00,0.00,0.00,0.00,82.00
23:21:42,7,9.90,0.00,5.94,0.00,0.00,3.96,0.00,0.00,0.00,80.20
23:21:42,12,8.08,0.00,7.07,0.00,0.00,3.03,0.00,0.00,0.00,81.82
23:21:42,13,7.00,0.00,8.00,0.00,0.00,3.00,0.00,0.00,0.00,82.00
23:21:42,14,9.09,0.00,5.05,0.00,0.00,3.03,0.00,0.00,0.00,82.83
23:21:42,15,8.16,0.00,7.14,0.00,0.00,2.04,0.00,0.00,0.00,82.65
23:21:43,4,10.00,0.00,6.00,0.00,0.00,2.00,0.00,0.00,0.00,82.00
23:21:43,5,7.07,0.00,7.07,0.00,0.00,3.03,0.00,0.00,0.00,82.83
23:21:43,6,7.07,0.00,9.09,0.00,0.00,3.03,0.00,0.00,0.00,80.81
23:21:43,7,7.14,0.00,7.14,0.00,0.00,2.04,0.00,0.00,0.00,83.67
23:21:43,12,8.00,0.00,7.00,0.00,0.00,3.00,0.00,0.00,0.00,82.00
23:21:43,13,9.18,0.00,6.12,0.00,0.00,1.02,0.00,0.00,0.00,83.67
23:21:43,14,7.14,0.00,7.14,0.00,0.00,3.06,0.00,0.00,0.00,82.65
23:21:43,15,7.07,0.00,6.06,0.00,0.00,3.03,0.00,0.00,0.00,83.84
23:21:44,4,7.00,0.00,8.00,0.00,0.00,3.00,0.00,0.00,0.00,82.00
23:21:44,5,7.00,0.00,8.00,0.00,0.00,3.00,0.00,0.00,0.00,82.00
23:21:44,6,9.18,0.00,7.14,0.00,0.00,2.04,0.00,0.00,0.00,81.63
23:21:44,7,7.14,0.00,5.10,0.00,0.00,3.06,0.00,0.00,0.00,84.69
23:21:44,12,8.25,0.00,6.19,0.00,0.00,2.06,0.00,0.00,0.00,83.51
23:21:44,13,8.00,0.00,8.00,0.00,0.00,3.00,0.00,0.00,0.00,81.00
23:21:44,14,8.08,0.00,7.07,0.00,0.00,3.03,0.00,0.00,0.00,81.82
23:21:44,15,8.91,0.00,6.93,0.00,0.00,2.97,0.00,0.00,0.00,81.19
23:21:45,4,8.08,0.00,7.07,0.00,0.00,3.03,0.00,0.00,0.00,81.82
23:21:45,5,8.91,0.00,7.92,0.00,0.00,2.97,0.00,0.00,0.00,80.20
23:21:45,6,8.82,0.00,6.86,0.00,0.00,3.92,0.00,0.00,0.00,80.39
23:21:45,7,8.16,0.00,6.12,0.00,0.00,2.04,0.00,0.00,0.00,83.67
23:21:45,12,9.18,0.00,8.16,0.00,0.00,2.04,0.00,0.00,0.00,80.61
23:21:45,13,8.00,0.00,8.00,0.00,0.00,3.00,0.00,0.00,0.00,81.00
23:21:45,14,9.00,0.00,6.00,0.00,0.00,4.00,0.00,0.00,0.00,81.00
23:21:45,15,8.16,0.00,7.14,0.00,0.00,2.04,0.00,0.00,0.00,82.65
23:21:46,4,9.00,0.00,8.00,0.00,0.00,2.00,0.00,0.00,0.00,81.00
23:21:46,5,11.00,0.00,8.00,0.00,0.00,3.00,0.00,0.00,0.00,78.00
23:21:46,6,8.08,0.00,8.08,0.00,0.00,3.03,0.00,0.00,0.00,80.81
23:21:46,7,8.08,0.00,7.07,0.00,0.00,3.03,0.00,0.00,0.00,81.82
23:21:46,12,9.80,0.00,8.82,0.00,0.00,2.94,0.00,0.00,0.00,78.43
23:21:46,13,8.08,0.00,7.07,0.00,0.00,3.03,0.00,0.00,0.00,81.82
23:21:46,14,11.00,0.00,8.00,0.00,0.00,2.00,0.00,0.00,0.00,79.00
23:21:46,15,9.09,0.00,7.07,0.00,0.00,3.03,0.00,0.00,0.00,80.81
23:21:47,4,7.84,0.00,8.82,0.00,0.00,2.94,0.00,0.00,0.00,80.39
23:21:47,5,9.09,0.00,7.07,0.00,0.00,3.03,0.00,0.00,0.00,80.81
23:21:47,6,8.91,0.00,7.92,0.00,0.00,2.97,0.00,0.00,0.00,80.20
23:21:47,7,6.86,0.00,7.84,0.00,0.00,2.94,0.00,0.00,0.00,82.35
23:21:47,12,7.00,0.00,8.00,0.00,0.00,3.00,0.00,0.00,0.00,82.00
23:21:47,13,9.90,0.00,7.92,0.00,0.00,2.97,0.00,0.00,0.00,79.21
23:21:47,14,9.09,0.00,8.08,0.00,0.00,2.02,0.00,0.00,0.00,80.81
23:21:47,15,6.93,0.00,7.92,0.00,0.00,3.96,0.00,0.00,0.00,81.19
23:21:48,4,8.00,0.00,7.00,0.00,0.00,3.00,0.00,0.00,0.00,82.00
23:21:48,5,8.16,0.00,6.12,0.00,0.00,3.06,0.00,0.00,0.00,82.65
23:21:48,6,7.07,0.00,7.07,0.00,0.00,3.03,0.00,0.00,0.00,82.83
23:21:48,7,8.08,0.00,7.07,0.00,0.00,3.03,0.00,0.00,0.00,81.82
23:21:48,12,8.08,0.00,7.07,0.00,0.00,2.02,0.00,0.00,0.00,82.83
23:21:48,13,7.00,0.00,8.00,0.00,0.00,4.00,0.00,0.00,0.00,81.00
23:21:48,14,9.71,0.00,7.77,0.00,0.00,2.91,0.00,0.00,0.00,79.61
23:21:48,15,8.08,0.00,7.07,0.00,0.00,2.02,0.00,0.00,0.00,82.83
23:21:49,4,7.07,0.00,9.09,0.00,0.00,3.03,0.00,0.00,0.00,80.81
23:21:49,5,9.00,0.00,8.00,0.00,0.00,3.00,0.00,0.00,0.00,80.00
23:21:49,6,7.84,0.00,8.82,0.00,0.00,2.94,0.00,0.00,0.00,80.39
23:21:49,7,4.08,0.00,7.14,0.00,0.00,3.06,0.00,0.00,0.00,85.71
23:21:49,12,8.00,0.00,8.00,0.00,0.00,3.00,0.00,0.00,0.00,81.00
23:21:49,13,8.00,0.00,11.00,0.00,0.00,3.00,0.00,0.00,0.00,78.00
23:21:49,14,9.00,0.00,7.00,0.00,0.00,3.00,0.00,0.00,0.00,81.00
23:21:49,15,7.07,0.00,7.07,0.00,0.00,2.02,0.00,0.00,0.00,83.84
23:21:50,4,8.00,0.00,7.00,0.00,0.00,3.00,0.00,0.00,0.00,82.00
23:21:50,5,8.16,0.00,6.12,0.00,0.00,3.06,0.00,0.00,0.00,82.65
23:21:50,6,7.22,0.00,6.19,0.00,0.00,2.06,0.00,0.00,0.00,84.54
23:21:50,7,7.07,0.00,7.07,0.00,0.00,3.03,0.00,0.00,0.00,82.83
23:21:50,12,7.22,0.00,8.25,0.00,0.00,2.06,0.00,0.00,0.00,82.47
23:21:50,13,7.22,0.00,6.19,0.00,0.00,3.09,0.00,0.00,0.00,83.51
23:21:50,14,8.00,0.00,8.00,0.00,0.00,3.00,0.00,0.00,0.00,81.00
23:21:50,15,8.08,0.00,6.06,0.00,0.00,3.03,0.00,0.00,0.00,82.83
23:21:51,4,8.25,0.00,9.28,0.00,0.00,2.06,0.00,0.00,0.00,80.41
23:21:51,5,7.22,0.00,8.25,0.00,0.00,4.12,0.00,0.00,0.00,80.41
23:21:51,6,7.29,0.00,6.25,0.00,0.00,3.12,0.00,0.00,0.00,83.33
23:21:51,7,7.07,0.00,9.09,0.00,0.00,2.02,0.00,0.00,0.00,81.82
23:21:51,12,7.14,0.00,8.16,0.00,0.00,2.04,0.00,0.00,0.00,82.65
23:21:51,13,7.00,0.00,7.00,0.00,0.00,4.00,0.00,0.00,0.00,82.00
23:21:51,14,8.08,0.00,8.08,0.00,0.00,3.03,0.00,0.00,0.00,80.81
23:21:51,15,8.16,0.00,6.12,0.00,0.00,2.04,0.00,0.00,0.00,83.67
23:21:52,4,7.07,0.00,7.07,0.00,0.00,4.04,0.00,0.00,0.00,81.82
23:21:52,5,8.00,0.00,8.00,0.00,0.00,2.00,0.00,0.00,0.00,82.00
23:21:52,6,7.00,0.00,8.00,0.00,0.00,3.00,0.00,0.00,0.00,82.00
23:21:52,7,5.10,0.00,8.16,0.00,0.00,2.04,0.00,0.00,0.00,84.69
23:21:52,12,8.91,0.00,8.91,0.00,0.00,2.97,0.00,0.00,0.00,79.21
23:21:52,13,8.00,0.00,10.00,0.00,0.00,3.00,0.00,0.00,0.00,79.00
23:21:52,14,8.00,0.00,8.00,0.00,0.00,3.00,0.00,0.00,0.00,81.00
23:21:52,15,8.00,0.00,8.00,0.00,0.00,3.00,0.00,0.00,0.00,81.00
23:21:53,4,9.90,0.00,7.92,0.00,0.00,2.97,0.00,0.00,0.00,79.21
23:21:53,5,8.91,0.00,7.92,0.00,0.00,2.97,0.00,0.00,0.00,80.20
23:21:53,6,8.91,0.00,6.93,0.00,0.00,2.97,0.00,0.00,0.00,81.19
23:21:53,7,6.93,0.00,7.92,0.00,0.00,1.98,0.00,0.00,0.00,83.17
23:21:53,12,7.07,0.00,7.07,0.00,0.00,4.04,0.00,0.00,0.00,81.82
23:21:53,13,8.00,0.00,8.00,0.00,0.00,3.00,0.00,0.00,0.00,81.00
23:21:53,14,8.08,0.00,8.08,0.00,0.00,2.02,0.00,0.00,0.00,81.82
23:21:53,15,8.00,0.00,7.00,0.00,0.00,3.00,0.00,0.00,0.00,82.00
23:21:54,4,7.14,0.00,6.12,0.00,0.00,3.06,0.00,0.00,0.00,83.67
23:21:54,5,6.93,0.00,7.92,0.00,0.00,3.96,0.00,0.00,0.00,81.19
23:21:54,6,8.08,0.00,7.07,0.00,0.00,2.02,0.00,0.00,0.00,82.83
23:21:54,7,7.14,0.00,7.14,0.00,0.00,3.06,0.00,0.00,0.00,82.65
23:21:54,12,8.08,0.00,7.07,0.00,0.00,3.03,0.00,0.00,0.00,81.82
23:21:54,13,9.00,0.00,7.00,0.00,0.00,3.00,0.00,0.00,0.00,81.00
23:21:54,14,7.92,0.00,7.92,0.00,0.00,2.97,0.00,0.00,0.00,81.19
23:21:54,15,7.07,0.00,7.07,0.00,0.00,3.03,0.00,0.00,0.00,82.83
23:21:55,4,8.00,0.00,9.00,0.00,0.00,2.00,0.00,0.00,0.00,81.00
23:21:55,5,7.29,0.00,7.29,0.00,0.00,2.08,0.00,0.00,0.00,83.33
23:21:55,6,7.84,0.00,8.82,0.00,0.00,3.92,0.00,0.00,0.00,79.41
23:21:55,7,7.00,0.00,9.00,0.00,0.00,2.00,0.00,0.00,0.00,82.00
23:21:55,12,8.74,0.00,8.74,0.00,0.00,2.91,0.00,0.00,0.00,79.61
23:21:55,13,7.00,0.00,7.00,0.00,0.00,4.00,0.00,0.00,0.00,82.00
23:21:55,14,8.91,0.00,7.92,0.00,0.00,2.97,0.00,0.00,0.00,80.20
23:21:55,15,8.08,0.00,6.06,0.00,0.00,3.03,0.00,0.00,0.00,82.83
23:21:56,4,8.00,0.00,8.00,0.00,0.00,3.00,0.00,0.00,0.00,81.00
23:21:56,5,9.18,0.00,8.16,0.00,0.00,3.06,0.00,0.00,0.00,79.59
23:21:56,6,7.22,0.00,6.19,0.00,0.00,3.09,0.00,0.00,0.00,83.51
23:21:56,7,7.92,0.00,7.92,0.00,0.00,2.97,0.00,0.00,0.00,81.19
23:21:56,12,8.08,0.00,8.08,0.00,0.00,3.03,0.00,0.00,0.00,80.81
23:21:56,13,9.09,0.00,8.08,0.00,0.00,3.03,0.00,0.00,0.00,79.80
23:21:56,14,9.18,0.00,7.14,0.00,0.00,2.04,0.00,0.00,0.00,81.63
23:21:56,15,10.00,0.00,8.00,0.00,0.00,2.00,0.00,0.00,0.00,80.00
23:21:57,4,8.16,0.00,5.10,0.00,0.00,4.08,0.00,0.00,0.00,82.65
23:21:57,5,7.22,0.00,7.22,0.00,0.00,3.09,0.00,0.00,0.00,82.47
23:21:57,6,8.08,0.00,6.06,0.00,0.00,3.03,0.00,0.00,0.00,82.83
23:21:57,7,8.25,0.00,6.19,0.00,0.00,2.06,0.00,0.00,0.00,83.51
23:21:57,12,7.07,0.00,8.08,0.00,0.00,2.02,0.00,0.00,0.00,82.83
23:21:57,13,7.14,0.00,10.20,0.00,0.00,2.04,0.00,0.00,0.00,80.61
23:21:57,14,8.82,0.00,7.84,0.00,0.00,2.94,0.00,0.00,0.00,80.39
23:21:57,15,7.29,0.00,6.25,0.00,0.00,2.08,0.00,0.00,0.00,84.38
23:21:58,4,9.00,0.00,6.00,0.00,0.00,4.00,0.00,0.00,0.00,81.00
23:21:58,5,8.00,0.00,8.00,0.00,0.00,3.00,0.00,0.00,0.00,81.00
23:21:58,6,8.25,0.00,6.19,0.00,0.00,2.06,0.00,0.00,0.00,83.51
23:21:58,7,7.00,0.00,6.00,0.00,0.00,3.00,0.00,0.00,0.00,84.00
23:21:58,12,8.16,0.00,6.12,0.00,0.00,3.06,0.00,0.00,0.00,82.65
23:21:58,13,8.91,0.00,6.93,0.00,0.00,3.96,0.00,0.00,0.00,80.20
23:21:58,14,7.14,0.00,7.14,0.00,0.00,3.06,0.00,0.00,0.00,82.65
23:21:58,15,6.12,0.00,5.10,0.00,0.00,4.08,0.00,0.00,0.00,84.69
23:21:59,4,7.14,0.00,7.14,0.00,0.00,3.06,0.00,0.00,0.00,82.65
23:21:59,5,8.00,0.00,8.00,0.00,0.00,4.00,0.00,0.00,0.00,80.00
23:21:59,6,6.93,0.00,7.92,0.00,0.00,3.96,0.00,0.00,0.00,81.19
23:21:59,7,7.07,0.00,7.07,0.00,0.00,3.03,0.00,0.00,0.00,82.83
23:21:59,12,8.08,0.00,6.06,0.00,0.00,3.03,0.00,0.00,0.00,82.83
23:21:59,13,6.86,0.00,10.78,0.00,0.00,3.92,0.00,0.00,0.00,78.43
23:21:59,14,8.08,0.00,8.08,0.00,0.00,2.02,0.00,0.00,0.00,81.82
23:21:59,15,8.00,0.00,8.00,0.00,0.00,2.00,0.00,0.00,0.00,82.00
23:22:00,4,9.09,0.00,7.07,0.00,0.00,3.03,0.00,0.00,0.00,80.81
23:22:00,5,9.80,0.00,8.82,0.00,0.00,1.96,0.00,0.00,0.00,79.41
23:22:00,6,9.09,0.00,7.07,0.00,0.00,2.02,0.00,0.00,0.00,81.82
23:22:00,7,7.14,0.00,6.12,0.00,0.00,3.06,0.00,0.00,0.00,83.67
23:22:00,12,8.00,0.00,8.00,0.00,0.00,3.00,0.00,0.00,0.00,81.00
23:22:00,13,9.09,0.00,7.07,0.00,0.00,2.02,0.00,0.00,0.00,81.82
23:22:00,14,8.08,0.00,8.08,0.00,0.00,2.02,0.00,0.00,0.00,81.82
23:22:00,15,7.07,0.00,7.07,0.00,0.00,3.03,0.00,0.00,0.00,82.83
23:22:01,4,9.09,0.00,8.08,0.00,0.00,2.02,0.00,0.00,0.00,80.81
23:22:01,5,11.00,0.00,8.00,0.00,0.00,2.00,0.00,0.00,0.00,79.00
23:22:01,6,10.89,0.00,6.93,0.00,0.00,2.97,0.00,0.00,0.00,79.21
23:22:01,7,6.93,0.00,8.91,0.00,0.00,2.97,0.00,0.00,0.00,81.19
23:22:01,12,8.08,0.00,7.07,0.00,0.00,3.03,0.00,0.00,0.00,81.82
23:22:01,13,8.08,0.00,6.06,0.00,0.00,3.03,0.00,0.00,0.00,82.83
23:22:01,14,10.10,0.00,7.07,0.00,0.00,3.03,0.00,0.00,0.00,79.80
23:22:01,15,8.00,0.00,7.00,0.00,0.00,4.00,0.00,0.00,0.00,81.00
23:22:02,4,8.08,0.00,6.06,0.00,0.00,3.03,0.00,0.00,0.00,82.83
23:22:02,5,7.00,0.00,7.00,0.00,0.00,4.00,0.00,0.00,0.00,82.00
23:22:02,6,8.08,0.00,7.07,0.00,0.00,2.02,0.00,0.00,0.00,82.83
23:22:02,7,8.00,0.00,7.00,0.00,0.00,3.00,0.00,0.00,0.00,82.00
23:22:02,12,8.82,0.00,6.86,0.00,0.00,3.92,0.00,0.00,0.00,80.39
23:22:02,13,6.93,0.00,7.92,0.00,0.00,3.96,0.00,0.00,0.00,81.19
23:22:02,14,7.92,0.00,7.92,0.00,0.00,2.97,0.00,0.00,0.00,81.19
23:22:02,15,7.00,0.00,8.00,0.00,0.00,3.00,0.00,0.00,0.00,82.00
23:22:03,4,8.91,0.00,8.91,0.00,0.00,2.97,0.00,0.00,0.00,79.21
23:22:03,5,8.08,0.00,7.07,0.00,0.00,3.03,0.00,0.00,0.00,81.82
23:22:03,6,7.14,0.00,7.14,0.00,0.00,2.04,0.00,0.00,0.00,83.67
23:22:03,7,8.91,0.00,5.94,0.00,0.00,2.97,0.00,0.00,0.00,82.18
23:22:03,12,7.29,0.00,6.25,0.00,0.00,2.08,0.00,0.00,0.00,84.38
23:22:03,13,8.91,0.00,8.91,0.00,0.00,3.96,0.00,0.00,0.00,78.22
23:22:03,14,8.08,0.00,7.07,0.00,0.00,3.03,0.00,0.00,0.00,81.82
23:22:03,15,7.92,0.00,7.92,0.00,0.00,2.97,0.00,0.00,0.00,81.19
23:22:04,4,7.92,0.00,8.91,0.00,0.00,2.97,0.00,0.00,0.00,80.20
23:22:04,5,8.00,0.00,9.00,0.00,0.00,3.00,0.00,0.00,0.00,80.00
23:22:04,6,8.74,0.00,7.77,0.00,0.00,3.88,0.00,0.00,0.00,79.61
23:22:04,7,7.07,0.00,7.07,0.00,0.00,2.02,0.00,0.00,0.00,83.84
23:22:04,12,8.74,0.00,7.77,0.00,0.00,3.88,0.00,0.00,0.00,79.61
23:22:04,13,8.00,0.00,9.00,0.00,0.00,3.00,0.00,0.00,0.00,80.00
23:22:04,14,9.90,0.00,6.93,0.00,0.00,2.97,0.00,0.00,0.00,80.20
23:22:04,15,9.00,0.00,7.00,0.00,0.00,2.00,0.00,0.00,0.00,82.00
23:22:05,4,9.00,0.00,7.00,0.00,0.00,2.00,0.00,0.00,0.00,82.00
23:22:05,5,7.00,0.00,9.00,0.00,0.00,4.00,0.00,0.00,0.00,80.00
23:22:05,6,8.16,0.00,6.12,1.02,0.00,2.04,0.00,0.00,0.00,82.65
23:22:05,7,7.22,0.00,7.22,0.00,0.00,2.06,0.00,0.00,0.00,83.51
23:22:05,12,8.16,0.00,7.14,0.00,0.00,2.04,0.00,0.00,0.00,82.65
23:22:05,13,8.08,0.00,8.08,0.00,0.00,2.02,0.00,0.00,0.00,81.82
23:22:05,14,8.91,0.00,8.91,0.00,0.00,1.98,0.00,0.00,0.00,80.20
23:22:05,15,6.12,0.00,7.14,0.00,0.00,4.08,0.00,0.00,0.00,82.65
23:22:06,4,9.00,0.00,8.00,0.00,0.00,3.00,0.00,0.00,0.00,80.00
23:22:06,5,8.00,0.00,9.00,0.00,0.00,3.00,0.00,0.00,0.00,80.00
23:22:06,6,7.14,0.00,8.16,0.00,0.00,3.06,0.00,0.00,0.00,81.63
23:22:06,7,6.93,0.00,7.92,0.00,0.00,2.97,0.00,0.00,0.00,82.18
23:22:06,12,10.00,0.00,8.00,0.00,0.00,4.00,0.00,0.00,0.00,78.00
23:22:06,13,12.00,0.00,9.00,0.00,0.00,2.00,0.00,0.00,0.00,77.00
23:22:06,14,7.92,0.00,7.92,0.00,0.00,2.97,0.00,0.00,0.00,81.19
23:22:06,15,7.92,0.00,6.93,0.00,0.00,3.96,0.00,0.00,0.00,81.19
23:22:07,4,7.07,0.00,8.08,0.00,0.00,2.02,0.00,0.00,0.00,82.83
23:22:07,5,8.00,0.00,8.00,0.00,0.00,3.00,0.00,0.00,0.00,81.00
23:22:07,6,8.08,0.00,6.06,0.00,0.00,3.03,0.00,0.00,0.00,82.83
23:22:07,7,7.07,0.00,7.07,0.00,0.00,2.02,0.00,0.00,0.00,83.84
23:22:07,12,9.71,0.00,7.77,0.00,0.00,2.91,0.00,0.00,0.00,79.61
23:22:07,13,7.92,0.00,7.92,0.00,0.00,2.97,0.00,0.00,0.00,81.19
23:22:07,14,8.00,0.00,7.00,0.00,0.00,3.00,0.00,0.00,0.00,82.00
23:22:07,15,7.07,0.00,7.07,0.00,0.00,2.02,0.00,0.00,0.00,83.84
23:22:08,4,10.00,0.00,6.00,0.00,0.00,4.00,0.00,0.00,0.00,80.00
23:22:08,5,8.08,0.00,7.07,0.00,0.00,3.03,0.00,0.00,0.00,81.82
23:22:08,6,7.92,0.00,7.92,0.00,0.00,2.97,0.00,0.00,0.00,81.19
23:22:08,7,8.91,0.00,6.93,0.00,0.00,2.97,0.00,0.00,0.00,81.19
23:22:08,12,7.45,0.00,5.32,0.00,0.00,2.13,0.00,0.00,0.00,85.11
23:22:08,13,8.16,0.00,8.16,0.00,0.00,2.04,0.00,0.00,0.00,81.63
23:22:08,14,8.00,0.00,7.00,0.00,0.00,3.00,0.00,0.00,0.00,82.00
23:22:08,15,6.00,0.00,8.00,0.00,0.00,3.00,0.00,0.00,0.00,83.00
23:22:09,4,8.00,0.00,7.00,0.00,0.00,3.00,0.00,0.00,0.00,82.00
23:22:09,5,8.91,0.00,6.93,0.00,0.00,2.97,0.00,0.00,0.00,81.19
23:22:09,6,8.00,0.00,7.00,0.00,0.00,3.00,0.00,0.00,0.00,82.00
23:22:09,7,6.06,0.00,7.07,0.00,0.00,3.03,0.00,0.00,0.00,83.84
23:22:09,12,8.82,0.00,8.82,0.00,0.00,2.94,0.00,0.00,0.00,79.41
23:22:09,13,7.92,0.00,9.90,0.00,0.00,1.98,0.00,0.00,0.00,80.20
23:22:09,14,8.08,0.00,8.08,0.00,0.00,2.02,0.00,0.00,0.00,81.82
23:22:09,15,7.07,0.00,7.07,0.00,0.00,3.03,0.00,0.00,0.00,82.83
23:22:10,4,7.07,0.00,7.07,0.00,0.00,4.04,0.00,0.00,0.00,81.82
23:22:10,5,8.08,0.00,6.06,0.00,0.00,4.04,0.00,0.00,0.00,81.82
23:22:10,6,7.14,0.00,6.12,0.00,0.00,3.06,0.00,0.00,0.00,83.67
23:22:10,7,7.92,0.00,6.93,0.00,0.00,2.97,0.00,0.00,0.00,82.18
23:22:10,12,7.29,0.00,7.29,0.00,0.00,1.04,0.00,0.00,0.00,84.38
23:22:10,13,9.18,0.00,7.14,0.00,0.00,3.06,0.00,0.00,0.00,80.61
23:22:10,14,8.00,0.00,7.00,0.00,0.00,3.00,0.00,0.00,0.00,82.00
23:22:10,15,7.14,0.00,7.14,0.00,0.00,2.04,0.00,0.00,0.00,83.67
23:22:11,4,8.08,0.00,7.07,0.00,0.00,3.03,0.00,0.00,0.00,81.82
23:22:11,5,7.07,0.00,9.09,0.00,0.00,3.03,0.00,0.00,0.00,80.81
23:22:11,6,7.84,0.00,7.84,0.00,0.00,3.92,0.00,0.00,0.00,80.39
23:22:11,7,8.16,0.00,7.14,0.00,0.00,2.04,0.00,0.00,0.00,82.65
23:22:11,12,9.00,0.00,9.00,0.00,0.00,3.00,0.00,0.00,0.00,79.00
23:22:11,13,8.08,0.00,8.08,0.00,0.00,3.03,0.00,0.00,0.00,80.81
23:22:11,14,9.90,0.00,6.93,0.00,0.00,2.97,0.00,0.00,0.00,80.20
23:22:11,15,8.00,0.00,9.00,0.00,0.00,3.00,0.00,0.00,0.00,80.00
23:22:12,4,8.00,0.00,8.00,0.00,0.00,2.00,0.00,0.00,0.00,82.00
23:22:12,5,9.80,0.00,6.86,0.00,0.00,2.94,0.00,0.00,0.00,80.39
23:22:12,6,7.00,0.00,10.00,0.00,0.00,1.00,0.00,0.00,0.00,82.00
23:22:12,7,7.92,0.00,6.93,0.00,0.00,2.97,0.00,0.00,0.00,82.18
23:22:12,12,7.92,0.00,6.93,0.00,0.00,3.96,0.00,0.00,0.00,81.19
23:22:12,13,8.91,0.00,9.90,0.00,0.00,3.96,0.00,0.00,0.00,77.23
23:22:12,14,6.06,0.00,8.08,0.00,0.00,3.03,0.00,0.00,0.00,82.83
23:22:12,15,9.00,0.00,6.00,0.00,0.00,3.00,0.00,0.00,0.00,82.00
23:22:13,4,5.94,0.00,7.92,0.00,0.00,4.95,0.00,0.00,0.00,81.19
23:22:13,5,8.08,0.00,7.07,0.00,0.00,3.03,0.00,0.00,0.00,81.82
23:22:13,6,8.00,0.00,7.00,0.00,0.00,3.00,0.00,0.00,0.00,82.00
23:22:13,7,6.12,0.00,6.12,0.00,0.00,3.06,0.00,0.00,0.00,84.69
23:22:13,12,10.89,0.00,7.92,0.00,0.00,0.99,0.00,0.00,0.00,80.20
23:22:13,13,9.00,0.00,7.00,0.00,0.00,3.00,0.00,0.00,0.00,81.00
23:22:13,14,7.00,0.00,8.00,0.00,0.00,3.00,0.00,0.00,0.00,82.00
23:22:13,15,8.08,0.00,6.06,0.00,0.00,2.02,0.00,0.00,0.00,83.84
23:22:14,4,7.92,0.00,7.92,0.00,0.00,2.97,0.00,0.00,0.00,81.19
23:22:14,5,8.00,0.00,7.00,0.00,0.00,3.00,0.00,0.00,0.00,82.00
23:22:14,6,8.16,0.00,6.12,0.00,0.00,3.06,0.00,0.00,0.00,82.65
23:22:14,7,7.14,0.00,7.14,0.00,0.00,3.06,0.00,0.00,0.00,82.65
23:22:14,12,7.84,0.00,6.86,0.00,0.00,3.92,0.00,0.00,0.00,81.37
23:22:14,13,7.07,0.00,8.08,0.00,0.00,2.02,0.00,0.00,0.00,82.83
23:22:14,14,7.14,0.00,7.14,0.00,0.00,2.04,0.00,0.00,0.00,83.67
23:22:14,15,7.92,0.00,8.91,0.00,0.00,1.98,0.00,0.00,0.00,81.19
23:22:15,4,8.00,0.00,8.00,0.00,0.00,3.00,0.00,0.00,0.00,81.00
23:22:15,5,8.16,0.00,7.14,0.00,0.00,3.06,0.00,0.00,0.00,81.63
23:22:15,6,8.00,0.00,7.00,0.00,0.00,3.00,0.00,0.00,0.00,82.00
23:22:15,7,5.10,0.00,7.14,0.00,0.00,3.06,0.00,0.00,0.00,84.69
23:22:15,12,8.00,0.00,8.00,0.00,0.00,3.00,0.00,0.00,0.00,81.00
23:22:15,13,9.00,0.00,7.00,0.00,0.00,3.00,0.00,0.00,0.00,81.00
23:22:15,14,10.10,0.00,6.06,0.00,0.00,3.03,0.00,0.00,0.00,80.81
23:22:15,15,8.16,0.00,7.14,0.00,0.00,2.04,0.00,0.00,0.00,82.65
23:22:16,4,7.92,0.00,7.92,0.00,0.00,3.96,0.00,0.00,0.00,80.20
23:22:16,5,8.00,0.00,8.00,0.00,0.00,4.00,0.00,0.00,0.00,80.00
23:22:16,6,8.91,0.00,7.92,0.00,0.00,1.98,0.00,0.00,0.00,81.19
23:22:16,7,9.00,0.00,6.00,0.00,0.00,2.00,0.00,0.00,0.00,83.00
23:22:16,12,10.00,0.00,8.00,0.00,0.00,3.00,0.00,0.00,0.00,79.00
23:22:16,13,11.11,0.00,8.08,0.00,0.00,3.03,0.00,0.00,0.00,77.78
23:22:16,14,8.00,0.00,7.00,0.00,0.00,4.00,0.00,0.00,0.00,81.00
23:22:16,15,6.06,0.00,8.08,0.00,0.00,3.03,0.00,0.00,0.00,82.83
23:22:17,4,10.00,0.00,7.00,0.00,0.00,3.00,0.00,0.00,0.00,80.00
23:22:17,5,8.00,0.00,8.00,0.00,0.00,4.00,0.00,0.00,0.00,80.00
23:22:17,6,10.00,0.00,7.00,0.00,0.00,2.00,0.00,0.00,0.00,81.00
23:22:17,7,7.00,0.00,8.00,0.00,0.00,4.00,0.00,0.00,0.00,81.00
23:22:17,12,9.71,0.00,7.77,0.00,0.00,3.88,0.00,0.00,0.00,78.64
23:22:17,13,7.92,0.00,7.92,0.00,0.00,2.97,0.00,0.00,0.00,81.19
23:22:17,14,8.91,0.00,6.93,0.00,0.00,2.97,0.00,0.00,0.00,81.19
23:22:17,15,8.82,0.00,6.86,0.00,0.00,3.92,0.00,0.00,0.00,80.39
23:22:18,4,8.00,0.00,8.00,0.00,0.00,3.00,0.00,0.00,0.00,81.00
23:22:18,5,9.00,0.00,7.00,0.00,0.00,2.00,0.00,0.00,0.00,82.00
23:22:18,6,7.84,0.00,7.84,0.00,0.00,2.94,0.00,0.00,0.00,81.37
23:22:18,7,8.00,0.00,6.00,0.00,0.00,4.00,0.00,0.00,0.00,82.00
23:22:18,12,7.14,0.00,7.14,0.00,0.00,3.06,0.00,0.00,0.00,82.65
23:22:18,13,8.00,0.00,7.00,0.00,0.00,3.00,0.00,0.00,0.00,82.00
23:22:18,14,8.00,0.00,7.00,0.00,0.00,3.00,0.00,0.00,0.00,82.00
23:22:18,15,7.84,0.00,8.82,0.00,0.00,2.94,0.00,0.00,0.00,80.39
23:22:19,4,9.00,0.00,6.00,0.00,0.00,3.00,0.00,0.00,0.00,82.00
23:22:19,5,8.08,0.00,7.07,0.00,0.00,3.03,0.00,0.00,0.00,81.82
23:22:19,6,8.16,0.00,6.12,0.00,0.00,2.04,0.00,0.00,0.00,83.67
23:22:19,7,8.00,0.00,7.00,0.00,0.00,3.00,0.00,0.00,0.00,82.00
23:22:19,12,7.77,0.00,7.77,0.00,0.00,3.88,0.00,0.00,0.00,80.58
23:22:19,13,8.00,0.00,7.00,0.00,0.00,3.00,0.00,0.00,0.00,82.00
23:22:19,14,8.08,0.00,6.06,0.00,0.00,3.03,0.00,0.00,0.00,82.83
23:22:19,15,6.25,0.00,6.25,0.00,0.00,2.08,0.00,0.00,0.00,85.42
23:22:20,4,8.00,0.00,7.00,0.00,0.00,3.00,0.00,0.00,0.00,82.00
23:22:20,5,7.07,0.00,6.06,0.00,0.00,4.04,0.00,0.00,0.00,82.83
23:22:20,6,9.09,0.00,5.05,0.00,0.00,3.03,0.00,0.00,0.00,82.83
23:22:20,7,6.93,0.00,8.91,0.00,0.00,2.97,0.00,0.00,0.00,81.19
23:22:20,12,9.28,0.00,6.19,0.00,0.00,2.06,0.00,0.00,0.00,82.47
23:22:20,13,8.25,0.00,5.15,0.00,0.00,3.09,0.00,0.00,0.00,83.51
23:22:20,14,8.16,0.00,5.10,0.00,0.00,2.04,0.00,0.00,0.00,84.69
23:22:20,15,7.07,0.00,7.07,0.00,0.00,3.03,0.00,0.00,0.00,82.83
23:22:21,4,9.00,0.00,8.00,0.00,0.00,3.00,0.00,0.00,0.00,80.00
23:22:21,5,9.00,0.00,10.00,0.00,0.00,2.00,0.00,0.00,0.00,79.00
23:22:21,6,8.00,0.00,8.00,0.00,0.00,2.00,0.00,0.00,0.00,82.00
23:22:21,7,6.06,0.00,8.08,0.00,0.00,3.03,0.00,0.00,0.00,82.83
23:22:21,12,7.00,0.00,9.00,0.00,0.00,2.00,0.00,0.00,0.00,82.00
23:22:21,13,7.92,0.00,7.92,0.00,0.00,2.97,0.00,0.00,0.00,81.19
23:22:21,14,7.14,0.00,6.12,0.00,0.00,4.08,0.00,0.00,0.00,82.65
23:22:21,15,7.14,0.00,6.12,0.00,0.00,3.06,0.00,0.00,0.00,83.67
23:22:22,4,8.08,0.00,8.08,0.00,0.00,3.03,0.00,0.00,0.00,80.81
23:22:22,5,8.91,0.00,7.92,0.00,0.00,2.97,0.00,0.00,0.00,80.20
23:22:22,6,7.92,0.00,8.91,0.00,0.00,1.98,0.00,0.00,0.00,81.19
23:22:22,7,8.08,0.00,6.06,0.00,0.00,3.03,0.00,0.00,0.00,82.83
23:22:22,12,7.92,0.00,8.91,0.00,0.00,3.96,0.00,0.00,0.00,79.21
23:22:22,13,8.33,0.00,6.25,0.00,0.00,3.12,0.00,0.00,0.00,82.29
23:22:22,14,9.18,0.00,6.12,0.00,0.00,2.04,0.00,0.00,0.00,82.65
23:22:22,15,6.00,0.00,8.00,0.00,0.00,4.00,0.00,0.00,0.00,82.00
23:22:23,4,9.00,0.00,6.00,0.00,0.00,3.00,0.00,0.00,0.00,82.00
23:22:23,5,8.08,0.00,7.07,0.00,0.00,3.03,0.00,0.00,0.00,81.82
23:22:23,6,8.00,0.00,7.00,0.00,0.00,3.00,0.00,0.00,0.00,82.00
23:22:23,7,7.84,0.00,8.82,0.00,0.00,2.94,0.00,0.00,0.00,80.39
23:22:23,12,9.00,0.00,8.00,0.00,0.00,2.00,0.00,0.00,0.00,81.00
23:22:23,13,7.92,0.00,7.92,0.00,0.00,2.97,0.00,0.00,0.00,81.19
23:22:23,14,7.00,0.00,9.00,0.00,0.00,2.00,0.00,0.00,0.00,82.00
23:22:23,15,6.93,0.00,8.91,0.00,0.00,2.97,0.00,0.00,0.00,81.19
23:22:24,4,8.00,0.00,7.00,0.00,0.00,3.00,0.00,0.00,0.00,82.00
23:22:24,5,7.29,0.00,7.29,0.00,0.00,1.04,0.00,0.00,0.00,84.38
23:22:24,6,7.92,0.00,7.92,0.00,0.00,2.97,0.00,0.00,0.00,81.19
23:22:24,7,7.92,0.00,7.92,0.00,0.00,2.97,0.00,0.00,0.00,81.19
23:22:24,12,7.92,0.00,7.92,0.00,0.00,2.97,0.00,0.00,0.00,81.19
23:22:24,13,9.09,0.00,5.05,0.00,0.00,3.03,0.00,0.00,0.00,82.83
23:22:24,14,8.08,0.00,6.06,0.00,0.00,3.03,0.00,0.00,0.00,82.83
23:22:24,15,8.91,0.00,5.94,0.00,0.00,2.97,0.00,0.00,0.00,82.18
23:22:25,4,8.91,0.00,6.93,0.00,0.00,2.97,0.00,0.00,0.00,81.19
23:22:25,5,7.84,0.00,9.80,0.00,0.00,3.92,0.00,0.00,0.00,78.43
23:22:25,6,8.74,0.00,8.74,0.00,0.00,2.91,0.00,0.00,0.00,79.61
23:22:25,7,9.90,0.00,5.94,0.00,0.00,2.97,0.00,0.00,0.00,81.19
23:22:25,12,7.92,0.00,7.92,0.99,0.00,2.97,0.00,0.00,0.00,80.20
23:22:25,13,7.07,0.00,8.08,0.00,0.00,3.03,0.00,0.00,0.00,81.82
23:22:25,14,8.00,0.00,6.00,0.00,0.00,4.00,0.00,0.00,0.00,82.00
23:22:25,15,7.07,0.00,9.09,0.00,0.00,2.02,0.00,0.00,0.00,81.82
23:22:26,4,9.71,0.00,7.77,0.00,0.00,2.91,0.00,0.00,0.00,79.61
23:22:26,5,7.07,0.00,7.07,0.00,0.00,3.03,0.00,0.00,0.00,82.83
23:22:26,6,8.00,0.00,7.00,0.00,0.00,3.00,0.00,0.00,0.00,82.00
23:22:26,7,8.00,0.00,7.00,0.00,0.00,3.00,0.00,0.00,0.00,82.00
23:22:26,12,7.14,0.00,7.14,0.00,0.00,2.04,0.00,0.00,0.00,83.67
23:22:26,13,7.14,0.00,6.12,0.00,0.00,3.06,0.00,0.00,0.00,83.67
23:22:26,14,7.14,0.00,7.14,0.00,0.00,2.04,0.00,0.00,0.00,83.67
23:22:26,15,8.00,0.00,7.00,0.00,0.00,3.00,0.00,0.00,0.00,82.00
23:22:27,4,7.14,0.00,7.14,0.00,0.00,3.06,0.00,0.00,0.00,82.65
23:22:27,5,9.09,0.00,7.07,0.00,0.00,3.03,0.00,0.00,0.00,80.81
23:22:27,6,7.07,0.00,8.08,0.00,0.00,3.03,0.00,0.00,0.00,81.82
23:22:27,7,7.07,0.00,8.08,0.00,0.00,3.03,0.00,0.00,0.00,81.82
23:22:27,12,9.71,0.00,7.77,0.00,0.00,3.88,0.00,0.00,0.00,78.64
23:22:27,13,11.88,0.00,5.94,0.00,0.00,3.96,0.00,0.00,0.00,78.22
23:22:27,14,8.00,0.00,9.00,0.00,0.00,2.00,0.00,0.00,0.00,81.00
23:22:27,15,7.92,0.00,7.92,0.00,0.00,2.97,0.00,0.00,0.00,81.19
23:22:28,4,8.91,0.00,6.93,0.00,0.00,2.97,0.00,0.00,0.00,81.19
23:22:28,5,8.00,0.00,7.00,0.00,0.00,4.00,0.00,0.00,0.00,81.00
23:22:28,6,7.14,0.00,5.10,0.00,0.00,3.06,0.00,0.00,0.00,84.69
23:22:28,7,7.00,0.00,8.00,0.00,0.00,3.00,0.00,0.00,0.00,82.00
23:22:28,12,8.08,0.00,7.07,0.00,0.00,3.03,0.00,0.00,0.00,81.82
23:22:28,13,7.84,0.00,8.82,0.00,0.00,3.92,0.00,0.00,0.00,79.41
23:22:28,14,7.84,0.00,7.84,0.00,0.00,3.92,0.00,0.00,0.00,80.39
23:22:28,15,7.14,0.00,7.14,0.00,0.00,2.04,0.00,0.00,0.00,83.67
23:22:29,4,7.84,0.00,7.84,0.00,0.00,3.92,0.00,0.00,0.00,80.39
23:22:29,5,8.00,0.00,8.00,0.00,0.00,3.00,0.00,0.00,0.00,81.00
23:22:29,6,8.00,0.00,7.00,0.00,0.00,3.00,0.00,0.00,0.00,82.00
23:22:29,7,7.00,0.00,8.00,0.00,0.00,3.00,0.00,0.00,0.00,82.00
23:22:29,12,8.91,0.00,7.92,0.00,0.00,1.98,0.00,0.00,0.00,81.19
23:22:29,13,7.92,0.00,7.92,0.00,0.00,3.96,0.00,0.00,0.00,80.20
23:22:29,14,9.00,0.00,7.00,0.00,0.00,2.00,0.00,0.00,0.00,82.00
23:22:29,15,8.08,0.00,7.07,0.00,0.00,2.02,0.00,0.00,0.00,82.83
23:22:30,4,8.16,0.00,6.12,0.00,0.00,3.06,0.00,0.00,0.00,82.65
23:22:30,5,8.08,0.00,9.09,0.00,0.00,2.02,0.00,0.00,0.00,80.81
23:22:30,6,8.08,0.00,7.07,0.00,0.00,2.02,0.00,0.00,0.00,82.83
23:22:30,7,7.92,0.00,7.92,0.00,0.00,2.97,0.00,0.00,0.00,81.19
23:22:30,12,8.08,0.00,7.07,0.00,0.00,2.02,0.00,0.00,0.00,82.83
23:22:30,13,8.08,0.00,7.07,1.01,0.00,3.03,0.00,0.00,0.00,80.81
23:22:30,14,8.00,0.00,8.00,0.00,0.00,2.00,0.00,0.00,0.00,82.00
23:22:30,15,8.08,0.00,7.07,0.00,0.00,3.03,0.00,0.00,0.00,81.82
23:22:31,4,9.80,0.00,6.86,0.00,0.00,2.94,0.00,0.00,0.00,80.39
23:22:31,5,9.00,0.00,9.00,0.00,0.00,4.00,0.00,0.00,0.00,78.00
23:22:31,6,8.91,0.00,6.93,0.00,0.00,2.97,0.00,0.00,0.00,81.19
23:22:31,7,7.00,0.00,7.00,0.00,0.00,3.00,0.00,0.00,0.00,83.00
23:22:31,12,8.08,0.00,7.07,0.00,0.00,4.04,0.00,0.00,0.00,80.81
23:22:31,13,8.91,0.00,7.92,0.00,0.00,2.97,0.00,0.00,0.00,80.20
23:22:31,14,9.18,0.00,5.10,0.00,0.00,3.06,0.00,0.00,0.00,82.65
23:22:31,15,7.00,0.00,8.00,0.00,0.00,2.00,0.00,0.00,0.00,83.00
23:22:32,4,8.16,0.00,8.16,0.00,0.00,2.04,0.00,0.00,0.00,81.63
23:22:32,5,9.00,0.00,8.00,0.00,0.00,3.00,0.00,0.00,0.00,80.00
23:22:32,6,7.92,0.00,7.92,0.00,0.00,3.96,0.00,0.00,0.00,80.20
23:22:32,7,7.14,0.00,7.14,0.00,0.00,2.04,0.00,0.00,0.00,83.67
23:22:32,12,8.08,0.00,7.07,0.00,0.00,3.03,0.00,0.00,0.00,81.82
23:22:32,13,10.00,0.00,9.00,0.00,0.00,3.00,0.00,0.00,0.00,78.00
23:22:32,14,9.28,0.00,6.19,0.00,0.00,3.09,0.00,0.00,0.00,81.44
23:22:32,15,8.82,0.00,8.82,0.00,0.00,2.94,0.00,0.00,0.00,79.41
23:22:33,4,8.00,0.00,7.00,0.00,0.00,3.00,0.00,0.00,0.00,82.00
23:22:33,5,8.82,0.00,7.84,0.00,0.00,2.94,0.00,0.00,0.00,80.39
23:22:33,6,8.08,0.00,6.06,0.00,0.00,3.03,0.00,0.00,0.00,82.83
23:22:33,7,8.16,0.00,7.14,0.00,0.00,2.04,0.00,0.00,0.00,82.65
23:22:33,12,8.00,0.00,9.00,0.00,0.00,3.00,0.00,0.00,0.00,80.00
23:22:33,13,8.08,0.00,7.07,0.00,0.00,2.02,0.00,0.00,0.00,82.83
23:22:33,14,10.00,0.00,7.00,0.00,0.00,2.00,0.00,0.00,0.00,81.00
23:22:33,15,7.37,0.00,5.26,0.00,0.00,1.05,0.00,0.00,0.00,86.32
23:22:34,4,7.07,0.00,8.08,0.00,0.00,3.03,0.00,0.00,0.00,81.82
23:22:34,5,6.19,0.00,7.22,0.00,0.00,2.06,0.00,0.00,0.00,84.54
23:22:34,6,7.07,0.00,8.08,0.00,0.00,2.02,0.00,0.00,0.00,82.83
23:22:34,7,6.06,0.00,6.06,0.00,0.00,4.04,0.00,0.00,0.00,83.84
23:22:34,12,7.07,0.00,7.07,0.00,0.00,3.03,0.00,0.00,0.00,82.83
23:22:34,13,9.00,0.00,7.00,0.00,0.00,2.00,0.00,0.00,0.00,82.00
23:22:34,14,7.14,0.00,6.12,0.00,0.00,3.06,0.00,0.00,0.00,83.67
23:22:34,15,7.92,0.00,7.92,0.00,0.00,2.97,0.00,0.00,0.00,81.19
23:22:35,4,9.00,0.00,7.00,0.00,0.00,2.00,0.00,0.00,0.00,82.00
23:22:35,5,8.00,0.00,7.00,2.00,0.00,4.00,0.00,0.00,0.00,79.00
23:22:35,6,10.00,0.00,6.00,0.00,0.00,3.00,0.00,0.00,0.00,81.00
23:22:35,7,7.84,0.00,7.84,0.00,0.00,1.96,0.00,0.00,0.00,82.35
23:22:35,12,9.09,0.00,8.08,0.00,0.00,3.03,0.00,0.00,0.00,79.80
23:22:35,13,8.00,0.00,8.00,0.00,0.00,3.00,0.00,0.00,0.00,81.00
23:22:35,14,8.91,0.00,8.91,0.00,0.00,1.98,0.00,0.00,0.00,80.20
23:22:35,15,7.07,0.00,8.08,0.00,0.00,2.02,0.00,0.00,0.00,82.83
23:22:36,4,8.08,0.00,7.07,0.00,0.00,3.03,0.00,0.00,0.00,81.82
23:22:36,5,7.22,0.00,7.22,0.00,0.00,3.09,0.00,0.00,0.00,82.47
23:22:36,6,7.14,0.00,7.14,0.00,0.00,3.06,0.00,0.00,0.00,82.65
23:22:36,7,7.00,0.00,8.00,0.00,0.00,3.00,0.00,0.00,0.00,82.00
23:22:36,12,7.14,0.00,7.14,0.00,0.00,3.06,0.00,0.00,0.00,82.65
23:22:36,13,7.92,0.00,7.92,0.00,0.00,3.96,0.00,0.00,0.00,80.20
23:22:36,14,7.07,0.00,7.07,0.00,0.00,4.04,0.00,0.00,0.00,81.82
23:22:36,15,7.07,0.00,7.07,0.00,0.00,3.03,0.00,0.00,0.00,82.83
23:22:37,4,9.00,0.00,7.00,0.00,0.00,5.00,0.00,0.00,0.00,79.00
23:22:37,5,8.08,0.00,8.08,0.00,0.00,4.04,0.00,0.00,0.00,79.80
23:22:37,6,9.00,0.00,7.00,0.00,0.00,3.00,0.00,0.00,0.00,81.00
23:22:37,7,7.07,0.00,6.06,0.00,0.00,4.04,0.00,0.00,0.00,82.83
23:22:37,12,11.00,0.00,9.00,0.00,0.00,3.00,0.00,0.00,0.00,77.00
23:22:37,13,7.14,0.00,8.16,0.00,0.00,3.06,0.00,0.00,0.00,81.63
23:22:37,14,9.80,0.00,6.86,0.00,0.00,2.94,0.00,0.00,0.00,80.39
23:22:37,15,9.71,0.00,7.77,0.00,0.00,1.94,0.00,0.00,0.00,80.58
23:22:38,4,8.08,0.00,7.07,0.00,0.00,3.03,0.00,0.00,0.00,81.82
23:22:38,5,7.00,0.00,8.00,0.00,0.00,3.00,0.00,0.00,0.00,82.00
23:22:38,6,8.08,0.00,7.07,0.00,0.00,2.02,0.00,0.00,0.00,82.83
23:22:38,7,8.16,0.00,5.10,0.00,0.00,3.06,0.00,0.00,0.00,83.67
23:22:38,12,8.08,0.00,7.07,0.00,0.00,3.03,0.00,0.00,0.00,81.82
23:22:38,13,7.07,0.00,8.08,0.00,0.00,2.02,0.00,0.00,0.00,82.83
23:22:38,14,8.00,0.00,7.00,0.00,0.00,3.00,0.00,0.00,0.00,82.00
23:22:38,15,7.14,0.00,6.12,0.00,0.00,3.06,0.00,0.00,0.00,83.67
23:22:39,4,7.00,0.00,9.00,0.00,0.00,2.00,0.00,0.00,0.00,82.00
23:22:39,5,8.08,0.00,7.07,0.00,0.00,2.02,0.00,0.00,0.00,82.83
23:22:39,6,7.07,0.00,7.07,0.00,0.00,3.03,0.00,0.00,0.00,82.83
23:22:39,7,8.00,0.00,9.00,0.00,0.00,2.00,0.00,0.00,0.00,81.00
23:22:39,12,7.14,0.00,7.14,0.00,0.00,2.04,0.00,0.00,0.00,83.67
23:22:39,13,6.19,0.00,7.22,0.00,0.00,2.06,0.00,0.00,0.00,84.54
23:22:39,14,8.91,0.00,5.94,0.00,0.00,3.96,0.00,0.00,0.00,81.19
23:22:39,15,8.00,0.00,8.00,0.00,0.00,2.00,0.00,0.00,0.00,82.00
23:22:40,4,7.00,0.00,8.00,0.00,0.00,3.00,0.00,0.00,0.00,82.00
23:22:40,5,7.07,0.00,8.08,1.01,0.00,4.04,0.00,0.00,0.00,79.80
23:22:40,6,9.09,0.00,6.06,0.00,0.00,3.03,0.00,0.00,0.00,81.82
23:22:40,7,6.06,0.00,7.07,0.00,0.00,3.03,0.00,0.00,0.00,83.84
23:22:40,12,9.90,0.00,6.93,0.00,0.00,3.96,0.00,0.00,0.00,79.21
23:22:40,13,9.80,0.00,7.84,1.96,0.00,2.94,0.00,0.00,0.00,77.45
23:22:40,14,7.14,0.00,7.14,0.00,0.00,2.04,0.00,0.00,0.00,83.67
23:22:40,15,7.14,0.00,6.12,0.00,0.00,2.04,0.00,0.00,0.00,84.69
23:22:41,4,7.22,0.00,6.19,0.00,0.00,3.09,0.00,0.00,0.00,83.51
23:22:41,5,8.00,0.00,7.00,0.00,0.00,4.00,0.00,0.00,0.00,81.00
23:22:41,6,8.00,0.00,7.00,0.00,0.00,3.00,0.00,0.00,0.00,82.00
23:22:41,7,8.00,0.00,7.00,0.00,0.00,3.00,0.00,0.00,0.00,82.00
23:22:41,12,7.14,0.00,8.16,0.00,0.00,2.04,0.00,0.00,0.00,82.65
23:22:41,13,8.16,0.00,7.14,0.00,0.00,2.04,0.00,0.00,0.00,82.65
23:22:41,14,9.09,0.00,6.06,0.00,0.00,3.03,0.00,0.00,0.00,81.82
23:22:41,15,7.00,0.00,8.00,0.00,0.00,3.00,0.00,0.00,0.00,82.00
23:22:42,4,8.91,0.00,7.92,0.00,0.00,3.96,0.00,0.00,0.00,79.21
23:22:42,5,9.09,0.00,8.08,0.00,0.00,3.03,0.00,0.00,0.00,79.80
23:22:42,6,9.90,0.00,7.92,0.00,0.00,1.98,0.00,0.00,0.00,80.20
23:22:42,7,9.09,0.00,7.07,0.00,0.00,2.02,0.00,0.00,0.00,81.82
23:22:42,12,9.09,0.00,8.08,0.00,0.00,2.02,0.00,0.00,0.00,80.81
23:22:42,13,8.91,0.00,6.93,0.00,0.00,3.96,0.00,0.00,0.00,80.20
23:22:42,14,10.78,0.00,6.86,0.00,0.00,2.94,0.00,0.00,0.00,79.41
23:22:42,15,7.92,0.00,8.91,0.00,0.00,2.97,0.00,0.00,0.00,80.20
23:22:43,4,8.16,0.00,6.12,0.00,0.00,3.06,0.00,0.00,0.00,82.65
23:22:43,5,7.92,0.00,8.91,0.00,0.00,2.97,0.00,0.00,0.00,80.20
23:22:43,6,9.90,0.00,6.93,0.00,0.00,2.97,0.00,0.00,0.00,80.20
23:22:43,7,8.00,0.00,6.00,0.00,0.00,3.00,0.00,0.00,0.00,83.00
23:22:43,12,7.14,0.00,7.14,0.00,0.00,3.06,0.00,0.00,0.00,82.65
23:22:43,13,7.07,0.00,7.07,0.00,0.00,3.03,0.00,0.00,0.00,82.83
23:22:43,14,7.07,0.00,7.07,0.00,0.00,4.04,0.00,0.00,0.00,81.82
23:22:43,15,7.00,0.00,7.00,0.00,0.00,3.00,0.00,0.00,0.00,83.00
23:22:44,4,9.00,0.00,7.00,0.00,0.00,2.00,0.00,0.00,0.00,82.00
23:22:44,5,9.00,0.00,7.00,0.00,0.00,3.00,0.00,0.00,0.00,81.00
23:22:44,6,8.00,0.00,7.00,0.00,0.00,3.00,0.00,0.00,0.00,82.00
23:22:44,7,7.92,0.00,6.93,0.00,0.00,2.97,0.00,0.00,0.00,82.18
23:22:44,12,8.00,0.00,7.00,0.00,0.00,3.00,0.00,0.00,0.00,82.00
23:22:44,13,9.00,0.00,6.00,0.00,0.00,3.00,0.00,0.00,0.00,82.00
23:22:44,14,7.00,0.00,8.00,0.00,0.00,3.00,0.00,0.00,0.00,82.00
23:22:44,15,8.00,0.00,8.00,0.00,0.00,3.00,0.00,0.00,0.00,81.00
23:22:45,4,7.92,0.00,9.90,0.00,0.00,1.98,0.00,0.00,0.00,80.20
23:22:45,5,9.80,0.00,7.84,0.00,0.00,2.94,0.00,0.00,0.00,79.41
23:22:45,6,7.92,0.00,8.91,0.00,0.00,1.98,0.00,0.00,0.00,81.19
23:22:45,7,8.08,0.00,7.07,0.00,0.00,2.02,0.00,0.00,0.00,82.83
23:22:45,12,7.84,0.00,7.84,0.00,0.00,3.92,0.00,0.00,0.00,80.39
23:22:45,13,9.90,0.00,9.90,0.00,0.00,2.97,0.00,0.00,0.00,77.23
23:22:45,14,9.09,0.00,6.06,0.00,0.00,2.02,0.00,0.00,0.00,82.83
23:22:45,15,8.82,0.00,6.86,0.00,0.00,3.92,0.00,0.00,0.00,80.39
23:22:46,4,7.00,0.00,8.00,0.00,0.00,2.00,0.00,0.00,0.00,83.00
23:22:46,5,7.92,0.00,8.91,0.00,0.00,1.98,0.00,0.00,0.00,81.19
23:22:46,6,8.91,0.00,5.94,0.99,0.00,3.96,0.00,0.00,0.00,80.20
23:22:46,7,7.07,0.00,7.07,0.00,0.00,3.03,0.00,0.00,0.00,82.83
23:22:46,12,7.14,0.00,8.16,0.00,0.00,2.04,0.00,0.00,0.00,82.65
23:22:46,13,8.08,0.00,7.07,0.00,0.00,2.02,0.00,0.00,0.00,82.83
23:22:46,14,7.07,0.00,7.07,0.00,0.00,3.03,0.00,0.00,0.00,82.83
23:22:46,15,7.00,0.00,7.00,0.00,0.00,3.00,0.00,0.00,0.00,83.00
23:22:47,4,8.25,0.00,6.19,0.00,0.00,3.09,0.00,0.00,0.00,82.47
23:22:47,5,7.92,0.00,8.91,0.00,0.00,3.96,0.00,0.00,0.00,79.21
23:22:47,6,9.28,0.00,7.22,0.00,0.00,1.03,0.00,0.00,0.00,82.47
23:22:47,7,8.00,0.00,7.00,0.00,0.00,3.00,0.00,0.00,0.00,82.00
23:22:47,12,10.00,0.00,7.00,0.00,0.00,3.00,0.00,0.00,0.00,80.00
23:22:47,13,10.89,0.00,8.91,0.00,0.00,2.97,0.00,0.00,0.00,77.23
23:22:47,14,7.07,0.00,9.09,0.00,0.00,2.02,0.00,0.00,0.00,81.82
23:22:47,15,8.16,0.00,7.14,0.00,0.00,3.06,0.00,0.00,0.00,81.63
23:22:48,4,9.71,0.00,8.74,0.00,0.00,2.91,0.00,0.00,0.00,78.64
23:22:48,5,8.00,0.00,9.00,0.00,0.00,3.00,0.00,0.00,0.00,80.00
23:22:48,6,9.00,0.00,7.00,0.00,0.00,3.00,0.00,0.00,0.00,81.00
23:22:48,7,7.92,0.00,7.92,0.00,0.00,1.98,0.00,0.00,0.00,82.18
23:22:48,12,7.07,0.00,7.07,0.00,0.00,3.03,0.00,0.00,0.00,82.83
23:22:48,13,10.10,0.00,6.06,0.00,0.00,2.02,0.00,0.00,0.00,81.82
23:22:48,14,9.00,0.00,6.00,0.00,0.00,4.00,0.00,0.00,0.00,81.00
23:22:48,15,8.74,0.00,7.77,0.00,0.00,2.91,0.00,0.00,0.00,80.58
23:22:49,4,6.93,0.00,7.92,0.00,0.00,3.96,0.00,0.00,0.00,81.19
23:22:49,5,8.08,0.00,7.07,0.00,0.00,2.02,0.00,0.00,0.00,82.83
23:22:49,6,8.91,0.00,6.93,0.00,0.00,1.98,0.00,0.00,0.00,82.18
23:22:49,7,8.08,0.00,6.06,0.00,0.00,3.03,0.00,0.00,0.00,82.83
23:22:49,12,8.08,0.00,6.06,0.00,0.00,3.03,0.00,0.00,0.00,82.83
23:22:49,13,8.00,0.00,8.00,0.00,0.00,2.00,0.00,0.00,0.00,82.00
23:22:49,14,7.22,0.00,6.19,0.00,0.00,2.06,0.00,0.00,0.00,84.54
23:22:49,15,9.09,0.00,6.06,0.00,0.00,3.03,0.00,0.00,0.00,81.82
23:22:50,4,6.06,0.00,8.08,0.00,0.00,3.03,0.00,0.00,0.00,82.83
23:22:50,5,6.93,0.00,7.92,0.00,0.00,3.96,0.00,0.00,0.00,81.19
23:22:50,6,7.07,0.00,8.08,0.00,0.00,2.02,0.00,0.00,0.00,82.83
23:22:50,7,7.84,0.00,8.82,0.00,0.00,2.94,0.00,0.00,0.00,80.39
23:22:50,12,7.07,0.00,8.08,0.00,0.00,2.02,0.00,0.00,0.00,82.83
23:22:50,13,8.74,0.00,8.74,0.00,0.00,2.91,0.00,0.00,0.00,79.61
23:22:50,14,8.16,0.00,6.12,0.00,0.00,2.04,0.00,0.00,0.00,83.67
23:22:50,15,8.82,0.00,7.84,0.00,0.00,2.94,0.00,0.00,0.00,80.39
23:22:51,4,9.09,0.00,8.08,0.00,0.00,2.02,0.00,0.00,0.00,80.81
23:22:51,5,9.18,0.00,7.14,0.00,0.00,2.04,0.00,0.00,0.00,81.63
23:22:51,6,7.07,0.00,8.08,0.00,0.00,2.02,0.00,0.00,0.00,82.83
23:22:51,7,8.00,0.00,7.00,0.00,0.00,2.00,0.00,0.00,0.00,83.00
23:22:51,12,8.00,0.00,9.00,0.00,0.00,3.00,0.00,0.00,0.00,80.00
23:22:51,13,9.00,0.00,7.00,0.00,0.00,3.00,0.00,0.00,0.00,81.00
23:22:51,14,7.92,0.00,6.93,0.00,0.00,2.97,0.00,0.00,0.00,82.18
23:22:51,15,5.05,0.00,8.08,0.00,0.00,3.03,0.00,0.00,0.00,83.84
23:22:52,4,8.00,0.00,8.00,0.00,0.00,4.00,0.00,0.00,0.00,80.00
23:22:52,5,10.10,0.00,11.11,0.00,0.00,4.04,0.00,0.00,0.00,74.75
23:22:52,6,10.20,0.00,7.14,0.00,0.00,2.04,0.00,0.00,0.00,80.61
23:22:52,7,7.07,0.00,8.08,0.00,0.00,3.03,0.00,0.00,0.00,81.82
23:22:52,12,8.08,0.00,7.07,0.00,0.00,3.03,0.00,0.00,0.00,81.82
23:22:52,13,11.11,0.00,7.07,0.00,0.00,4.04,0.00,0.00,0.00,77.78
23:22:52,14,9.00,0.00,8.00,0.00,0.00,2.00,0.00,0.00,0.00,81.00
23:22:52,15,7.92,0.00,7.92,0.00,0.00,2.97,0.00,0.00,0.00,81.19
23:22:53,4,8.00,0.00,7.00,0.00,0.00,3.00,0.00,0.00,0.00,82.00
23:22:53,5,6.93,0.00,9.90,0.00,0.00,3.96,0.00,0.00,0.00,79.21
23:22:53,6,7.92,0.00,7.92,0.00,0.00,2.97,0.00,0.00,0.00,81.19
23:22:53,7,7.92,0.00,7.92,0.00,0.00,2.97,0.00,0.00,0.00,81.19
23:22:53,12,10.00,0.00,6.00,0.00,0.00,2.00,0.00,0.00,0.00,82.00
23:22:53,13,7.07,0.00,7.07,0.00,0.00,4.04,0.00,0.00,0.00,81.82
23:22:53,14,8.16,0.00,6.12,0.00,0.00,3.06,0.00,0.00,0.00,82.65
23:22:53,15,7.92,0.00,8.91,0.00,0.00,1.98,0.00,0.00,0.00,81.19
23:22:54,4,8.82,0.00,7.84,0.00,0.00,2.94,0.00,0.00,0.00,80.39
23:22:54,5,8.08,0.00,6.06,0.00,0.00,4.04,0.00,0.00,0.00,81.82
23:22:54,6,7.92,0.00,6.93,0.00,0.00,3.96,0.00,0.00,0.00,81.19
23:22:54,7,9.09,0.00,6.06,0.00,0.00,2.02,0.00,0.00,0.00,82.83
23:22:54,12,7.00,0.00,9.00,0.00,0.00,2.00,0.00,0.00,0.00,82.00
23:22:54,13,7.07,0.00,9.09,0.00,0.00,3.03,0.00,0.00,0.00,80.81
23:22:54,14,8.00,0.00,7.00,0.00,0.00,3.00,0.00,0.00,0.00,82.00
23:22:54,15,7.00,0.00,6.00,0.00,0.00,4.00,0.00,0.00,0.00,83.00
23:22:55,4,7.22,0.00,7.22,0.00,0.00,1.03,0.00,0.00,0.00,84.54
23:22:55,5,8.08,0.00,8.08,0.00,0.00,2.02,0.00,0.00,0.00,81.82
23:22:55,6,8.16,0.00,6.12,0.00,0.00,2.04,0.00,0.00,0.00,83.67
23:22:55,7,7.07,0.00,7.07,0.00,0.00,3.03,0.00,0.00,0.00,82.83
23:22:55,12,8.08,0.00,7.07,0.00,0.00,2.02,0.00,0.00,0.00,82.83
23:22:55,13,8.00,0.00,7.00,0.00,0.00,3.00,0.00,0.00,0.00,82.00
23:22:55,14,8.00,0.00,6.00,0.00,0.00,3.00,0.00,0.00,0.00,83.00
23:22:55,15,6.19,0.00,6.19,0.00,0.00,3.09,0.00,0.00,0.00,84.54
23:22:56,4,8.08,0.00,6.06,0.00,0.00,3.03,0.00,0.00,0.00,82.83
23:22:56,5,7.14,0.00,6.12,0.00,0.00,4.08,0.00,0.00,0.00,82.65
23:22:56,6,9.09,0.00,6.06,0.00,0.00,3.03,0.00,0.00,0.00,81.82
23:22:56,7,8.08,0.00,7.07,0.00,0.00,3.03,0.00,0.00,0.00,81.82
23:22:56,12,7.07,0.00,7.07,0.00,0.00,3.03,0.00,0.00,0.00,82.83
23:22:56,13,6.12,0.00,8.16,0.00,0.00,3.06,0.00,0.00,0.00,82.65
23:22:56,14,9.00,0.00,6.00,0.00,0.00,3.00,0.00,0.00,0.00,82.00
23:22:56,15,7.14,0.00,6.12,0.00,0.00,3.06,0.00,0.00,0.00,83.67
23:22:57,4,12.24,0.00,8.16,0.00,0.00,3.06,0.00,0.00,0.00,76.53
23:22:57,5,9.09,0.00,6.06,0.00,0.00,4.04,0.00,0.00,0.00,80.81
23:22:57,6,6.12,0.00,7.14,0.00,0.00,3.06,0.00,0.00,0.00,83.67
23:22:57,7,7.92,0.00,6.93,0.00,0.00,2.97,0.00,0.00,0.00,82.18
23:22:57,12,10.10,0.00,7.07,0.00,0.00,4.04,0.00,0.00,0.00,78.79
23:22:57,13,8.82,0.00,8.82,0.00,0.00,2.94,0.00,0.00,0.00,79.41
23:22:57,14,7.00,0.00,9.00,0.00,0.00,2.00,0.00,0.00,0.00,82.00
23:22:57,15,9.00,0.00,7.00,0.00,0.00,2.00,0.00,0.00,0.00,82.00
23:22:58,4,9.80,0.00,7.84,0.00,0.00,2.94,0.00,0.00,0.00,79.41
23:22:58,5,8.00,0.00,7.00,0.00,0.00,3.00,0.00,0.00,0.00,82.00
23:22:58,6,7.07,0.00,7.07,0.00,0.00,3.03,0.00,0.00,0.00,82.83
23:22:58,7,8.08,0.00,7.07,0.00,0.00,3.03,0.00,0.00,0.00,81.82
23:22:58,12,7.07,0.00,7.07,0.00,0.00,4.04,0.00,0.00,0.00,81.82
23:22:58,13,7.92,0.00,8.91,0.00,0.00,2.97,0.00,0.00,0.00,80.20
23:22:58,14,8.91,0.00,6.93,0.00,0.00,2.97,0.00,0.00,0.00,81.19
23:22:58,15,8.00,0.00,7.00,0.00,0.00,3.00,0.00,0.00,0.00,82.00
23:22:59,4,7.92,0.00,7.92,0.00,0.00,3.96,0.00,0.00,0.00,80.20
23:22:59,5,7.07,0.00,6.06,0.00,0.00,4.04,0.00,0.00,0.00,82.83
23:22:59,6,7.14,0.00,6.12,0.00,0.00,3.06,0.00,0.00,0.00,83.67
23:22:59,7,8.08,0.00,7.07,0.00,0.00,2.02,0.00,0.00,0.00,82.83
23:22:59,12,8.00,0.00,8.00,0.00,0.00,2.00,0.00,0.00,0.00,82.00
23:22:59,13,8.25,0.00,6.19,0.00,0.00,2.06,0.00,0.00,0.00,83.51
23:22:59,14,7.14,0.00,7.14,0.00,0.00,3.06,0.00,0.00,0.00,82.65
23:22:59,15,7.14,0.00,7.14,0.00,0.00,2.04,0.00,0.00,0.00,83.67
23:23:00,4,5.94,0.00,8.91,0.00,0.00,3.96,0.00,0.00,0.00,81.19
23:23:00,5,8.00,0.00,8.00,0.00,0.00,2.00,0.00,0.00,0.00,82.00
23:23:00,6,8.91,0.00,6.93,0.00,0.00,1.98,0.00,0.00,0.00,82.18
23:23:00,7,9.00,0.00,6.00,0.00,0.00,3.00,0.00,0.00,0.00,82.00
23:23:00,12,8.16,0.00,7.14,0.00,0.00,3.06,0.00,0.00,0.00,81.63
23:23:00,13,8.00,0.00,7.00,0.00,0.00,3.00,0.00,0.00,0.00,82.00
23:23:00,14,7.92,0.00,7.92,0.00,0.00,2.97,0.00,0.00,0.00,81.19
23:23:00,15,8.82,0.00,7.84,0.00,0.00,2.94,0.00,0.00,0.00,80.39
23:23:01,4,7.92,0.00,7.92,0.00,0.00,2.97,0.00,0.00,0.00,81.19
23:23:01,5,9.00,0.00,8.00,0.00,0.00,3.00,0.00,0.00,0.00,80.00
23:23:01,6,9.09,0.00,5.05,0.00,0.00,3.03,0.00,0.00,0.00,82.83
23:23:01,7,7.84,0.00,8.82,0.00,0.00,1.96,0.00,0.00,0.00,81.37
23:23:01,12,6.12,0.00,6.12,0.00,0.00,4.08,0.00,0.00,0.00,83.67
23:23:01,13,8.08,0.00,10.10,0.00,0.00,3.03,0.00,0.00,0.00,78.79
23:23:01,14,8.33,0.00,8.33,0.00,0.00,1.04,0.00,0.00,0.00,82.29
23:23:01,15,8.16,0.00,5.10,0.00,0.00,3.06,0.00,0.00,0.00,83.67
23:23:02,4,12.37,0.00,7.22,0.00,0.00,2.06,0.00,0.00,0.00,78.35
23:23:02,5,9.18,0.00,8.16,0.00,0.00,2.04,0.00,0.00,0.00,80.61
23:23:02,6,8.33,0.00,7.29,0.00,0.00,2.08,0.00,0.00,0.00,82.29
23:23:02,7,7.22,0.00,6.19,0.00,0.00,2.06,0.00,0.00,0.00,84.54
23:23:02,12,7.07,0.00,8.08,0.00,0.00,2.02,0.00,0.00,0.00,82.83
23:23:02,13,9.09,0.00,6.06,0.00,0.00,3.03,0.00,0.00,0.00,81.82
23:23:02,14,8.08,0.00,7.07,0.00,0.00,2.02,0.00,0.00,0.00,82.83
23:23:02,15,6.12,0.00,7.14,0.00,0.00,3.06,0.00,0.00,0.00,83.67
23:23:03,4,8.74,0.00,8.74,0.00,0.00,2.91,0.00,0.00,0.00,79.61
23:23:03,5,9.09,0.00,7.07,0.00,0.00,3.03,0.00,0.00,0.00,80.81
23:23:03,6,8.91,0.00,7.92,0.00,0.00,1.98,0.00,0.00,0.00,81.19
23:23:03,7,5.05,0.00,7.07,0.00,0.00,3.03,0.00,0.00,0.00,84.85
23:23:03,12,8.00,0.00,8.00,0.00,0.00,3.00,0.00,0.00,0.00,81.00
23:23:03,13,7.84,0.00,7.84,0.00,0.00,3.92,0.00,0.00,0.00,80.39
23:23:03,14,7.29,0.00,5.21,0.00,0.00,3.12,0.00,0.00,0.00,84.38
23:23:03,15,8.74,0.00,7.77,0.00,0.00,2.91,0.00,0.00,0.00,80.58
23:23:04,4,8.00,0.00,6.00,0.00,0.00,4.00,0.00,0.00,0.00,82.00
23:23:04,5,8.08,0.00,7.07,0.00,0.00,4.04,0.00,0.00,0.00,80.81
23:23:04,6,8.82,0.00,6.86,0.00,0.00,3.92,0.00,0.00,0.00,80.39
23:23:04,7,8.00,0.00,7.00,0.00,0.00,2.00,0.00,0.00,0.00,83.00
23:23:04,12,8.91,0.00,7.92,0.00,0.00,1.98,0.00,0.00,0.00,81.19
23:23:04,13,9.00,0.00,9.00,0.00,0.00,4.00,0.00,0.00,0.00,78.00
23:23:04,14,8.74,0.00,8.74,0.00,0.00,2.91,0.00,0.00,0.00,79.61
23:23:04,15,7.92,0.00,7.92,0.00,0.00,2.97,0.00,0.00,0.00,81.19
23:23:05,4,6.00,0.00,8.00,0.00,0.00,4.00,0.00,0.00,0.00,82.00
23:23:05,5,7.22,0.00,7.22,0.00,0.00,2.06,0.00,0.00,0.00,83.51
23:23:05,6,8.25,0.00,6.19,0.00,0.00,1.03,0.00,0.00,0.00,84.54
23:23:05,7,6.06,0.00,7.07,0.00,0.00,3.03,0.00,0.00,0.00,83.84
23:23:05,12,9.00,0.00,7.00,0.00,0.00,4.00,0.00,0.00,0.00,80.00
23:23:05,13,8.08,0.00,7.07,0.00,0.00,3.03,0.00,0.00,0.00,81.82
23:23:05,14,8.25,0.00,5.15,0.00,0.00,3.09,0.00,0.00,0.00,83.51
23:23:05,15,7.92,0.00,6.93,0.00,0.00,2.97,0.00,0.00,0.00,82.18
23:23:06,4,9.71,0.00,8.74,0.00,0.00,2.91,0.00,0.00,0.00,78.64
23:23:06,5,10.89,0.00,9.90,0.00,0.00,1.98,0.00,0.00,0.00,77.23
23:23:06,6,8.00,0.00,8.00,2.00,0.00,3.00,0.00,0.00,0.00,79.00
23:23:06,7,6.12,0.00,7.14,0.00,0.00,3.06,0.00,0.00,0.00,83.67
23:23:06,12,8.91,0.00,8.91,0.00,0.00,1.98,0.00,0.00,0.00,80.20
23:23:06,13,9.80,0.00,8.82,0.00,0.00,2.94,0.00,0.00,0.00,78.43
23:23:06,14,6.93,0.00,7.92,0.00,0.00,3.96,0.00,0.00,0.00,81.19
23:23:06,15,8.08,0.00,6.06,0.00,0.00,3.03,0.00,0.00,0.00,82.83
23:23:07,4,7.07,0.00,8.08,0.00,0.00,2.02,0.00,0.00,0.00,82.83
23:23:07,5,13.13,0.00,9.09,0.00,0.00,3.03,0.00,0.00,0.00,74.75
23:23:07,6,7.14,0.00,7.14,0.00,0.00,3.06,0.00,0.00,0.00,82.65
23:23:07,7,7.07,0.00,7.07,0.00,0.00,3.03,0.00,0.00,0.00,82.83
23:23:07,12,8.91,0.00,7.92,0.00,0.00,2.97,0.00,0.00,0.00,80.20
23:23:07,13,8.91,0.00,9.90,0.00,0.00,2.97,0.00,0.00,0.00,78.22
23:23:07,14,8.16,0.00,7.14,0.00,0.00,2.04,0.00,0.00,0.00,82.65
23:23:07,15,7.14,0.00,6.12,0.00,0.00,3.06,0.00,0.00,0.00,83.67
23:23:08,4,7.07,0.00,7.07,0.00,0.00,3.03,0.00,0.00,0.00,82.83
23:23:08,5,7.92,0.00,8.91,0.00,0.00,2.97,0.00,0.00,0.00,80.20
23:23:08,6,9.09,0.00,6.06,0.00,0.00,2.02,0.00,0.00,0.00,82.83
23:23:08,7,9.00,0.00,6.00,0.00,0.00,3.00,0.00,0.00,0.00,82.00
23:23:08,12,6.00,0.00,8.00,0.00,0.00,4.00,0.00,0.00,0.00,82.00
23:23:08,13,7.07,0.00,7.07,0.00,0.00,3.03,0.00,0.00,0.00,82.83
23:23:08,14,8.00,0.00,8.00,0.00,0.00,2.00,0.00,0.00,0.00,82.00
23:23:08,15,7.00,0.00,8.00,0.00,0.00,3.00,0.00,0.00,0.00,82.00
23:23:09,4,9.00,0.00,7.00,0.00,0.00,3.00,0.00,0.00,0.00,81.00
23:23:09,5,7.14,0.00,7.14,0.00,0.00,2.04,0.00,0.00,0.00,83.67
23:23:09,6,7.14,0.00,6.12,0.00,0.00,3.06,0.00,0.00,0.00,83.67
23:23:09,7,8.00,0.00,7.00,0.00,0.00,3.00,0.00,0.00,0.00,82.00
23:23:09,12,7.14,0.00,6.12,0.00,0.00,3.06,0.00,0.00,0.00,83.67
23:23:09,13,8.08,0.00,6.06,0.00,0.00,3.03,0.00,0.00,0.00,82.83
23:23:09,14,7.14,0.00,6.12,0.00,0.00,3.06,0.00,0.00,0.00,83.67
23:23:09,15,6.25,0.00,6.25,0.00,0.00,2.08,0.00,0.00,0.00,85.42
23:23:10,4,8.91,0.00,7.92,0.00,0.00,1.98,0.00,0.00,0.00,81.19
23:23:10,5,9.00,0.00,10.00,0.00,0.00,3.00,0.00,0.00,0.00,78.00
23:23:10,6,7.92,0.00,7.92,0.00,0.00,2.97,0.00,0.00,0.00,81.19
23:23:10,7,7.00,0.00,9.00,0.00,0.00,2.00,0.00,0.00,0.00,82.00
23:23:10,12,7.92,0.00,7.92,0.00,0.00,3.96,0.00,0.00,0.00,80.20
23:23:10,13,8.16,0.00,6.12,0.00,0.00,3.06,0.00,0.00,0.00,82.65
23:23:10,14,8.00,0.00,8.00,0.00,0.00,2.00,0.00,0.00,0.00,82.00
23:23:10,15,8.00,0.00,7.00,0.00,0.00,3.00,0.00,0.00,0.00,82.00
23:23:11,4,7.07,0.00,8.08,0.00,0.00,3.03,0.00,0.00,0.00,81.82
23:23:11,5,8.00,0.00,7.00,0.00,0.00,4.00,0.00,0.00,0.00,81.00
23:23:11,6,8.25,0.00,6.19,0.00,0.00,2.06,0.00,0.00,0.00,83.51
23:23:11,7,8.00,0.00,7.00,0.00,0.00,3.00,0.00,0.00,0.00,82.00
23:23:11,12,8.08,0.00,7.07,0.00,0.00,2.02,0.00,0.00,0.00,82.83
23:23:11,13,7.14,0.00,6.12,0.00,0.00,3.06,0.00,0.00,0.00,83.67
23:23:11,14,8.00,0.00,6.00,2.00,0.00,3.00,0.00,0.00,0.00,81.00
23:23:11,15,7.00,0.00,8.00,0.00,0.00,3.00,0.00,0.00,0.00,82.00
23:23:12,4,10.68,0.00,7.77,0.00,0.00,2.91,0.00,0.00,0.00,78.64
23:23:12,5,9.80,0.00,6.86,0.00,0.00,3.92,0.00,0.00,0.00,79.41
23:23:12,6,8.00,0.00,7.00,0.00,0.00,3.00,0.00,0.00,0.00,82.00
23:23:12,7,6.93,0.00,5.94,0.00,0.00,3.96,0.00,0.00,0.00,83.17
23:23:12,12,7.84,0.00,8.82,0.00,0.00,3.92,0.00,0.00,0.00,79.41
23:23:12,13,8.91,0.00,9.90,0.00,0.00,2.97,0.00,0.00,0.00,78.22
23:23:12,14,6.93,0.00,8.91,0.00,0.00,2.97,0.00,0.00,0.00,81.19
23:23:12,15,6.93,0.00,8.91,0.00,0.00,2.97,0.00,0.00,0.00,81.19
23:23:13,4,7.14,0.00,6.12,0.00,0.00,4.08,0.00,0.00,0.00,82.65
23:23:13,5,9.90,0.00,6.93,0.00,0.00,2.97,0.00,0.00,0.00,80.20
23:23:13,6,9.00,0.00,6.00,0.00,0.00,3.00,0.00,0.00,0.00,82.00
23:23:13,7,8.00,0.00,8.00,0.00,0.00,3.00,0.00,0.00,0.00,81.00
23:23:13,12,9.28,0.00,6.19,0.00,0.00,2.06,0.00,0.00,0.00,82.47
23:23:13,13,13.00,0.00,8.00,0.00,0.00,3.00,0.00,0.00,0.00,76.00
23:23:13,14,7.22,0.00,7.22,0.00,0.00,2.06,0.00,0.00,0.00,83.51
23:23:13,15,8.00,0.00,7.00,0.00,0.00,4.00,0.00,0.00,0.00,81.00
23:23:14,4,7.22,0.00,6.19,0.00,0.00,2.06,0.00,0.00,0.00,84.54
23:23:14,5,9.09,0.00,6.06,0.00,0.00,4.04,0.00,0.00,0.00,80.81
23:23:14,6,9.00,0.00,7.00,0.00,0.00,3.00,0.00,0.00,0.00,81.00
23:23:14,7,8.91,0.00,5.94,0.00,0.00,2.97,0.00,0.00,0.00,82.18
23:23:14,12,8.00,0.00,6.00,0.00,0.00,4.00,0.00,0.00,0.00,82.00
23:23:14,13,8.91,0.00,8.91,0.00,0.00,2.97,0.00,0.00,0.00,79.21
23:23:14,14,9.90,0.00,7.92,0.00,0.00,1.98,0.00,0.00,0.00,80.20
23:23:14,15,7.00,0.00,8.00,0.00,0.00,2.00,0.00,0.00,0.00,83.00
23:23:15,4,8.00,0.00,7.00,0.00,0.00,3.00,0.00,0.00,0.00,82.00
23:23:15,5,7.00,0.00,8.00,0.00,0.00,3.00,0.00,0.00,0.00,82.00
23:23:15,6,7.07,0.00,6.06,0.00,0.00,3.03,0.00,0.00,0.00,83.84
23:23:15,7,7.14,0.00,6.12,0.00,0.00,3.06,0.00,0.00,0.00,83.67
23:23:15,12,7.07,0.00,7.07,0.00,0.00,3.03,0.00,0.00,0.00,82.83
23:23:15,13,8.91,0.00,9.90,0.00,0.00,2.97,0.00,0.00,0.00,78.22
23:23:15,14,8.08,0.00,7.07,0.00,0.00,3.03,0.00,0.00,0.00,81.82
23:23:15,15,9.00,0.00,7.00,0.00,0.00,3.00,0.00,0.00,0.00,81.00
23:23:16,4,8.00,0.00,7.00,0.00,0.00,3.00,0.00,0.00,0.00,82.00
23:23:16,5,7.92,0.00,7.92,0.00,0.00,2.97,0.00,0.00,0.00,81.19
23:23:16,6,8.25,0.00,6.19,0.00,0.00,2.06,0.00,0.00,0.00,83.51
23:23:16,7,7.92,0.00,6.93,0.00,0.00,2.97,0.00,0.00,0.00,82.18
23:23:16,12,8.08,0.00,7.07,0.00,0.00,3.03,0.00,0.00,0.00,81.82
23:23:16,13,7.07,0.00,9.09,2.02,0.00,4.04,0.00,0.00,0.00,77.78
23:23:16,14,8.00,0.00,7.00,0.00,0.00,3.00,0.00,0.00,0.00,82.00
23:23:16,15,7.07,0.00,7.07,0.00,0.00,3.03,0.00,0.00,0.00,82.83
23:23:17,4,7.07,0.00,9.09,0.00,0.00,3.03,0.00,0.00,0.00,80.81
23:23:17,5,8.25,0.00,6.19,0.00,0.00,3.09,0.00,0.00,0.00,82.47
23:23:17,6,7.00,0.00,8.00,0.00,0.00,3.00,0.00,0.00,0.00,82.00
23:23:17,7,7.14,0.00,6.12,0.00,0.00,2.04,0.00,0.00,0.00,84.69
23:23:17,12,8.91,0.00,6.93,0.00,0.00,3.96,0.00,0.00,0.00,80.20
23:23:17,13,9.90,0.00,5.94,0.00,0.00,2.97,0.00,0.00,0.00,81.19
23:23:17,14,8.00,0.00,7.00,0.00,0.00,3.00,0.00,0.00,0.00,82.00
23:23:17,15,6.93,0.00,7.92,0.00,0.00,2.97,0.00,0.00,0.00,82.18
23:23:18,4,11.22,0.00,8.16,0.00,0.00,2.04,0.00,0.00,0.00,78.57
23:23:18,5,9.00,0.00,8.00,0.00,0.00,4.00,0.00,0.00,0.00,79.00
23:23:18,6,8.82,0.00,6.86,0.00,0.00,3.92,0.00,0.00,0.00,80.39
23:23:18,7,6.93,0.00,7.92,0.00,0.00,2.97,0.00,0.00,0.00,82.18
23:23:18,12,9.18,0.00,7.14,0.00,0.00,3.06,0.00,0.00,0.00,80.61
23:23:18,13,10.68,0.00,6.80,0.00,0.00,3.88,0.00,0.00,0.00,78.64
23:23:18,14,9.09,0.00,7.07,0.00,0.00,2.02,0.00,0.00,0.00,81.82
23:23:18,15,8.00,0.00,7.00,0.00,0.00,4.00,0.00,0.00,0.00,81.00
23:23:19,4,8.91,0.00,7.92,0.00,0.00,3.96,0.00,0.00,0.00,79.21
23:23:19,5,8.08,0.00,7.07,0.00,0.00,3.03,0.00,0.00,0.00,81.82
23:23:19,6,8.16,0.00,7.14,0.00,0.00,1.02,0.00,0.00,0.00,83.67
23:23:19,7,7.07,0.00,6.06,0.00,0.00,3.03,0.00,0.00,0.00,83.84
23:23:19,12,8.08,0.00,7.07,0.00,0.00,3.03,0.00,0.00,0.00,81.82
23:23:19,13,9.00,0.00,7.00,0.00,0.00,3.00,0.00,0.00,0.00,81.00
23:23:19,14,9.00,0.00,7.00,0.00,0.00,4.00,0.00,0.00,0.00,80.00
23:23:19,15,7.92,0.00,7.92,0.00,0.00,1.98,0.00,0.00,0.00,82.18
23:23:20,4,9.00,0.00,7.00,0.00,0.00,1.00,0.00,0.00,0.00,83.00
23:23:20,5,7.00,0.00,10.00,0.00,0.00,3.00,0.00,0.00,0.00,80.00
23:23:20,6,9.90,0.00,6.93,0.00,0.00,2.97,0.00,0.00,0.00,80.20
23:23:20,7,7.07,0.00,7.07,0.00,0.00,2.02,0.00,0.00,0.00,83.84
23:23:20,12,7.00,0.00,9.00,0.00,0.00,3.00,0.00,0.00,0.00,81.00
23:23:20,13,7.92,0.00,7.92,0.00,0.00,2.97,0.00,0.00,0.00,81.19
23:23:20,14,8.08,0.00,8.08,0.00,0.00,2.02,0.00,0.00,0.00,81.82
23:23:20,15,7.77,0.00,8.74,0.00,0.00,2.91,0.00,0.00,0.00,80.58
23:23:21,4,6.93,0.00,8.91,0.00,0.00,3.96,0.00,0.00,0.00,80.20
23:23:21,5,8.08,0.00,7.07,0.00,0.00,3.03,0.00,0.00,0.00,81.82
23:23:21,6,9.09,0.00,6.06,0.00,0.00,2.02,0.00,0.00,0.00,82.83
23:23:21,7,5.94,0.00,7.92,0.00,0.00,3.96,0.00,0.00,0.00,82.18
23:23:21,12,8.91,0.00,5.94,0.00,0.00,2.97,0.00,0.00,0.00,82.18
23:23:21,13,7.00,0.00,8.00,0.00,0.00,3.00,0.00,0.00,0.00,82.00
23:23:21,14,8.00,0.00,8.00,0.00,0.00,2.00,0.00,0.00,0.00,82.00
23:23:21,15,9.00,0.00,7.00,0.00,0.00,2.00,0.00,0.00,0.00,82.00
23:23:22,4,7.00,0.00,9.00,0.00,0.00,4.00,0.00,0.00,0.00,80.00
23:23:22,5,8.08,0.00,7.07,1.01,0.00,3.03,0.00,0.00,0.00,80.81
23:23:22,6,8.91,0.00,6.93,0.00,0.00,3.96,0.00,0.00,0.00,80.20
23:23:22,7,7.00,0.00,8.00,0.00,0.00,3.00,0.00,0.00,0.00,82.00
23:23:22,12,9.09,0.00,8.08,2.02,0.00,2.02,0.00,0.00,0.00,78.79
23:23:22,13,8.00,0.00,7.00,0.00,0.00,4.00,0.00,0.00,0.00,81.00
23:23:22,14,8.91,0.00,6.93,0.00,0.00,2.97,0.00,0.00,0.00,81.19
23:23:22,15,7.84,0.00,8.82,0.00,0.00,2.94,0.00,0.00,0.00,80.39
23:23:23,4,9.18,0.00,8.16,0.00,0.00,2.04,0.00,0.00,0.00,80.61
23:23:23,5,8.74,0.00,8.74,0.00,0.00,3.88,0.00,0.00,0.00,78.64
23:23:23,6,8.00,0.00,7.00,0.00,0.00,3.00,0.00,0.00,0.00,82.00
23:23:23,7,8.00,0.00,8.00,0.00,0.00,3.00,0.00,0.00,0.00,81.00
23:23:23,12,8.00,0.00,8.00,0.00,0.00,3.00,0.00,0.00,0.00,81.00
23:23:23,13,10.78,0.00,8.82,0.00,0.00,1.96,0.00,0.00,0.00,78.43
23:23:23,14,8.82,0.00,8.82,0.00,0.00,2.94,0.00,0.00,0.00,79.41
23:23:23,15,8.08,0.00,6.06,0.00,0.00,3.03,0.00,0.00,0.00,82.83
23:23:24,4,7.22,0.00,7.22,0.00,0.00,1.03,0.00,0.00,0.00,84.54
23:23:24,5,9.09,0.00,7.07,0.00,0.00,2.02,0.00,0.00,0.00,81.82
23:23:24,6,8.16,0.00,7.14,0.00,0.00,2.04,0.00,0.00,0.00,82.65
23:23:24,7,7.07,0.00,7.07,0.00,0.00,2.02,0.00,0.00,0.00,83.84
23:23:24,12,7.07,0.00,7.07,0.00,0.00,2.02,0.00,0.00,0.00,83.84
23:23:24,13,9.18,0.00,8.16,0.00,0.00,3.06,0.00,0.00,0.00,79.59
23:23:24,14,8.08,0.00,7.07,0.00,0.00,2.02,0.00,0.00,0.00,82.83
23:23:24,15,7.07,0.00,7.07,0.00,0.00,3.03,0.00,0.00,0.00,82.83
23:23:25,4,0.00,0.00,0.00,0.00,0.00,0.00,0.00,0.00,0.00,100.00
23:23:25,5,1.01,0.00,2.02,0.00,0.00,0.00,0.00,0.00,0.00,96.97
23:23:25,6,1.00,0.00,0.00,0.00,0.00,1.00,0.00,0.00,0.00,98.00
23:23:25,7,0.00,0.00,1.00,0.00,0.00,1.00,0.00,0.00,0.00,98.00
23:23:25,12,1.00,0.00,1.00,0.00,0.00,0.00,0.00,0.00,0.00,98.00
23:23:25,13,1.00,0.00,1.00,0.00,0.00,0.00,0.00,0.00,0.00,98.00
23:23:25,14,1.00,0.00,1.00,0.00,0.00,0.00,0.00,0.00,0.00,98.00
23:23:25,15,1.01,0.00,0.00,0.00,0.00,0.00,0.00,0.00,0.00,98.99
