05:15:08,CPU,%usr,%nice,%sys,%iowait,%irq,%soft,%steal,%guest,%gnice,%idle
05:15:09,4,13.00,0.00,9.00,0.00,0.00,2.00,0.00,0.00,0.00,76.00
05:15:09,5,16.00,0.00,13.00,0.00,0.00,3.00,0.00,0.00,0.00,68.00
05:15:09,6,8.91,0.00,8.91,0.00,0.00,2.97,0.00,0.00,0.00,79.21
05:15:09,7,10.78,0.00,7.84,0.00,0.00,2.94,0.00,0.00,0.00,78.43
05:15:09,12,11.76,0.00,8.82,0.00,0.00,1.96,0.00,0.00,0.00,77.45
05:15:09,13,13.00,0.00,10.00,0.00,0.00,2.00,0.00,0.00,0.00,75.00
05:15:09,14,8.00,0.00,9.00,0.00,0.00,2.00,0.00,0.00,0.00,81.00
05:15:09,15,9.80,0.00,7.84,0.00,0.00,2.94,0.00,0.00,0.00,79.41
05:15:10,4,19.63,0.00,16.82,0.00,0.00,7.48,0.00,0.00,0.00,56.07
05:15:10,5,21.36,0.00,14.56,0.00,0.00,6.80,0.00,0.00,0.00,57.28
05:15:10,6,21.36,0.00,14.56,0.00,0.00,5.83,0.00,0.00,0.00,58.25
05:15:10,7,21.70,0.00,16.04,0.00,0.00,5.66,0.00,0.00,0.00,56.60
05:15:10,12,20.75,0.00,16.98,0.00,0.00,6.60,0.00,0.00,0.00,55.66
05:15:10,13,21.15,0.00,17.31,0.00,0.00,4.81,0.00,0.00,0.00,56.73
05:15:10,14,21.70,0.00,15.09,0.00,0.00,6.60,0.00,0.00,0.00,56.60
05:15:10,15,20.75,0.00,16.04,0.00,0.00,5.66,0.00,0.00,0.00,57.55
05:15:11,4,20.39,0.00,16.50,0.00,0.00,5.83,0.00,0.00,0.00,57.28
05:15:11,5,22.12,0.00,16.35,0.00,0.00,5.77,0.00,0.00,0.00,55.77
05:15:11,6,20.00,0.00,16.19,0.00,0.00,7.62,0.00,0.00,0.00,56.19
05:15:11,7,21.36,0.00,14.56,0.00,0.00,5.83,0.00,0.00,0.00,58.25
05:15:11,12,20.95,0.00,17.14,0.00,0.00,5.71,0.00,0.00,0.00,56.19
05:15:11,13,23.08,0.00,16.35,0.00,0.00,7.69,0.00,0.00,0.00,52.88
05:15:11,14,21.90,0.00,15.24,0.00,0.00,6.67,0.00,0.00,0.00,56.19
05:15:11,15,21.90,0.00,16.19,0.00,0.00,4.76,0.00,0.00,0.00,57.14
05:15:12,4,20.39,0.00,14.56,0.00,0.00,7.77,0.00,0.00,0.00,57.28
05:15:12,5,20.19,0.00,16.35,0.00,0.00,6.73,0.00,0.00,0.00,56.73
05:15:12,6,18.45,0.00,16.50,0.00,0.00,6.80,0.00,0.00,0.00,58.25
05:15:12,7,19.05,0.00,15.24,0.00,0.00,7.62,0.00,0.00,0.00,58.10
05:15:12,12,21.90,0.00,16.19,0.00,0.00,5.71,0.00,0.00,0.00,56.19
05:15:12,13,21.15,0.00,16.35,0.00,0.00,6.73,0.00,0.00,0.00,55.77
05:15:12,14,21.15,0.00,15.38,0.00,0.00,5.77,0.00,0.00,0.00,57.69
05:15:12,15,20.95,0.00,16.19,0.00,0.00,5.71,0.00,0.00,0.00,57.14
05:15:13,4,20.79,0.00,13.86,0.00,0.00,6.93,0.00,0.00,0.00,58.42
05:15:13,5,20.19,0.00,17.31,0.00,0.00,6.73,0.00,0.00,0.00,55.77
05:15:13,6,20.00,0.00,16.19,0.00,0.00,6.67,0.00,0.00,0.00,57.14
05:15:13,7,21.90,0.00,15.24,0.00,0.00,5.71,0.00,0.00,0.00,57.14
05:15:13,12,21.57,0.00,14.71,0.00,0.00,5.88,0.00,0.00,0.00,57.84
05:15:13,13,18.63,0.00,16.67,0.00,0.00,6.86,0.00,0.00,0.00,57.84
05:15:13,14,19.42,0.00,16.50,0.00,0.00,5.83,0.00,0.00,0.00,58.25
05:15:13,15,20.19,0.00,15.38,0.00,0.00,6.73,0.00,0.00,0.00,57.69
05:15:14,4,21.36,0.00,14.56,0.00,0.00,6.80,0.00,0.00,0.00,57.28
05:15:14,5,19.05,0.00,18.10,0.95,0.00,6.67,0.00,0.00,0.00,55.24
05:15:14,6,22.43,0.00,15.89,0.00,0.00,6.54,0.00,0.00,0.00,55.14
05:15:14,7,19.05,0.00,16.19,0.00,0.00,6.67,0.00,0.00,0.00,58.10
05:15:14,12,21.70,0.00,16.04,0.00,0.00,6.60,0.00,0.00,0.00,55.66
05:15:14,13,21.70,0.00,16.98,0.00,0.00,6.60,0.00,0.00,0.00,54.72
05:15:14,14,20.19,0.00,16.35,0.00,0.00,6.73,0.00,0.00,0.00,56.73
05:15:14,15,20.39,0.00,14.56,0.00,0.00,5.83,0.00,0.00,0.00,59.22
05:15:15,4,20.19,0.00,16.35,0.00,0.00,5.77,0.00,0.00,0.00,57.69
05:15:15,5,19.00,0.00,15.00,0.00,0.00,7.00,0.00,0.00,0.00,59.00
05:15:15,6,20.59,0.00,14.71,0.00,0.00,4.90,0.00,0.00,0.00,59.80
05:15:15,7,17.65,0.00,17.65,0.00,0.00,5.88,0.00,0.00,0.00,58.82
05:15:15,12,19.61,0.00,15.69,0.00,0.00,6.86,0.00,0.00,0.00,57.84
05:15:15,13,22.86,0.00,14.29,0.00,0.00,6.67,0.00,0.00,0.00,56.19
05:15:15,14,19.80,0.00,15.84,0.00,0.00,4.95,0.00,0.00,0.00,59.41
05:15:15,15,19.42,0.00,15.53,0.00,0.00,5.83,0.00,0.00,0.00,59.22
05:15:16,4,20.00,0.00,18.00,0.00,0.00,6.00,0.00,0.00,0.00,56.00
05:15:16,5,21.15,0.00,17.31,0.00,0.00,5.77,0.00,0.00,0.00,55.77
05:15:16,6,19.42,0.00,16.50,0.00,0.00,6.80,0.00,0.00,0.00,57.28
05:15:16,7,20.39,0.00,15.53,0.00,0.00,5.83,0.00,0.00,0.00,58.25
05:15:16,12,21.36,0.00,16.50,0.00,0.00,5.83,0.00,0.00,0.00,56.31
05:15:16,13,22.33,0.00,16.50,0.00,0.00,5.83,0.00,0.00,0.00,55.34
05:15:16,14,22.12,0.00,15.38,0.00,0.00,5.77,0.00,0.00,0.00,56.73
05:15:16,15,20.39,0.00,15.53,0.00,0.00,6.80,0.00,0.00,0.00,57.28
05:15:17,4,20.39,0.00,15.53,0.00,0.00,5.83,0.00,0.00,0.00,58.25
05:15:17,5,18.81,0.00,18.81,0.00,0.00,4.95,0.00,0.00,0.00,57.43
05:15:17,6,16.83,0.00,17.82,0.00,0.00,5.94,0.00,0.00,0.00,59.41
05:15:17,7,17.65,0.00,17.65,0.00,0.00,4.90,0.00,0.00,0.00,59.80
05:15:17,12,20.39,0.00,14.56,0.00,0.00,6.80,0.00,0.00,0.00,58.25
05:15:17,13,20.79,0.00,15.84,0.00,0.00,4.95,0.00,0.00,0.00,58.42
05:15:17,14,17.65,0.00,16.67,0.00,0.00,6.86,0.00,0.00,0.00,58.82
05:15:17,15,18.81,0.00,15.84,0.00,0.00,4.95,0.00,0.00,0.00,60.40
05:15:18,4,18.63,0.00,15.69,0.00,0.00,6.86,0.00,0.00,0.00,58.82
05:15:18,5,20.39,0.00,16.50,0.00,0.00,5.83,0.00,0.00,0.00,57.28
05:15:18,6,21.15,0.00,14.42,0.00,0.00,5.77,0.00,0.00,0.00,58.65
05:15:18,7,20.19,0.00,15.38,0.00,0.00,5.77,0.00,0.00,0.00,58.65
05:15:18,12,19.61,0.00,16.67,0.00,0.00,4.90,0.00,0.00,0.00,58.82
05:15:18,13,22.33,0.00,13.59,0.00,0.00,5.83,0.00,0.00,0.00,58.25
05:15:18,14,19.81,0.00,15.09,0.00,0.00,7.55,0.00,0.00,0.00,57.55
05:15:18,15,20.00,0.00,15.24,0.00,0.00,5.71,0.00,0.00,0.00,59.05
05:15:19,4,21.15,0.00,14.42,0.00,0.00,6.73,0.00,0.00,0.00,57.69
05:15:19,5,20.19,0.00,17.31,0.00,0.00,5.77,0.00,0.00,0.00,56.73
05:15:19,6,20.19,0.00,16.35,0.00,0.00,6.73,0.00,0.00,0.00,56.73
05:15:19,7,22.12,0.00,13.46,0.00,0.00,5.77,0.00,0.00,0.00,58.65
05:15:19,12,20.95,0.00,15.24,0.00,0.00,7.62,0.00,0.00,0.00,56.19
05:15:19,13,19.42,0.00,17.48,0.00,0.00,5.83,0.00,0.00,0.00,57.28
05:15:19,14,19.42,0.00,16.50,0.00,0.00,5.83,0.00,0.00,0.00,58.25
05:15:19,15,21.15,0.00,14.42,0.00,0.00,6.73,0.00,0.00,0.00,57.69
05:15:20,4,19.61,0.00,17.65,0.00,0.00,4.90,0.00,0.00,0.00,57.84
05:15:20,5,20.00,0.00,16.19,0.00,0.00,7.62,0.00,0.00,0.00,56.19
05:15:20,6,19.23,0.00,15.38,0.00,0.00,6.73,0.00,0.00,0.00,58.65
05:15:20,7,19.23,0.00,16.35,0.00,0.00,5.77,0.00,0.00,0.00,58.65
05:15:20,12,20.59,0.00,14.71,0.00,0.00,5.88,0.00,0.00,0.00,58.82
05:15:20,13,23.08,0.00,14.42,0.00,0.00,5.77,0.00,0.00,0.00,56.73
05:15:20,14,18.10,0.00,18.10,0.00,0.00,6.67,0.00,0.00,0.00,57.14
05:15:20,15,20.39,0.00,15.53,0.00,0.00,4.85,0.00,0.00,0.00,59.22
05:15:21,4,21.15,0.00,15.38,0.00,0.00,6.73,0.00,0.00,0.00,56.73
05:15:21,5,21.36,0.00,16.50,0.00,0.00,6.80,0.00,0.00,0.00,55.34
05:15:21,6,19.61,0.00,16.67,0.00,0.00,6.86,0.00,0.00,0.00,56.86
05:15:21,7,21.36,0.00,15.53,0.00,0.00,5.83,0.00,0.00,0.00,57.28
05:15:21,12,22.12,0.00,17.31,0.00,0.00,5.77,0.00,0.00,0.00,54.81
05:15:21,13,20.19,0.00,17.31,0.00,0.00,5.77,0.00,0.00,0.00,56.73
05:15:21,14,20.19,0.00,14.42,0.00,0.00,7.69,0.00,0.00,0.00,57.69
05:15:21,15,20.75,0.00,16.04,0.00,0.00,6.60,0.00,0.00,0.00,56.60
05:15:22,4,20.79,0.00,15.84,0.00,0.00,4.95,0.00,0.00,0.00,58.42
05:15:22,5,19.61,0.00,16.67,0.00,0.00,6.86,0.00,0.00,0.00,56.86
05:15:22,6,19.23,0.00,17.31,0.00,0.00,5.77,0.00,0.00,0.00,57.69
05:15:22,7,17.14,0.00,16.19,0.00,0.00,8.57,0.00,0.00,0.00,58.10
05:15:22,12,19.42,0.00,17.48,0.00,0.00,5.83,0.00,0.00,0.00,57.28
05:15:22,13,20.39,0.00,15.53,0.00,0.00,6.80,0.00,0.00,0.00,57.28
05:15:22,14,19.42,0.00,15.53,0.00,0.00,6.80,0.00,0.00,0.00,58.25
05:15:22,15,20.59,0.00,13.73,0.00,0.00,5.88,0.00,0.00,0.00,59.80
05:15:23,4,19.42,0.00,17.48,0.00,0.00,5.83,0.00,0.00,0.00,57.28
05:15:23,5,20.39,0.00,15.53,0.00,0.00,6.80,0.00,0.00,0.00,57.28
05:15:23,6,20.19,0.00,16.35,0.00,0.00,5.77,0.00,0.00,0.00,57.69
05:15:23,7,18.63,0.00,15.69,0.00,0.00,5.88,0.00,0.00,0.00,59.80
05:15:23,12,19.42,0.00,15.53,0.00,0.00,6.80,0.00,0.00,0.00,58.25
05:15:23,13,21.36,0.00,16.50,0.00,0.00,5.83,0.00,0.00,0.00,56.31
05:15:23,14,19.05,0.00,16.19,0.00,0.00,6.67,0.00,0.00,0.00,58.10
05:15:23,15,19.23,0.00,17.31,0.00,0.00,4.81,0.00,0.00,0.00,58.65
05:15:24,4,22.86,0.00,15.24,0.00,0.00,5.71,0.00,0.00,0.00,56.19
05:15:24,5,20.75,0.00,15.09,0.00,0.00,8.49,0.00,0.00,0.00,55.66
05:15:24,6,20.39,0.00,14.56,0.00,0.00,7.77,0.00,0.00,0.00,57.28
05:15:24,7,17.92,0.00,16.98,0.00,0.00,7.55,0.00,0.00,0.00,57.55
05:15:24,12,19.05,0.00,17.14,0.00,0.00,7.62,0.00,0.00,0.00,56.19
05:15:24,13,19.23,0.00,16.35,0.00,0.00,7.69,0.00,0.00,0.00,56.73
05:15:24,14,22.12,0.00,15.38,0.00,0.00,4.81,0.00,0.00,0.00,57.69
05:15:24,15,21.90,0.00,15.24,0.00,0.00,5.71,0.00,0.00,0.00,57.14
05:15:25,4,17.65,0.00,16.67,0.00,0.00,6.86,0.00,0.00,0.00,58.82
05:15:25,5,20.59,0.00,16.67,0.00,0.00,4.90,0.00,0.00,0.00,57.84
05:15:25,6,18.27,0.00,16.35,0.00,0.00,6.73,0.00,0.00,0.00,58.65
05:15:25,7,18.27,0.00,17.31,0.00,0.00,6.73,0.00,0.00,0.00,57.69
05:15:25,12,20.59,0.00,13.73,0.00,0.00,7.84,0.00,0.00,0.00,57.84
05:15:25,13,21.15,0.00,17.31,0.00,0.00,5.77,0.00,0.00,0.00,55.77
05:15:25,14,20.59,0.00,14.71,0.00,0.00,5.88,0.00,0.00,0.00,58.82
05:15:25,15,18.87,0.00,16.04,0.00,0.00,7.55,0.00,0.00,0.00,57.55
05:15:26,4,20.59,0.00,16.67,0.00,0.00,5.88,0.00,0.00,0.00,56.86
05:15:26,5,20.19,0.00,18.27,0.00,0.00,5.77,0.00,0.00,0.00,55.77
05:15:26,6,18.45,0.00,17.48,0.00,0.00,6.80,0.00,0.00,0.00,57.28
05:15:26,7,20.39,0.00,15.53,0.00,0.00,6.80,0.00,0.00,0.00,57.28
05:15:26,12,22.12,0.00,17.31,0.00,0.00,4.81,0.00,0.00,0.00,55.77
05:15:26,13,25.74,0.00,15.84,0.00,0.00,5.94,0.00,0.00,0.00,52.48
05:15:26,14,19.42,0.00,16.50,0.00,0.00,6.80,0.00,0.00,0.00,57.28
05:15:26,15,21.36,0.00,16.50,0.00,0.00,4.85,0.00,0.00,0.00,57.28
05:15:27,4,21.15,0.00,14.42,0.00,0.00,6.73,0.00,0.00,0.00,57.69
05:15:27,5,19.61,0.00,16.67,0.00,0.00,6.86,0.00,0.00,0.00,56.86
05:15:27,6,17.82,0.00,13.86,0.00,0.00,7.92,0.00,0.00,0.00,60.40
05:15:27,7,18.63,0.00,14.71,0.00,0.00,6.86,0.00,0.00,0.00,59.80
05:15:27,12,20.19,0.00,16.35,0.00,0.00,6.73,0.00,0.00,0.00,56.73
05:15:27,13,18.45,0.00,17.48,0.00,0.00,5.83,0.00,0.00,0.00,58.25
05:15:27,14,18.63,0.00,16.67,0.00,0.00,5.88,0.00,0.00,0.00,58.82
05:15:27,15,18.27,0.00,16.35,0.00,0.00,6.73,0.00,0.00,0.00,58.65
05:15:28,4,20.59,0.00,14.71,0.00,0.00,6.86,0.00,0.00,0.00,57.84
05:15:28,5,18.63,0.00,17.65,0.00,0.00,5.88,0.00,0.00,0.00,57.84
05:15:28,6,21.36,0.00,14.56,0.00,0.00,5.83,0.00,0.00,0.00,58.25
05:15:28,7,18.63,0.00,16.67,0.00,0.00,4.90,0.00,0.00,0.00,59.80
05:15:28,12,20.00,0.00,16.19,0.00,0.00,6.67,0.00,0.00,0.00,57.14
05:15:28,13,19.61,0.00,16.67,0.00,0.00,6.86,0.00,0.00,0.00,56.86
05:15:28,14,20.39,0.00,16.50,0.00,0.00,5.83,0.00,0.00,0.00,57.28
05:15:28,15,19.23,0.00,16.35,0.00,0.00,5.77,0.00,0.00,0.00,58.65
05:15:29,4,18.45,0.00,16.50,0.00,0.00,6.80,0.00,0.00,0.00,58.25
05:15:29,5,20.19,0.00,16.35,0.00,0.00,5.77,0.00,0.00,0.00,57.69
05:15:29,6,19.23,0.00,14.42,0.00,0.00,7.69,0.00,0.00,0.00,58.65
05:15:29,7,19.23,0.00,16.35,0.00,0.00,5.77,0.00,0.00,0.00,58.65
05:15:29,12,19.61,0.00,15.69,0.00,0.00,5.88,0.00,0.00,0.00,58.82
05:15:29,13,19.42,0.00,14.56,0.00,0.00,7.77,0.00,0.00,0.00,58.25
05:15:29,14,18.45,0.00,15.53,0.00,0.00,6.80,0.00,0.00,0.00,59.22
05:15:29,15,17.48,0.00,16.50,0.00,0.00,6.80,0.00,0.00,0.00,59.22
05:15:30,4,20.59,0.00,15.69,0.00,0.00,4.90,0.00,0.00,0.00,58.82
05:15:30,5,19.42,0.00,16.50,0.00,0.00,5.83,0.00,0.00,0.00,58.25
05:15:30,6,21.15,0.00,14.42,0.00,0.00,5.77,0.00,0.00,0.00,58.65
05:15:30,7,19.23,0.00,17.31,0.00,0.00,4.81,0.00,0.00,0.00,58.65
05:15:30,12,18.10,0.00,17.14,0.00,0.00,6.67,0.00,0.00,0.00,58.10
05:15:30,13,20.19,0.00,17.31,0.00,0.00,5.77,0.00,0.00,0.00,56.73
05:15:30,14,19.05,0.00,15.24,0.00,0.00,7.62,0.00,0.00,0.00,58.10
05:15:30,15,18.45,0.00,16.50,0.00,0.00,5.83,0.00,0.00,0.00,59.22
05:15:31,4,20.59,0.00,15.69,0.00,0.00,5.88,0.00,0.00,0.00,57.84
05:15:31,5,21.36,0.00,15.53,0.00,0.00,6.80,0.00,0.00,0.00,56.31
05:15:31,6,20.00,0.00,16.19,0.00,0.00,7.62,0.00,0.00,0.00,56.19
05:15:31,7,19.42,0.00,15.53,0.00,0.00,6.80,0.00,0.00,0.00,58.25
05:15:31,12,19.42,0.00,16.50,0.00,0.00,6.80,0.00,0.00,0.00,57.28
05:15:31,13,23.30,0.00,16.50,0.00,0.00,6.80,0.00,0.00,0.00,53.40
05:15:31,14,21.15,0.00,15.38,0.00,0.00,6.73,0.00,0.00,0.00,56.73
05:15:31,15,19.42,0.00,15.53,0.00,0.00,5.83,0.00,0.00,0.00,59.22
05:15:32,4,20.19,0.00,16.35,0.00,0.00,6.73,0.00,0.00,0.00,56.73
05:15:32,5,20.00,0.00,16.19,0.00,0.00,7.62,0.00,0.00,0.00,56.19
05:15:32,6,20.19,0.00,16.35,0.00,0.00,5.77,0.00,0.00,0.00,57.69
05:15:32,7,19.23,0.00,15.38,0.00,0.00,6.73,0.00,0.00,0.00,58.65
05:15:32,12,20.19,0.00,16.35,0.00,0.00,6.73,0.00,0.00,0.00,56.73
05:15:32,13,18.45,0.00,15.53,0.00,0.00,8.74,0.00,0.00,0.00,57.28
05:15:32,14,19.42,0.00,17.48,0.00,0.00,4.85,0.00,0.00,0.00,58.25
05:15:32,15,20.95,0.00,14.29,0.00,0.00,7.62,0.00,0.00,0.00,57.14
05:15:33,4,18.81,0.00,14.85,0.00,0.00,6.93,0.00,0.00,0.00,59.41
05:15:33,5,21.57,0.00,14.71,0.00,0.00,5.88,0.00,0.00,0.00,57.84
05:15:33,6,18.63,0.00,16.67,0.00,0.00,5.88,0.00,0.00,0.00,58.82
05:15:33,7,18.27,0.00,16.35,0.00,0.00,6.73,0.00,0.00,0.00,58.65
05:15:33,12,18.63,0.00,15.69,0.00,0.00,6.86,0.00,0.00,0.00,58.82
05:15:33,13,19.61,0.00,15.69,0.00,0.00,5.88,0.00,0.00,0.00,58.82
05:15:33,14,19.42,0.00,15.53,0.00,0.00,6.80,0.00,0.00,0.00,58.25
05:15:33,15,18.45,0.00,17.48,0.00,0.00,4.85,0.00,0.00,0.00,59.22
05:15:34,4,21.36,0.00,16.50,0.00,0.00,4.85,0.00,0.00,0.00,57.28
05:15:34,5,18.81,0.00,16.83,0.00,0.00,6.93,0.00,0.00,0.00,57.43
05:15:34,6,20.39,0.00,14.56,0.00,0.00,6.80,0.00,0.00,0.00,58.25
05:15:34,7,22.12,0.00,13.46,0.00,0.00,5.77,0.00,0.00,0.00,58.65
05:15:34,12,18.45,0.00,17.48,0.00,0.00,6.80,0.00,0.00,0.00,57.28
05:15:34,13,18.81,0.00,17.82,0.00,0.00,5.94,0.00,0.00,0.00,57.43
05:15:34,14,19.42,0.00,17.48,0.00,0.00,5.83,0.00,0.00,0.00,57.28
05:15:34,15,19.42,0.00,16.50,0.00,0.00,5.83,0.00,0.00,0.00,58.25
05:15:35,4,19.80,0.00,14.85,0.00,0.00,6.93,0.00,0.00,0.00,58.42
05:15:35,5,19.80,0.00,13.86,0.00,0.00,7.92,0.00,0.00,0.00,58.42
05:15:35,6,19.61,0.00,14.71,0.00,0.00,6.86,0.00,0.00,0.00,58.82
05:15:35,7,19.61,0.00,14.71,0.00,0.00,6.86,0.00,0.00,0.00,58.82
05:15:35,12,19.80,0.00,15.84,0.00,0.00,6.93,0.00,0.00,0.00,57.43
05:15:35,13,19.61,0.00,15.69,0.00,0.00,6.86,0.00,0.00,0.00,57.84
05:15:35,14,20.19,0.00,16.35,0.00,0.00,5.77,0.00,0.00,0.00,57.69
05:15:35,15,19.61,0.00,15.69,0.00,0.00,4.90,0.00,0.00,0.00,59.80
05:15:36,4,21.36,0.00,15.53,0.00,0.00,6.80,0.00,0.00,0.00,56.31
05:15:36,5,21.57,0.00,16.67,0.00,0.00,5.88,0.00,0.00,0.00,55.88
05:15:36,6,20.39,0.00,16.50,0.00,0.00,5.83,0.00,0.00,0.00,57.28
05:15:36,7,20.95,0.00,16.19,0.00,0.00,5.71,0.00,0.00,0.00,57.14
05:15:36,12,23.08,0.00,14.42,0.00,0.00,5.77,0.00,0.00,0.00,56.73
05:15:36,13,23.08,0.00,15.38,0.96,0.00,6.73,0.00,0.00,0.00,53.85
05:15:36,14,19.05,0.00,16.19,0.00,0.00,7.62,0.00,0.00,0.00,57.14
05:15:36,15,19.61,0.00,16.67,0.00,0.00,5.88,0.00,0.00,0.00,57.84
05:15:37,4,21.15,0.00,15.38,0.00,0.00,6.73,0.00,0.00,0.00,56.73
05:15:37,5,20.39,0.00,17.48,0.00,0.00,5.83,0.00,0.00,0.00,56.31
05:15:37,6,21.36,0.00,15.53,0.00,0.00,4.85,0.00,0.00,0.00,58.25
05:15:37,7,19.61,0.00,16.67,0.00,0.00,5.88,0.00,0.00,0.00,57.84
05:15:37,12,20.95,0.00,15.24,0.00,0.00,7.62,0.00,0.00,0.00,56.19
05:15:37,13,18.45,0.00,19.42,0.00,0.00,5.83,0.00,0.00,0.00,56.31
05:15:37,14,21.57,0.00,15.69,0.00,0.00,4.90,0.00,0.00,0.00,57.84
05:15:37,15,19.42,0.00,16.50,0.00,0.00,5.83,0.00,0.00,0.00,58.25
05:15:38,4,20.95,0.00,16.19,0.00,0.00,5.71,0.00,0.00,0.00,57.14
05:15:38,5,19.42,0.00,17.48,0.00,0.00,5.83,0.00,0.00,0.00,57.28
05:15:38,6,19.81,0.00,16.98,0.00,0.00,6.60,0.00,0.00,0.00,56.60
05:15:38,7,20.75,0.00,16.04,0.00,0.00,5.66,0.00,0.00,0.00,57.55
05:15:38,12,21.70,0.00,16.98,0.00,0.00,5.66,0.00,0.00,0.00,55.66
05:15:38,13,20.39,0.00,16.50,0.00,0.00,6.80,0.00,0.00,0.00,56.31
05:15:38,14,20.95,0.00,15.24,0.00,0.00,6.67,0.00,0.00,0.00,57.14
05:15:38,15,20.95,0.00,15.24,0.00,0.00,6.67,0.00,0.00,0.00,57.14
05:15:39,4,18.27,0.00,17.31,0.00,0.00,7.69,0.00,0.00,0.00,56.73
05:15:39,5,20.59,0.00,15.69,0.00,0.00,5.88,0.00,0.00,0.00,57.84
05:15:39,6,18.45,0.00,16.50,0.00,0.00,6.80,0.00,0.00,0.00,58.25
05:15:39,7,19.23,0.00,15.38,0.00,0.00,6.73,0.00,0.00,0.00,58.65
05:15:39,12,18.63,0.00,14.71,0.00,0.00,7.84,0.00,0.00,0.00,58.82
05:15:39,13,21.15,0.00,15.38,0.00,0.00,6.73,0.00,0.00,0.00,56.73
05:15:39,14,20.39,0.00,15.53,0.00,0.00,6.80,0.00,0.00,0.00,57.28
05:15:39,15,18.27,0.00,16.35,0.00,0.00,6.73,0.00,0.00,0.00,58.65
05:15:40,4,18.27,0.00,17.31,0.00,0.00,7.69,0.00,0.00,0.00,56.73
05:15:40,5,20.19,0.00,17.31,0.00,0.00,5.77,0.00,0.00,0.00,56.73
05:15:40,6,19.23,0.00,17.31,0.00,0.00,5.77,0.00,0.00,0.00,57.69
05:15:40,7,21.15,0.00,13.46,0.00,0.00,6.73,0.00,0.00,0.00,58.65
05:15:40,12,19.05,0.00,18.10,0.00,0.00,6.67,0.00,0.00,0.00,56.19
05:15:40,13,19.23,0.00,16.35,0.00,0.00,6.73,0.00,0.00,0.00,57.69
05:15:40,14,20.75,0.00,15.09,0.00,0.00,7.55,0.00,0.00,0.00,56.60
05:15:40,15,21.90,0.00,14.29,0.00,0.00,5.71,0.00,0.00,0.00,58.10
05:15:41,4,19.23,0.00,16.35,0.00,0.00,7.69,0.00,0.00,0.00,56.73
05:15:41,5,19.61,0.00,15.69,1.96,0.00,6.86,0.00,0.00,0.00,55.88
05:15:41,6,20.19,0.00,15.38,0.00,0.00,6.73,0.00,0.00,0.00,57.69
05:15:41,7,20.39,0.00,14.56,0.00,0.00,6.80,0.00,0.00,0.00,58.25
05:15:41,12,18.81,0.00,16.83,0.00,0.00,5.94,0.00,0.00,0.00,58.42
05:15:41,13,20.19,0.00,17.31,0.00,0.00,6.73,0.00,0.00,0.00,55.77
05:15:41,14,19.61,0.00,16.67,0.00,0.00,4.90,0.00,0.00,0.00,58.82
05:15:41,15,19.23,0.00,15.38,0.00,0.00,6.73,0.00,0.00,0.00,58.65
05:15:42,4,20.39,0.00,16.50,0.00,0.00,5.83,0.00,0.00,0.00,57.28
05:15:42,5,20.79,0.00,17.82,0.00,0.00,4.95,0.00,0.00,0.00,56.44
05:15:42,6,16.83,0.00,17.82,0.00,0.00,6.93,0.00,0.00,0.00,58.42
05:15:42,7,18.45,0.00,18.45,0.00,0.00,4.85,0.00,0.00,0.00,58.25
05:15:42,12,19.61,0.00,16.67,0.00,0.00,5.88,0.00,0.00,0.00,57.84
05:15:42,13,23.30,0.00,16.50,0.97,0.00,5.83,0.00,0.00,0.00,53.40
05:15:42,14,20.39,0.00,16.50,0.00,0.00,4.85,0.00,0.00,0.00,58.25
05:15:42,15,19.42,0.00,15.53,0.00,0.00,6.80,0.00,0.00,0.00,58.25
05:15:43,4,18.27,0.00,16.35,0.00,0.00,7.69,0.00,0.00,0.00,57.69
05:15:43,5,21.15,0.00,16.35,0.00,0.00,5.77,0.00,0.00,0.00,56.73
05:15:43,6,20.19,0.00,14.42,0.00,0.00,6.73,0.00,0.00,0.00,58.65
05:15:43,7,20.75,0.00,15.09,0.00,0.00,6.60,0.00,0.00,0.00,57.55
05:15:43,12,21.70,0.00,15.09,0.00,0.00,6.60,0.00,0.00,0.00,56.60
05:15:43,13,18.45,0.00,16.50,0.00,0.00,6.80,0.00,0.00,0.00,58.25
05:15:43,14,18.45,0.00,17.48,0.00,0.00,5.83,0.00,0.00,0.00,58.25
05:15:43,15,20.56,0.00,15.89,0.00,0.00,6.54,0.00,0.00,0.00,57.01
05:15:44,4,18.63,0.00,17.65,0.00,0.00,5.88,0.00,0.00,0.00,57.84
05:15:44,5,20.39,0.00,16.50,0.00,0.00,5.83,0.00,0.00,0.00,57.28
05:15:44,6,18.45,0.00,17.48,0.00,0.00,5.83,0.00,0.00,0.00,58.25
05:15:44,7,21.36,0.00,13.59,0.00,0.00,5.83,0.00,0.00,0.00,59.22
05:15:44,12,20.59,0.00,15.69,0.00,0.00,5.88,0.00,0.00,0.00,57.84
05:15:44,13,20.19,0.00,16.35,0.00,0.00,6.73,0.00,0.00,0.00,56.73
05:15:44,14,20.59,0.00,14.71,0.00,0.00,5.88,0.00,0.00,0.00,58.82
05:15:44,15,19.42,0.00,16.50,0.00,0.00,5.83,0.00,0.00,0.00,58.25
05:15:45,4,20.39,0.00,16.50,0.00,0.00,4.85,0.00,0.00,0.00,58.25
05:15:45,5,18.45,0.00,16.50,0.00,0.00,6.80,0.00,0.00,0.00,58.25
05:15:45,6,20.19,0.00,15.38,0.00,0.00,6.73,0.00,0.00,0.00,57.69
05:15:45,7,19.23,0.00,17.31,0.00,0.00,4.81,0.00,0.00,0.00,58.65
05:15:45,12,18.45,0.00,17.48,0.00,0.00,5.83,0.00,0.00,0.00,58.25
05:15:45,13,17.48,0.00,17.48,0.00,0.00,6.80,0.00,0.00,0.00,58.25
05:15:45,14,19.05,0.00,16.19,0.00,0.00,7.62,0.00,0.00,0.00,57.14
05:15:45,15,16.67,0.00,15.69,0.00,0.00,7.84,0.00,0.00,0.00,59.80
05:15:46,4,19.61,0.00,14.71,0.00,0.00,7.84,0.00,0.00,0.00,57.84
05:15:46,5,19.61,0.00,16.67,0.00,0.00,4.90,0.00,0.00,0.00,58.82
05:15:46,6,17.65,0.00,16.67,0.00,0.00,5.88,0.00,0.00,0.00,59.80
05:15:46,7,18.63,0.00,15.69,0.00,0.00,5.88,0.00,0.00,0.00,59.80
05:15:46,12,20.19,0.00,16.35,0.00,0.00,5.77,0.00,0.00,0.00,57.69
05:15:46,13,19.61,0.00,16.67,0.00,0.00,5.88,0.00,0.00,0.00,57.84
05:15:46,14,19.80,0.00,14.85,0.00,0.00,5.94,0.00,0.00,0.00,59.41
05:15:46,15,18.45,0.00,17.48,0.00,0.00,4.85,0.00,0.00,0.00,59.22
05:15:47,4,20.59,0.00,16.67,0.00,0.00,4.90,0.00,0.00,0.00,57.84
05:15:47,5,19.80,0.00,17.82,0.00,0.00,6.93,0.00,0.00,0.00,55.45
05:15:47,6,19.42,0.00,16.50,0.00,0.00,6.80,0.00,0.00,0.00,57.28
05:15:47,7,19.42,0.00,14.56,0.00,0.00,7.77,0.00,0.00,0.00,58.25
05:15:47,12,22.12,0.00,16.35,0.00,0.00,4.81,0.00,0.00,0.00,56.73
05:15:47,13,22.12,0.00,15.38,0.00,0.00,6.73,0.00,0.00,0.00,55.77
05:15:47,14,21.15,0.00,15.38,0.00,0.00,5.77,0.00,0.00,0.00,57.69
05:15:47,15,19.42,0.00,15.53,0.00,0.00,6.80,0.00,0.00,0.00,58.25
05:15:48,4,20.00,0.00,16.19,0.00,0.00,6.67,0.00,0.00,0.00,57.14
05:15:48,5,21.15,0.00,14.42,0.00,0.00,6.73,0.00,0.00,0.00,57.69
05:15:48,6,19.23,0.00,15.38,0.00,0.00,6.73,0.00,0.00,0.00,58.65
05:15:48,7,19.23,0.00,15.38,0.00,0.00,5.77,0.00,0.00,0.00,59.62
05:15:48,12,20.39,0.00,15.53,0.00,0.00,4.85,0.00,0.00,0.00,59.22
05:15:48,13,19.42,0.00,17.48,0.00,0.00,5.83,0.00,0.00,0.00,57.28
05:15:48,14,19.05,0.00,17.14,0.00,0.00,6.67,0.00,0.00,0.00,57.14
05:15:48,15,19.05,0.00,15.24,0.00,0.00,6.67,0.00,0.00,0.00,59.05
05:15:49,4,18.45,0.00,15.53,0.00,0.00,7.77,0.00,0.00,0.00,58.25
05:15:49,5,19.05,0.00,17.14,0.00,0.00,6.67,0.00,0.00,0.00,57.14
05:15:49,6,20.79,0.00,13.86,0.00,0.00,5.94,0.00,0.00,0.00,59.41
05:15:49,7,19.61,0.00,14.71,0.00,0.00,5.88,0.00,0.00,0.00,59.80
05:15:49,12,19.80,0.00,16.83,0.00,0.00,4.95,0.00,0.00,0.00,58.42
05:15:49,13,20.59,0.00,17.65,0.00,0.00,4.90,0.00,0.00,0.00,56.86
05:15:49,14,19.61,0.00,14.71,0.00,0.00,6.86,0.00,0.00,0.00,58.82
05:15:49,15,19.61,0.00,15.69,0.00,0.00,4.90,0.00,0.00,0.00,59.80
05:15:50,4,20.19,0.00,15.38,0.00,0.00,6.73,0.00,0.00,0.00,57.69
05:15:50,5,19.61,0.00,16.67,0.00,0.00,5.88,0.00,0.00,0.00,57.84
05:15:50,6,18.27,0.00,16.35,0.00,0.00,6.73,0.00,0.00,0.00,58.65
05:15:50,7,20.39,0.00,13.59,0.00,0.00,6.80,0.00,0.00,0.00,59.22
05:15:50,12,18.45,0.00,16.50,0.00,0.00,6.80,0.00,0.00,0.00,58.25
05:15:50,13,16.67,0.00,17.65,0.00,0.00,7.84,0.00,0.00,0.00,57.84
05:15:50,14,19.23,0.00,16.35,0.00,0.00,5.77,0.00,0.00,0.00,58.65
05:15:50,15,19.23,0.00,15.38,0.00,0.00,6.73,0.00,0.00,0.00,58.65
05:15:51,4,21.15,0.00,16.35,0.00,0.00,4.81,0.00,0.00,0.00,57.69
05:15:51,5,17.48,0.00,17.48,0.00,0.00,6.80,0.00,0.00,0.00,58.25
05:15:51,6,19.42,0.00,14.56,0.00,0.00,6.80,0.00,0.00,0.00,59.22
05:15:51,7,17.31,0.00,16.35,0.00,0.00,7.69,0.00,0.00,0.00,58.65
05:15:51,12,20.19,0.00,15.38,0.00,0.00,6.73,0.00,0.00,0.00,57.69
05:15:51,13,18.63,0.00,16.67,0.00,0.00,5.88,0.00,0.00,0.00,58.82
05:15:51,14,20.19,0.00,15.38,0.00,0.00,6.73,0.00,0.00,0.00,57.69
05:15:51,15,19.42,0.00,14.56,0.00,0.00,6.80,0.00,0.00,0.00,59.22
05:15:52,4,21.57,0.00,16.67,0.00,0.00,4.90,0.00,0.00,0.00,56.86
05:15:52,5,22.77,0.00,14.85,0.00,0.00,5.94,0.00,0.00,0.00,56.44
05:15:52,6,16.67,0.00,19.61,0.00,0.00,5.88,0.00,0.00,0.00,57.84
05:15:52,7,21.15,0.00,15.38,0.00,0.00,5.77,0.00,0.00,0.00,57.69
05:15:52,12,20.79,0.00,16.83,0.99,0.00,5.94,0.00,0.00,0.00,55.45
05:15:52,13,19.61,0.00,16.67,0.00,0.00,6.86,0.00,0.00,0.00,56.86
05:15:52,14,19.61,0.00,15.69,0.00,0.00,7.84,0.00,0.00,0.00,56.86
05:15:52,15,21.15,0.00,15.38,0.00,0.00,5.77,0.00,0.00,0.00,57.69
05:15:53,4,21.36,0.00,14.56,0.00,0.00,5.83,0.00,0.00,0.00,58.25
05:15:53,5,20.19,0.00,15.38,0.00,0.00,6.73,0.00,0.00,0.00,57.69
05:15:53,6,20.00,0.00,15.24,0.00,0.00,6.67,0.00,0.00,0.00,58.10
05:15:53,7,18.27,0.00,16.35,0.00,0.00,6.73,0.00,0.00,0.00,58.65
05:15:53,12,18.87,0.00,18.87,0.00,0.00,5.66,0.00,0.00,0.00,56.60
05:15:53,13,19.05,0.00,19.05,0.00,0.00,7.62,0.00,0.00,0.00,54.29
05:15:53,14,18.27,0.00,17.31,0.00,0.00,5.77,0.00,0.00,0.00,58.65
05:15:53,15,21.36,0.00,15.53,0.00,0.00,4.85,0.00,0.00,0.00,58.25
05:15:54,4,20.19,0.00,16.35,0.00,0.00,6.73,0.00,0.00,0.00,56.73
05:15:54,5,20.75,0.00,17.92,0.00,0.00,5.66,0.00,0.00,0.00,55.66
05:15:54,6,20.95,0.00,15.24,0.00,0.00,6.67,0.00,0.00,0.00,57.14
05:15:54,7,18.45,0.00,15.53,0.00,0.00,6.80,0.00,0.00,0.00,59.22
05:15:54,12,20.59,0.00,15.69,0.00,0.00,5.88,0.00,0.00,0.00,57.84
05:15:54,13,20.00,0.00,18.10,0.00,0.00,5.71,0.00,0.00,0.00,56.19
05:15:54,14,21.15,0.00,16.35,0.00,0.00,5.77,0.00,0.00,0.00,56.73
05:15:54,15,19.42,0.00,15.53,0.00,0.00,5.83,0.00,0.00,0.00,59.22
05:15:55,4,21.15,0.00,15.38,0.00,0.00,5.77,0.00,0.00,0.00,57.69
05:15:55,5,18.81,0.00,14.85,0.00,0.00,6.93,0.00,0.00,0.00,59.41
05:15:55,6,17.48,0.00,15.53,0.00,0.00,7.77,0.00,0.00,0.00,59.22
05:15:55,7,18.63,0.00,14.71,0.00,0.00,6.86,0.00,0.00,0.00,59.80
05:15:55,12,20.95,0.00,16.19,0.00,0.00,5.71,0.00,0.00,0.00,57.14
05:15:55,13,19.23,0.00,16.35,0.00,0.00,7.69,0.00,0.00,0.00,56.73
05:15:55,14,20.00,0.00,15.24,0.00,0.00,6.67,0.00,0.00,0.00,58.10
05:15:55,15,19.23,0.00,16.35,0.00,0.00,5.77,0.00,0.00,0.00,58.65
05:15:56,4,21.15,0.00,15.38,0.00,0.00,5.77,0.00,0.00,0.00,57.69
05:15:56,5,20.56,0.00,15.89,0.00,0.00,8.41,0.00,0.00,0.00,55.14
05:15:56,6,21.15,0.00,16.35,0.00,0.00,5.77,0.00,0.00,0.00,56.73
05:15:56,7,19.05,0.00,16.19,0.00,0.00,6.67,0.00,0.00,0.00,58.10
05:15:56,12,20.00,0.00,16.19,0.00,0.00,6.67,0.00,0.00,0.00,57.14
05:15:56,13,20.39,0.00,16.50,0.00,0.00,5.83,0.00,0.00,0.00,57.28
05:15:56,14,23.58,0.00,15.09,0.00,0.00,4.72,0.00,0.00,0.00,56.60
05:15:56,15,19.80,0.00,13.86,0.00,0.00,5.94,0.00,0.00,0.00,60.40
05:15:57,4,22.12,0.00,16.35,0.00,0.00,5.77,0.00,0.00,0.00,55.77
05:15:57,5,24.04,0.00,15.38,0.00,0.00,6.73,0.00,0.00,0.00,53.85
05:15:57,6,20.00,0.00,17.14,0.00,0.00,6.67,0.00,0.00,0.00,56.19
05:15:57,7,20.00,0.00,16.19,0.00,0.00,6.67,0.00,0.00,0.00,57.14
05:15:57,12,22.86,0.00,17.14,0.00,0.00,5.71,0.00,0.00,0.00,54.29
05:15:57,13,21.36,0.00,18.45,0.00,0.00,4.85,0.00,0.00,0.00,55.34
05:15:57,14,18.87,0.00,17.92,0.00,0.00,6.60,0.00,0.00,0.00,56.60
05:15:57,15,18.27,0.00,16.35,0.00,0.00,7.69,0.00,0.00,0.00,57.69
05:15:58,4,19.61,0.00,16.67,0.00,0.00,4.90,0.00,0.00,0.00,58.82
05:15:58,5,21.36,0.00,13.59,0.00,0.00,6.80,0.00,0.00,0.00,58.25
05:15:58,6,19.23,0.00,15.38,0.00,0.00,6.73,0.00,0.00,0.00,58.65
05:15:58,7,18.45,0.00,16.50,0.00,0.00,5.83,0.00,0.00,0.00,59.22
05:15:58,12,18.45,0.00,18.45,0.00,0.00,4.85,0.00,0.00,0.00,58.25
05:15:58,13,20.19,0.00,15.38,0.00,0.00,6.73,0.00,0.00,0.00,57.69
05:15:58,14,17.31,0.00,16.35,0.00,0.00,7.69,0.00,0.00,0.00,58.65
05:15:58,15,19.23,0.00,15.38,0.00,0.00,6.73,0.00,0.00,0.00,58.65
05:15:59,4,19.81,0.00,17.92,0.00,0.00,5.66,0.00,0.00,0.00,56.60
05:15:59,5,19.61,0.00,15.69,0.00,0.00,6.86,0.00,0.00,0.00,57.84
05:15:59,6,18.45,0.00,16.50,0.00,0.00,5.83,0.00,0.00,0.00,59.22
05:15:59,7,20.95,0.00,14.29,0.00,0.00,6.67,0.00,0.00,0.00,58.10
05:15:59,12,20.19,0.00,15.38,0.00,0.00,6.73,0.00,0.00,0.00,57.69
05:15:59,13,18.63,0.00,18.63,0.00,0.00,5.88,0.00,0.00,0.00,56.86
05:15:59,14,20.19,0.00,17.31,0.00,0.00,4.81,0.00,0.00,0.00,57.69
05:15:59,15,19.42,0.00,15.53,0.00,0.00,5.83,0.00,0.00,0.00,59.22
05:16:00,4,18.81,0.00,14.85,0.00,0.00,7.92,0.00,0.00,0.00,58.42
05:16:00,5,18.45,0.00,16.50,0.00,0.00,6.80,0.00,0.00,0.00,58.25
05:16:00,6,19.80,0.00,14.85,0.00,0.00,5.94,0.00,0.00,0.00,59.41
05:16:00,7,20.39,0.00,13.59,0.00,0.00,6.80,0.00,0.00,0.00,59.22
05:16:00,12,19.80,0.00,15.84,0.00,0.00,5.94,0.00,0.00,0.00,58.42
05:16:00,13,19.42,0.00,16.50,0.00,0.00,5.83,0.00,0.00,0.00,58.25
05:16:00,14,20.00,0.00,16.19,0.00,0.00,6.67,0.00,0.00,0.00,57.14
05:16:00,15,18.45,0.00,14.56,0.00,0.00,7.77,0.00,0.00,0.00,59.22
05:16:01,4,19.05,0.00,16.19,0.00,0.00,7.62,0.00,0.00,0.00,57.14
05:16:01,5,20.59,0.00,15.69,0.00,0.00,5.88,0.00,0.00,0.00,57.84
05:16:01,6,18.63,0.00,14.71,0.00,0.00,7.84,0.00,0.00,0.00,58.82
05:16:01,7,17.92,0.00,16.98,0.00,0.00,7.55,0.00,0.00,0.00,57.55
05:16:01,12,21.15,0.00,16.35,0.00,0.00,5.77,0.00,0.00,0.00,56.73
05:16:01,13,18.81,0.00,17.82,0.00,0.00,5.94,0.00,0.00,0.00,57.43
05:16:01,14,17.65,0.00,15.69,0.00,0.00,7.84,0.00,0.00,0.00,58.82
05:16:01,15,18.27,0.00,16.35,0.00,0.00,6.73,0.00,0.00,0.00,58.65
05:16:02,4,21.78,0.00,15.84,0.99,0.00,6.93,0.00,0.00,0.00,54.46
05:16:02,5,24.04,0.00,15.38,0.00,0.00,5.77,0.00,0.00,0.00,54.81
05:16:02,6,20.79,0.00,14.85,0.00,0.00,5.94,0.00,0.00,0.00,58.42
05:16:02,7,19.42,0.00,16.50,0.00,0.00,4.85,0.00,0.00,0.00,59.22
05:16:02,12,20.59,0.00,15.69,0.00,0.00,7.84,0.00,0.00,0.00,55.88
05:16:02,13,19.42,0.00,17.48,0.00,0.00,6.80,0.00,0.00,0.00,56.31
05:16:02,14,18.63,0.00,16.67,0.00,0.00,6.86,0.00,0.00,0.00,57.84
05:16:02,15,21.36,0.00,15.53,0.97,0.00,5.83,0.00,0.00,0.00,56.31
05:16:03,4,20.19,0.00,15.38,0.00,0.00,6.73,0.00,0.00,0.00,57.69
05:16:03,5,19.61,0.00,16.67,0.00,0.00,5.88,0.00,0.00,0.00,57.84
05:16:03,6,19.23,0.00,16.35,0.00,0.00,5.77,0.00,0.00,0.00,58.65
05:16:03,7,20.19,0.00,15.38,0.00,0.00,5.77,0.00,0.00,0.00,58.65
05:16:03,12,21.15,0.00,13.46,0.00,0.00,7.69,0.00,0.00,0.00,57.69
05:16:03,13,20.19,0.00,15.38,0.00,0.00,6.73,0.00,0.00,0.00,57.69
05:16:03,14,18.81,0.00,13.86,0.00,0.00,6.93,0.00,0.00,0.00,60.40
05:16:03,15,18.63,0.00,15.69,0.00,0.00,5.88,0.00,0.00,0.00,59.80
05:16:04,4,21.36,0.00,14.56,0.00,0.00,5.83,0.00,0.00,0.00,58.25
05:16:04,5,20.39,0.00,15.53,0.00,0.00,6.80,0.00,0.00,0.00,57.28
05:16:04,6,17.48,0.00,17.48,0.00,0.00,6.80,0.00,0.00,0.00,58.25
05:16:04,7,21.57,0.00,13.73,0.00,0.00,4.90,0.00,0.00,0.00,59.80
05:16:04,12,21.15,0.00,14.42,0.00,0.00,7.69,0.00,0.00,0.00,56.73
05:16:04,13,21.36,0.00,16.50,0.00,0.00,4.85,0.00,0.00,0.00,57.28
05:16:04,14,20.39,0.00,14.56,0.00,0.00,6.80,0.00,0.00,0.00,58.25
05:16:04,15,19.05,0.00,17.14,0.00,0.00,6.67,0.00,0.00,0.00,57.14
05:16:05,4,19.23,0.00,16.35,0.00,0.00,6.73,0.00,0.00,0.00,57.69
05:16:05,5,18.63,0.00,16.67,0.00,0.00,6.86,0.00,0.00,0.00,57.84
05:16:05,6,18.45,0.00,17.48,0.00,0.00,5.83,0.00,0.00,0.00,58.25
05:16:05,7,19.61,0.00,17.65,0.00,0.00,3.92,0.00,0.00,0.00,58.82
05:16:05,12,19.00,0.00,14.00,0.00,0.00,7.00,0.00,0.00,0.00,60.00
05:16:05,13,19.23,0.00,17.31,0.00,0.00,6.73,0.00,0.00,0.00,56.73
05:16:05,14,19.61,0.00,15.69,0.00,0.00,5.88,0.00,0.00,0.00,58.82
05:16:05,15,18.63,0.00,16.67,0.00,0.00,4.90,0.00,0.00,0.00,59.80
05:16:06,4,18.27,0.00,16.35,0.00,0.00,7.69,0.00,0.00,0.00,57.69
05:16:06,5,19.42,0.00,15.53,0.00,0.00,6.80,0.00,0.00,0.00,58.25
05:16:06,6,18.27,0.00,16.35,0.00,0.00,6.73,0.00,0.00,0.00,58.65
05:16:06,7,17.65,0.00,14.71,0.00,0.00,6.86,0.00,0.00,0.00,60.78
05:16:06,12,20.00,0.00,16.19,0.00,0.00,6.67,0.00,0.00,0.00,57.14
05:16:06,13,18.45,0.00,16.50,0.00,0.00,6.80,0.00,0.00,0.00,58.25
05:16:06,14,20.39,0.00,14.56,0.00,0.00,6.80,0.00,0.00,0.00,58.25
05:16:06,15,16.50,0.00,16.50,0.00,0.00,7.77,0.00,0.00,0.00,59.22
05:16:07,4,20.39,0.00,16.50,0.00,0.00,5.83,0.00,0.00,0.00,57.28
05:16:07,5,22.33,0.00,16.50,0.00,0.00,4.85,0.00,0.00,0.00,56.31
05:16:07,6,20.19,0.00,15.38,0.96,0.00,7.69,0.00,0.00,0.00,55.77
05:16:07,7,20.00,0.00,17.14,0.00,0.00,5.71,0.00,0.00,0.00,57.14
05:16:07,12,21.36,0.00,16.50,0.00,0.00,5.83,0.00,0.00,0.00,56.31
05:16:07,13,20.59,0.00,17.65,0.00,0.00,5.88,0.00,0.00,0.00,55.88
05:16:07,14,21.15,0.00,15.38,0.00,0.00,5.77,0.00,0.00,0.00,57.69
05:16:07,15,19.61,0.00,15.69,0.00,0.00,5.88,0.00,0.00,0.00,58.82
05:16:08,4,21.57,0.00,15.69,0.00,0.00,4.90,0.00,0.00,0.00,57.84
05:16:08,5,21.36,0.00,14.56,0.00,0.00,6.80,0.00,0.00,0.00,57.28
05:16:08,6,22.33,0.00,12.62,0.00,0.00,6.80,0.00,0.00,0.00,58.25
05:16:08,7,19.80,0.00,13.86,0.00,0.00,5.94,0.00,0.00,0.00,60.40
05:16:08,12,21.36,0.00,15.53,0.00,0.00,5.83,0.00,0.00,0.00,57.28
05:16:08,13,18.81,0.00,16.83,0.00,0.00,5.94,0.00,0.00,0.00,58.42
05:16:08,14,19.80,0.00,13.86,0.00,0.00,7.92,0.00,0.00,0.00,58.42
05:16:08,15,19.80,0.00,14.85,0.00,0.00,4.95,0.00,0.00,0.00,60.40
05:16:09,4,16.83,0.00,17.82,0.00,0.00,5.94,0.00,0.00,0.00,59.41
05:16:09,5,18.63,0.00,18.63,0.00,0.00,4.90,0.00,0.00,0.00,57.84
05:16:09,6,18.63,0.00,16.67,0.00,0.00,5.88,0.00,0.00,0.00,58.82
05:16:09,7,19.42,0.00,15.53,0.00,0.00,5.83,0.00,0.00,0.00,59.22
05:16:09,12,20.59,0.00,12.75,0.00,0.00,7.84,0.00,0.00,0.00,58.82
05:16:09,13,19.05,0.00,18.10,0.00,0.00,6.67,0.00,0.00,0.00,56.19
05:16:09,14,19.23,0.00,15.38,0.00,0.00,6.73,0.00,0.00,0.00,58.65
05:16:09,15,19.42,0.00,15.53,0.00,0.00,5.83,0.00,0.00,0.00,59.22
05:16:10,4,20.95,0.00,16.19,0.00,0.00,5.71,0.00,0.00,0.00,57.14
05:16:10,5,17.65,0.00,17.65,0.00,0.00,5.88,0.00,0.00,0.00,58.82
05:16:10,6,19.61,0.00,15.69,0.00,0.00,5.88,0.00,0.00,0.00,58.82
05:16:10,7,19.42,0.00,16.50,0.00,0.00,4.85,0.00,0.00,0.00,59.22
05:16:10,12,18.81,0.00,15.84,0.00,0.00,6.93,0.00,0.00,0.00,58.42
05:16:10,13,18.63,0.00,18.63,0.00,0.00,4.90,0.00,0.00,0.00,57.84
05:16:10,14,19.61,0.00,14.71,0.00,0.00,6.86,0.00,0.00,0.00,58.82
05:16:10,15,17.82,0.00,16.83,0.00,0.00,5.94,0.00,0.00,0.00,59.41
05:16:11,4,19.61,0.00,14.71,0.00,0.00,6.86,0.00,0.00,0.00,58.82
05:16:11,5,19.61,0.00,16.67,0.00,0.00,5.88,0.00,0.00,0.00,57.84
05:16:11,6,17.82,0.00,14.85,0.00,0.00,6.93,0.00,0.00,0.00,60.40
05:16:11,7,18.45,0.00,15.53,0.00,0.00,6.80,0.00,0.00,0.00,59.22
05:16:11,12,22.33,0.00,13.59,0.00,0.00,5.83,0.00,0.00,0.00,58.25
05:16:11,13,21.57,0.00,15.69,0.00,0.00,4.90,0.00,0.00,0.00,57.84
05:16:11,14,18.45,0.00,15.53,0.00,0.00,6.80,0.00,0.00,0.00,59.22
05:16:11,15,19.42,0.00,15.53,0.00,0.00,5.83,0.00,0.00,0.00,59.22
05:16:12,4,22.12,0.00,16.35,0.00,0.00,5.77,0.00,0.00,0.00,55.77
05:16:12,5,21.15,0.00,16.35,0.00,0.00,8.65,0.00,0.00,0.00,53.85
05:16:12,6,20.39,0.00,16.50,0.00,0.00,5.83,0.00,0.00,0.00,57.28
05:16:12,7,20.19,0.00,16.35,0.00,0.00,5.77,0.00,0.00,0.00,57.69
05:16:12,12,21.15,0.00,17.31,0.00,0.00,5.77,0.00,0.00,0.00,55.77
05:16:12,13,20.39,0.00,17.48,0.00,0.00,7.77,0.00,0.00,0.00,54.37
05:16:12,14,20.39,0.00,16.50,0.00,0.00,6.80,0.00,0.00,0.00,56.31
05:16:12,15,17.31,0.00,18.27,0.00,0.00,6.73,0.00,0.00,0.00,57.69
05:16:13,4,18.27,0.00,17.31,0.00,0.00,6.73,0.00,0.00,0.00,57.69
05:16:13,5,20.39,0.00,15.53,0.00,0.00,6.80,0.00,0.00,0.00,57.28
05:16:13,6,20.56,0.00,15.89,0.00,0.00,6.54,0.00,0.00,0.00,57.01
05:16:13,7,19.05,0.00,17.14,0.00,0.00,5.71,0.00,0.00,0.00,58.10
05:16:13,12,20.19,0.00,16.35,0.00,0.00,5.77,0.00,0.00,0.00,57.69
05:16:13,13,19.61,0.00,16.67,0.00,0.00,5.88,0.00,0.00,0.00,57.84
05:16:13,14,19.42,0.00,15.53,0.00,0.00,5.83,0.00,0.00,0.00,59.22
05:16:13,15,20.00,0.00,16.19,0.00,0.00,5.71,0.00,0.00,0.00,58.10
05:16:14,4,21.15,0.00,16.35,0.00,0.00,5.77,0.00,0.00,0.00,56.73
05:16:14,5,22.12,0.00,16.35,0.00,0.00,5.77,0.00,0.00,0.00,55.77
05:16:14,6,20.19,0.00,16.35,0.00,0.00,5.77,0.00,0.00,0.00,57.69
05:16:14,7,19.42,0.00,16.50,0.00,0.00,5.83,0.00,0.00,0.00,58.25
05:16:14,12,20.79,0.00,14.85,0.00,0.00,5.94,0.00,0.00,0.00,58.42
05:16:14,13,20.75,0.00,17.92,0.00,0.00,5.66,0.00,0.00,0.00,55.66
05:16:14,14,19.23,0.00,16.35,0.00,0.00,6.73,0.00,0.00,0.00,57.69
05:16:14,15,20.00,0.00,16.19,0.00,0.00,6.67,0.00,0.00,0.00,57.14
05:16:15,4,20.19,0.00,15.38,0.00,0.00,6.73,0.00,0.00,0.00,57.69
05:16:15,5,19.23,0.00,16.35,0.00,0.00,6.73,0.00,0.00,0.00,57.69
05:16:15,6,20.59,0.00,14.71,0.00,0.00,5.88,0.00,0.00,0.00,58.82
05:16:15,7,19.05,0.00,15.24,0.00,0.00,6.67,0.00,0.00,0.00,59.05
05:16:15,12,19.05,0.00,18.10,0.00,0.00,5.71,0.00,0.00,0.00,57.14
05:16:15,13,21.36,0.00,14.56,0.00,0.00,5.83,0.00,0.00,0.00,58.25
05:16:15,14,20.95,0.00,15.24,0.00,0.00,6.67,0.00,0.00,0.00,57.14
05:16:15,15,19.80,0.00,14.85,0.00,0.00,4.95,0.00,0.00,0.00,60.40
05:16:16,4,19.42,0.00,16.50,0.00,0.00,5.83,0.00,0.00,0.00,58.25
05:16:16,5,19.61,0.00,17.65,0.00,0.00,5.88,0.00,0.00,0.00,56.86
05:16:16,6,17.82,0.00,14.85,0.00,0.00,6.93,0.00,0.00,0.00,60.40
05:16:16,7,21.36,0.00,14.56,0.00,0.00,5.83,0.00,0.00,0.00,58.25
05:16:16,12,19.80,0.00,16.83,0.00,0.00,3.96,0.00,0.00,0.00,59.41
05:16:16,13,19.61,0.00,15.69,0.00,0.00,5.88,0.00,0.00,0.00,58.82
05:16:16,14,19.19,0.00,14.14,0.00,0.00,6.06,0.00,0.00,0.00,60.61
05:16:16,15,18.63,0.00,15.69,0.00,0.00,5.88,0.00,0.00,0.00,59.80
05:16:17,4,23.08,0.00,14.42,0.00,0.00,6.73,0.00,0.00,0.00,55.77
05:16:17,5,22.55,0.00,16.67,0.00,0.00,5.88,0.00,0.00,0.00,54.90
05:16:17,6,21.90,0.00,15.24,0.00,0.00,6.67,0.00,0.00,0.00,56.19
05:16:17,7,21.90,0.00,14.29,0.00,0.00,6.67,0.00,0.00,0.00,57.14
05:16:17,12,20.39,0.00,17.48,0.00,0.00,5.83,0.00,0.00,0.00,56.31
05:16:17,13,21.36,0.00,16.50,0.00,0.00,7.77,0.00,0.00,0.00,54.37
05:16:17,14,19.42,0.00,17.48,0.00,0.00,5.83,0.00,0.00,0.00,57.28
05:16:17,15,20.95,0.00,14.29,0.00,0.00,7.62,0.00,0.00,0.00,57.14
05:16:18,4,20.39,0.00,16.50,0.00,0.00,5.83,0.00,0.00,0.00,57.28
05:16:18,5,20.39,0.00,15.53,0.00,0.00,5.83,0.00,0.00,0.00,58.25
05:16:18,6,19.61,0.00,15.69,0.00,0.00,5.88,0.00,0.00,0.00,58.82
05:16:18,7,20.19,0.00,15.38,0.00,0.00,5.77,0.00,0.00,0.00,58.65
05:16:18,12,19.42,0.00,17.48,0.00,0.00,5.83,0.00,0.00,0.00,57.28
05:16:18,13,22.12,0.00,16.35,0.00,0.00,4.81,0.00,0.00,0.00,56.73
05:16:18,14,19.42,0.00,17.48,0.00,0.00,4.85,0.00,0.00,0.00,58.25
05:16:18,15,18.63,0.00,15.69,0.00,0.00,6.86,0.00,0.00,0.00,58.82
05:16:19,4,21.36,0.00,14.56,0.00,0.00,5.83,0.00,0.00,0.00,58.25
05:16:19,5,20.59,0.00,16.67,0.00,0.00,4.90,0.00,0.00,0.00,57.84
05:16:19,6,18.45,0.00,17.48,0.00,0.00,5.83,0.00,0.00,0.00,58.25
05:16:19,7,19.05,0.00,16.19,0.00,0.00,6.67,0.00,0.00,0.00,58.10
05:16:19,12,17.65,0.00,16.67,0.00,0.00,7.84,0.00,0.00,0.00,57.84
05:16:19,13,18.27,0.00,18.27,0.00,0.00,7.69,0.00,0.00,0.00,55.77
05:16:19,14,18.45,0.00,16.50,0.00,0.00,6.80,0.00,0.00,0.00,58.25
05:16:19,15,21.70,0.00,14.15,0.00,0.00,6.60,0.00,0.00,0.00,57.55
05:16:20,4,21.57,0.00,13.73,0.00,0.00,6.86,0.00,0.00,0.00,57.84
05:16:20,5,21.57,0.00,14.71,0.00,0.00,5.88,0.00,0.00,0.00,57.84
05:16:20,6,17.82,0.00,15.84,0.00,0.00,6.93,0.00,0.00,0.00,59.41
05:16:20,7,19.42,0.00,14.56,0.00,0.00,6.80,0.00,0.00,0.00,59.22
05:16:20,12,19.23,0.00,16.35,0.00,0.00,6.73,0.00,0.00,0.00,57.69
05:16:20,13,17.82,0.00,18.81,0.00,0.00,5.94,0.00,0.00,0.00,57.43
05:16:20,14,19.05,0.00,15.24,0.00,0.00,7.62,0.00,0.00,0.00,58.10
05:16:20,15,20.79,0.00,14.85,0.00,0.00,4.95,0.00,0.00,0.00,59.41
05:16:21,4,20.95,0.00,16.19,0.00,0.00,5.71,0.00,0.00,0.00,57.14
05:16:21,5,18.63,0.00,15.69,0.00,0.00,6.86,0.00,0.00,0.00,58.82
05:16:21,6,20.19,0.00,14.42,0.00,0.00,6.73,0.00,0.00,0.00,58.65
05:16:21,7,17.92,0.00,16.04,0.00,0.00,8.49,0.00,0.00,0.00,57.55
05:16:21,12,19.05,0.00,16.19,0.00,0.00,7.62,0.00,0.00,0.00,57.14
05:16:21,13,22.33,0.00,15.53,0.00,0.00,4.85,0.00,0.00,0.00,57.28
05:16:21,14,20.19,0.00,16.35,0.00,0.00,5.77,0.00,0.00,0.00,57.69
05:16:21,15,19.23,0.00,15.38,0.00,0.00,6.73,0.00,0.00,0.00,58.65
05:16:22,4,19.61,0.00,14.71,0.00,0.00,7.84,0.00,0.00,0.00,57.84
05:16:22,5,18.45,0.00,19.42,0.00,0.00,6.80,0.00,0.00,0.00,55.34
05:16:22,6,21.36,0.00,15.53,0.00,0.00,5.83,0.00,0.00,0.00,57.28
05:16:22,7,19.23,0.00,17.31,0.96,0.00,5.77,0.00,0.00,0.00,56.73
05:16:22,12,21.57,0.00,15.69,0.00,0.00,6.86,0.00,0.00,0.00,55.88
05:16:22,13,18.27,0.00,17.31,0.00,0.00,7.69,0.00,0.00,0.00,56.73
05:16:22,14,21.36,0.00,15.53,0.00,0.00,5.83,0.00,0.00,0.00,57.28
05:16:22,15,19.42,0.00,14.56,0.00,0.00,7.77,0.00,0.00,0.00,58.25
05:16:23,4,20.59,0.00,16.67,0.00,0.00,4.90,0.00,0.00,0.00,57.84
05:16:23,5,20.59,0.00,15.69,0.00,0.00,6.86,0.00,0.00,0.00,56.86
05:16:23,6,19.23,0.00,17.31,0.00,0.00,5.77,0.00,0.00,0.00,57.69
05:16:23,7,19.61,0.00,16.67,0.00,0.00,4.90,0.00,0.00,0.00,58.82
05:16:23,12,21.36,0.00,17.48,0.00,0.00,4.85,0.00,0.00,0.00,56.31
05:16:23,13,19.80,0.00,16.83,0.00,0.00,5.94,0.00,0.00,0.00,57.43
05:16:23,14,19.05,0.00,16.19,0.00,0.00,7.62,0.00,0.00,0.00,57.14
05:16:23,15,19.23,0.00,16.35,0.00,0.00,6.73,0.00,0.00,0.00,57.69
05:16:24,4,20.19,0.00,15.38,0.00,0.00,6.73,0.00,0.00,0.00,57.69
05:16:24,5,19.42,0.00,17.48,0.00,0.00,4.85,0.00,0.00,0.00,58.25
05:16:24,6,18.27,0.00,16.35,0.00,0.00,6.73,0.00,0.00,0.00,58.65
05:16:24,7,19.42,0.00,15.53,0.00,0.00,5.83,0.00,0.00,0.00,59.22
05:16:24,12,20.00,0.00,17.14,0.00,0.00,5.71,0.00,0.00,0.00,57.14
05:16:24,13,20.95,0.00,17.14,0.00,0.00,5.71,0.00,0.00,0.00,56.19
05:16:24,14,19.42,0.00,15.53,0.00,0.00,6.80,0.00,0.00,0.00,58.25
05:16:24,15,19.42,0.00,15.53,0.00,0.00,5.83,0.00,0.00,0.00,59.22
05:16:25,4,18.27,0.00,17.31,0.00,0.00,6.73,0.00,0.00,0.00,57.69
05:16:25,5,20.19,0.00,15.38,0.00,0.00,7.69,0.00,0.00,0.00,56.73
05:16:25,6,19.23,0.00,16.35,0.00,0.00,6.73,0.00,0.00,0.00,57.69
05:16:25,7,19.05,0.00,16.19,0.00,0.00,6.67,0.00,0.00,0.00,58.10
05:16:25,12,18.45,0.00,17.48,0.00,0.00,5.83,0.00,0.00,0.00,58.25
05:16:25,13,18.27,0.00,17.31,0.00,0.00,6.73,0.00,0.00,0.00,57.69
05:16:25,14,20.19,0.00,16.35,0.00,0.00,5.77,0.00,0.00,0.00,57.69
05:16:25,15,20.59,0.00,13.73,0.00,0.00,5.88,0.00,0.00,0.00,59.80
05:16:26,4,20.59,0.00,14.71,0.00,0.00,6.86,0.00,0.00,0.00,57.84
05:16:26,5,22.12,0.00,15.38,0.00,0.00,5.77,0.00,0.00,0.00,56.73
05:16:26,6,21.36,0.00,14.56,0.00,0.00,5.83,0.00,0.00,0.00,58.25
05:16:26,7,19.05,0.00,16.19,0.00,0.00,6.67,0.00,0.00,0.00,58.10
05:16:26,12,20.59,0.00,16.67,0.00,0.00,4.90,0.00,0.00,0.00,57.84
05:16:26,13,19.61,0.00,15.69,0.00,0.00,7.84,0.00,0.00,0.00,56.86
05:16:26,14,19.42,0.00,15.53,0.00,0.00,6.80,0.00,0.00,0.00,58.25
05:16:26,15,20.00,0.00,14.29,0.00,0.00,7.62,0.00,0.00,0.00,58.10
05:16:27,4,18.10,0.00,18.10,0.00,0.00,6.67,0.00,0.00,0.00,57.14
05:16:27,5,20.00,0.00,17.14,0.00,0.00,5.71,0.00,0.00,0.00,57.14
05:16:27,6,18.45,0.00,16.50,0.00,0.00,6.80,0.00,0.00,0.00,58.25
05:16:27,7,20.00,0.00,16.19,0.00,0.00,5.71,0.00,0.00,0.00,58.10
05:16:27,12,20.19,0.00,15.38,0.00,0.00,7.69,0.00,0.00,0.00,56.73
05:16:27,13,20.39,0.00,17.48,0.97,0.00,4.85,0.00,0.00,0.00,56.31
05:16:27,14,19.23,0.00,15.38,0.00,0.00,7.69,0.00,0.00,0.00,57.69
05:16:27,15,18.10,0.00,17.14,0.00,0.00,6.67,0.00,0.00,0.00,58.10
05:16:28,4,18.10,0.00,19.05,0.00,0.00,6.67,0.00,0.00,0.00,56.19
05:16:28,5,20.79,0.00,15.84,0.00,0.00,6.93,0.00,0.00,0.00,56.44
05:16:28,6,18.87,0.00,17.92,0.00,0.00,6.60,0.00,0.00,0.00,56.60
05:16:28,7,20.19,0.00,16.35,0.00,0.00,5.77,0.00,0.00,0.00,57.69
05:16:28,12,22.55,0.00,15.69,0.00,0.00,5.88,0.00,0.00,0.00,55.88
05:16:28,13,22.12,0.00,18.27,0.00,0.00,5.77,0.00,0.00,0.00,53.85
05:16:28,14,19.42,0.00,17.48,0.00,0.00,4.85,0.00,0.00,0.00,58.25
05:16:28,15,20.39,0.00,15.53,0.00,0.00,5.83,0.00,0.00,0.00,58.25
05:16:29,4,19.80,0.00,14.85,0.00,0.00,6.93,0.00,0.00,0.00,58.42
05:16:29,5,21.15,0.00,16.35,0.00,0.00,5.77,0.00,0.00,0.00,56.73
05:16:29,6,20.59,0.00,15.69,0.00,0.00,5.88,0.00,0.00,0.00,57.84
05:16:29,7,19.42,0.00,15.53,0.00,0.00,5.83,0.00,0.00,0.00,59.22
05:16:29,12,21.15,0.00,16.35,0.00,0.00,5.77,0.00,0.00,0.00,56.73
05:16:29,13,20.59,0.00,16.67,0.00,0.00,5.88,0.00,0.00,0.00,56.86
05:16:29,14,20.59,0.00,15.69,0.00,0.00,5.88,0.00,0.00,0.00,57.84
05:16:29,15,20.19,0.00,15.38,0.00,0.00,5.77,0.00,0.00,0.00,58.65
05:16:30,4,20.59,0.00,14.71,0.00,0.00,5.88,0.00,0.00,0.00,58.82
05:16:30,5,19.80,0.00,14.85,0.00,0.00,6.93,0.00,0.00,0.00,58.42
05:16:30,6,20.19,0.00,15.38,0.00,0.00,5.77,0.00,0.00,0.00,58.65
05:16:30,7,18.45,0.00,16.50,0.00,0.00,5.83,0.00,0.00,0.00,59.22
05:16:30,12,17.65,0.00,16.67,0.00,0.00,6.86,0.00,0.00,0.00,58.82
05:16:30,13,22.12,0.00,13.46,0.00,0.00,6.73,0.00,0.00,0.00,57.69
05:16:30,14,21.36,0.00,14.56,0.00,0.00,5.83,0.00,0.00,0.00,58.25
05:16:30,15,18.27,0.00,16.35,0.00,0.00,6.73,0.00,0.00,0.00,58.65
05:16:31,4,20.19,0.00,16.35,0.00,0.00,5.77,0.00,0.00,0.00,57.69
05:16:31,5,18.45,0.00,18.45,0.00,0.00,5.83,0.00,0.00,0.00,57.28
05:16:31,6,19.61,0.00,16.67,0.00,0.00,4.90,0.00,0.00,0.00,58.82
05:16:31,7,18.63,0.00,15.69,0.00,0.00,5.88,0.00,0.00,0.00,59.80
05:16:31,12,20.95,0.00,16.19,0.00,0.00,5.71,0.00,0.00,0.00,57.14
05:16:31,13,20.39,0.00,15.53,0.00,0.00,5.83,0.00,0.00,0.00,58.25
05:16:31,14,19.61,0.00,14.71,0.00,0.00,5.88,0.00,0.00,0.00,59.80
05:16:31,15,19.61,0.00,15.69,0.00,0.00,4.90,0.00,0.00,0.00,59.80
05:16:32,4,18.45,0.00,17.48,0.00,0.00,6.80,0.00,0.00,0.00,57.28
05:16:32,5,20.95,0.00,16.19,0.00,0.00,6.67,0.00,0.00,0.00,56.19
05:16:32,6,18.27,0.00,17.31,0.00,0.00,6.73,0.00,0.00,0.00,57.69
05:16:32,7,21.36,0.00,14.56,0.00,0.00,5.83,0.00,0.00,0.00,58.25
05:16:32,12,21.36,0.00,15.53,1.94,0.00,4.85,0.00,0.00,0.00,56.31
05:16:32,13,21.15,0.00,15.38,0.00,0.00,6.73,0.00,0.00,0.00,56.73
05:16:32,14,19.05,0.00,17.14,0.00,0.00,6.67,0.00,0.00,0.00,57.14
05:16:32,15,20.59,0.00,14.71,0.00,0.00,5.88,0.00,0.00,0.00,58.82
05:16:33,4,20.95,0.00,16.19,0.00,0.00,6.67,0.00,0.00,0.00,56.19
05:16:33,5,21.15,0.00,17.31,0.00,0.00,5.77,0.00,0.00,0.00,55.77
05:16:33,6,20.19,0.00,15.38,0.00,0.00,7.69,0.00,0.00,0.00,56.73
05:16:33,7,20.95,0.00,16.19,0.00,0.00,5.71,0.00,0.00,0.00,57.14
05:16:33,12,21.57,0.00,17.65,0.00,0.00,5.88,0.00,0.00,0.00,54.90
05:16:33,13,21.36,0.00,17.48,0.00,0.00,4.85,0.00,0.00,0.00,56.31
05:16:33,14,21.15,0.00,16.35,0.00,0.00,5.77,0.00,0.00,0.00,56.73
05:16:33,15,20.39,0.00,15.53,0.00,0.00,5.83,0.00,0.00,0.00,58.25
05:16:34,4,21.57,0.00,16.67,0.00,0.00,3.92,0.00,0.00,0.00,57.84
05:16:34,5,22.64,0.00,16.04,0.00,0.00,6.60,0.00,0.00,0.00,54.72
05:16:34,6,20.19,0.00,16.35,0.00,0.00,6.73,0.00,0.00,0.00,56.73
05:16:34,7,20.59,0.00,15.69,0.00,0.00,4.90,0.00,0.00,0.00,58.82
05:16:34,12,20.00,0.00,17.14,0.00,0.00,6.67,0.00,0.00,0.00,56.19
05:16:34,13,19.42,0.00,17.48,0.00,0.00,6.80,0.00,0.00,0.00,56.31
05:16:34,14,20.19,0.00,16.35,0.00,0.00,7.69,0.00,0.00,0.00,55.77
05:16:34,15,19.42,0.00,17.48,0.00,0.00,4.85,0.00,0.00,0.00,58.25
05:16:35,4,19.23,0.00,16.35,0.00,0.00,7.69,0.00,0.00,0.00,56.73
05:16:35,5,18.45,0.00,19.42,0.00,0.00,5.83,0.00,0.00,0.00,56.31
05:16:35,6,19.23,0.00,15.38,0.00,0.00,6.73,0.00,0.00,0.00,58.65
05:16:35,7,19.42,0.00,15.53,0.00,0.00,5.83,0.00,0.00,0.00,59.22
05:16:35,12,21.36,0.00,16.50,0.00,0.00,4.85,0.00,0.00,0.00,57.28
05:16:35,13,19.42,0.00,15.53,0.00,0.00,6.80,0.00,0.00,0.00,58.25
05:16:35,14,18.63,0.00,16.67,0.00,0.00,5.88,0.00,0.00,0.00,58.82
05:16:35,15,20.00,0.00,15.24,0.00,0.00,6.67,0.00,0.00,0.00,58.10
05:16:36,4,19.61,0.00,16.67,0.00,0.00,5.88,0.00,0.00,0.00,57.84
05:16:36,5,19.61,0.00,15.69,0.00,0.00,6.86,0.00,0.00,0.00,57.84
05:16:36,6,20.39,0.00,15.53,0.00,0.00,6.80,0.00,0.00,0.00,57.28
05:16:36,7,19.42,0.00,15.53,0.00,0.00,6.80,0.00,0.00,0.00,58.25
05:16:36,12,21.36,0.00,15.53,0.00,0.00,6.80,0.00,0.00,0.00,56.31
05:16:36,13,20.19,0.00,16.35,0.00,0.00,6.73,0.00,0.00,0.00,56.73
05:16:36,14,20.00,0.00,17.14,0.00,0.00,5.71,0.00,0.00,0.00,57.14
05:16:36,15,19.61,0.00,15.69,0.00,0.00,6.86,0.00,0.00,0.00,57.84
05:16:37,4,18.63,0.00,15.69,0.00,0.00,6.86,0.00,0.00,0.00,58.82
05:16:37,5,21.36,0.00,15.53,0.97,0.00,6.80,0.00,0.00,0.00,55.34
05:16:37,6,20.19,0.00,15.38,0.00,0.00,6.73,0.00,0.00,0.00,57.69
05:16:37,7,16.67,0.00,17.65,0.00,0.00,6.86,0.00,0.00,0.00,58.82
05:16:37,12,19.61,0.00,16.67,0.00,0.00,6.86,0.00,0.00,0.00,56.86
05:16:37,13,19.42,0.00,16.50,0.00,0.00,6.80,0.00,0.00,0.00,57.28
05:16:37,14,19.61,0.00,15.69,0.00,0.00,6.86,0.00,0.00,0.00,57.84
05:16:37,15,19.05,0.00,15.24,0.00,0.00,7.62,0.00,0.00,0.00,58.10
05:16:38,4,20.00,0.00,18.10,0.00,0.00,6.67,0.00,0.00,0.00,55.24
05:16:38,5,19.42,0.00,17.48,0.00,0.00,5.83,0.00,0.00,0.00,57.28
05:16:38,6,20.39,0.00,14.56,0.00,0.00,7.77,0.00,0.00,0.00,57.28
05:16:38,7,19.23,0.00,17.31,0.00,0.00,5.77,0.00,0.00,0.00,57.69
05:16:38,12,20.19,0.00,16.35,0.00,0.00,7.69,0.00,0.00,0.00,55.77
05:16:38,13,23.30,0.00,17.48,0.00,0.00,4.85,0.00,0.00,0.00,54.37
05:16:38,14,18.27,0.00,18.27,0.00,0.00,6.73,0.00,0.00,0.00,56.73
05:16:38,15,19.42,0.00,16.50,0.00,0.00,6.80,0.00,0.00,0.00,57.28
05:16:39,4,18.27,0.00,16.35,0.00,0.00,7.69,0.00,0.00,0.00,57.69
05:16:39,5,18.63,0.00,15.69,0.00,0.00,6.86,0.00,0.00,0.00,58.82
05:16:39,6,19.42,0.00,14.56,0.00,0.00,6.80,0.00,0.00,0.00,59.22
05:16:39,7,20.56,0.00,14.95,0.00,0.00,6.54,0.00,0.00,0.00,57.94
05:16:39,12,18.63,0.00,15.69,0.00,0.00,6.86,0.00,0.00,0.00,58.82
05:16:39,13,19.81,0.00,16.04,0.00,0.00,7.55,0.00,0.00,0.00,56.60
05:16:39,14,19.05,0.00,16.19,0.00,0.00,6.67,0.00,0.00,0.00,58.10
05:16:39,15,20.00,0.00,15.24,0.00,0.00,5.71,0.00,0.00,0.00,59.05
05:16:40,4,19.05,0.00,17.14,0.00,0.00,6.67,0.00,0.00,0.00,57.14
05:16:40,5,21.36,0.00,14.56,0.00,0.00,6.80,0.00,0.00,0.00,57.28
05:16:40,6,17.48,0.00,18.45,0.00,0.00,5.83,0.00,0.00,0.00,58.25
05:16:40,7,17.48,0.00,16.50,0.00,0.00,6.80,0.00,0.00,0.00,59.22
05:16:40,12,20.95,0.00,15.24,0.00,0.00,6.67,0.00,0.00,0.00,57.14
05:16:40,13,20.39,0.00,16.50,0.00,0.00,4.85,0.00,0.00,0.00,58.25
05:16:40,14,19.61,0.00,15.69,0.00,0.00,5.88,0.00,0.00,0.00,58.82
05:16:40,15,21.36,0.00,14.56,0.00,0.00,5.83,0.00,0.00,0.00,58.25
05:16:41,4,18.63,0.00,15.69,0.00,0.00,6.86,0.00,0.00,0.00,58.82
05:16:41,5,18.27,0.00,17.31,0.00,0.00,7.69,0.00,0.00,0.00,56.73
05:16:41,6,19.05,0.00,16.19,0.00,0.00,6.67,0.00,0.00,0.00,58.10
05:16:41,7,21.15,0.00,14.42,0.00,0.00,5.77,0.00,0.00,0.00,58.65
05:16:41,12,20.19,0.00,15.38,0.00,0.00,6.73,0.00,0.00,0.00,57.69
05:16:41,13,19.23,0.00,17.31,0.00,0.00,6.73,0.00,0.00,0.00,56.73
05:16:41,14,19.23,0.00,16.35,0.00,0.00,5.77,0.00,0.00,0.00,58.65
05:16:41,15,18.10,0.00,18.10,0.00,0.00,5.71,0.00,0.00,0.00,58.10
05:16:42,4,19.42,0.00,15.53,0.00,0.00,7.77,0.00,0.00,0.00,57.28
05:16:42,5,18.63,0.00,16.67,0.00,0.00,6.86,0.00,0.00,0.00,57.84
05:16:42,6,22.55,0.00,14.71,0.00,0.00,4.90,0.00,0.00,0.00,57.84
05:16:42,7,18.63,0.00,15.69,0.00,0.00,6.86,0.00,0.00,0.00,58.82
05:16:42,12,19.42,0.00,17.48,0.00,0.00,5.83,0.00,0.00,0.00,57.28
05:16:42,13,18.63,0.00,16.67,0.00,0.00,6.86,0.00,0.00,0.00,57.84
05:16:42,14,22.55,0.00,13.73,0.00,0.00,5.88,0.00,0.00,0.00,57.84
05:16:42,15,22.12,0.00,15.38,0.00,0.00,4.81,0.00,0.00,0.00,57.69
05:16:43,4,20.19,0.00,17.31,0.00,0.00,6.73,0.00,0.00,0.00,55.77
05:16:43,5,21.36,0.00,16.50,0.00,0.00,6.80,0.00,0.00,0.00,55.34
05:16:43,6,20.39,0.00,16.50,0.00,0.00,5.83,0.00,0.00,0.00,57.28
05:16:43,7,20.19,0.00,14.42,0.00,0.00,7.69,0.00,0.00,0.00,57.69
05:16:43,12,21.57,0.00,15.69,0.00,0.00,5.88,0.00,0.00,0.00,56.86
05:16:43,13,22.55,0.00,17.65,0.00,0.00,4.90,0.00,0.00,0.00,54.90
05:16:43,14,21.15,0.00,15.38,0.00,0.00,5.77,0.00,0.00,0.00,57.69
05:16:43,15,19.00,0.00,15.00,0.00,0.00,6.00,0.00,0.00,0.00,60.00
05:16:44,4,21.36,0.00,15.53,0.00,0.00,4.85,0.00,0.00,0.00,58.25
05:16:44,5,21.15,0.00,15.38,0.00,0.00,6.73,0.00,0.00,0.00,56.73
05:16:44,6,18.63,0.00,16.67,0.00,0.00,5.88,0.00,0.00,0.00,58.82
05:16:44,7,18.63,0.00,15.69,0.00,0.00,5.88,0.00,0.00,0.00,59.80
05:16:44,12,19.42,0.00,16.50,0.00,0.00,5.83,0.00,0.00,0.00,58.25
05:16:44,13,17.31,0.00,18.27,0.00,0.00,7.69,0.00,0.00,0.00,56.73
05:16:44,14,21.57,0.00,14.71,0.00,0.00,5.88,0.00,0.00,0.00,57.84
05:16:44,15,20.79,0.00,14.85,0.00,0.00,4.95,0.00,0.00,0.00,59.41
05:16:45,4,18.45,0.00,17.48,0.00,0.00,5.83,0.00,0.00,0.00,58.25
05:16:45,5,20.95,0.00,15.24,0.00,0.00,6.67,0.00,0.00,0.00,57.14
05:16:45,6,18.45,0.00,16.50,0.00,0.00,5.83,0.00,0.00,0.00,59.22
05:16:45,7,20.19,0.00,14.42,0.00,0.00,6.73,0.00,0.00,0.00,58.65
05:16:45,12,21.15,0.00,16.35,0.00,0.00,4.81,0.00,0.00,0.00,57.69
05:16:45,13,20.95,0.00,13.33,0.00,0.00,7.62,0.00,0.00,0.00,58.10
05:16:45,14,19.05,0.00,16.19,0.00,0.00,6.67,0.00,0.00,0.00,58.10
05:16:45,15,18.69,0.00,16.82,0.00,0.00,6.54,0.00,0.00,0.00,57.94
05:16:46,4,21.15,0.00,14.42,0.00,0.00,6.73,0.00,0.00,0.00,57.69
05:16:46,5,19.42,0.00,18.45,0.00,0.00,5.83,0.00,0.00,0.00,56.31
05:16:46,6,18.45,0.00,16.50,0.00,0.00,6.80,0.00,0.00,0.00,58.25
05:16:46,7,19.05,0.00,16.19,0.00,0.00,6.67,0.00,0.00,0.00,58.10
05:16:46,12,20.95,0.00,15.24,0.00,0.00,6.67,0.00,0.00,0.00,57.14
05:16:46,13,21.36,0.00,16.50,0.00,0.00,5.83,0.00,0.00,0.00,56.31
05:16:46,14,21.15,0.00,14.42,0.00,0.00,5.77,0.00,0.00,0.00,58.65
05:16:46,15,19.61,0.00,15.69,0.00,0.00,4.90,0.00,0.00,0.00,59.80
05:16:47,4,20.59,0.00,16.67,0.00,0.00,4.90,0.00,0.00,0.00,57.84
05:16:47,5,19.61,0.00,16.67,0.00,0.00,5.88,0.00,0.00,0.00,57.84
05:16:47,6,18.45,0.00,15.53,0.00,0.00,6.80,0.00,0.00,0.00,59.22
05:16:47,7,18.00,0.00,15.00,0.00,0.00,6.00,0.00,0.00,0.00,61.00
05:16:47,12,20.39,0.00,15.53,0.00,0.00,6.80,0.00,0.00,0.00,57.28
05:16:47,13,18.63,0.00,14.71,0.00,0.00,8.82,0.00,0.00,0.00,57.84
05:16:47,14,20.59,0.00,16.67,0.00,0.00,3.92,0.00,0.00,0.00,58.82
05:16:47,15,18.63,0.00,16.67,0.00,0.00,5.88,0.00,0.00,0.00,58.82
05:16:48,4,22.12,0.00,16.35,0.00,0.00,6.73,0.00,0.00,0.00,54.81
05:16:48,5,18.63,0.00,19.61,0.00,0.00,5.88,0.00,0.00,0.00,55.88
05:16:48,6,20.59,0.00,15.69,0.00,0.00,6.86,0.00,0.00,0.00,56.86
05:16:48,7,18.45,0.00,15.53,0.00,0.00,7.77,0.00,0.00,0.00,58.25
05:16:48,12,18.63,0.00,19.61,0.00,0.00,4.90,0.00,0.00,0.00,56.86
05:16:48,13,20.59,0.00,16.67,0.00,0.00,5.88,0.00,0.00,0.00,56.86
05:16:48,14,18.45,0.00,17.48,0.00,0.00,6.80,0.00,0.00,0.00,57.28
05:16:48,15,20.39,0.00,15.53,0.00,0.00,5.83,0.00,0.00,0.00,58.25
05:16:49,4,19.23,0.00,16.35,0.00,0.00,6.73,0.00,0.00,0.00,57.69
05:16:49,5,21.70,0.00,16.98,0.00,0.00,4.72,0.00,0.00,0.00,56.60
05:16:49,6,18.27,0.00,16.35,0.00,0.00,6.73,0.00,0.00,0.00,58.65
05:16:49,7,19.05,0.00,16.19,0.00,0.00,5.71,0.00,0.00,0.00,59.05
05:16:49,12,19.61,0.00,16.67,0.00,0.00,4.90,0.00,0.00,0.00,58.82
05:16:49,13,18.45,0.00,17.48,0.00,0.00,5.83,0.00,0.00,0.00,58.25
05:16:49,14,19.42,0.00,15.53,0.00,0.00,5.83,0.00,0.00,0.00,59.22
05:16:49,15,20.95,0.00,15.24,0.00,0.00,5.71,0.00,0.00,0.00,58.10
05:16:50,4,19.81,0.00,18.87,0.00,0.00,4.72,0.00,0.00,0.00,56.60
05:16:50,5,20.95,0.00,16.19,0.00,0.00,6.67,0.00,0.00,0.00,56.19
05:16:50,6,19.05,0.00,17.14,0.00,0.00,6.67,0.00,0.00,0.00,57.14
05:16:50,7,19.05,0.00,16.19,0.00,0.00,7.62,0.00,0.00,0.00,57.14
05:16:50,12,21.90,0.00,16.19,0.00,0.00,5.71,0.00,0.00,0.00,56.19
05:16:50,13,21.36,0.00,15.53,0.00,0.00,6.80,0.00,0.00,0.00,56.31
05:16:50,14,19.05,0.00,17.14,0.00,0.00,6.67,0.00,0.00,0.00,57.14
05:16:50,15,20.00,0.00,15.24,0.00,0.00,6.67,0.00,0.00,0.00,58.10
05:16:51,4,20.79,0.00,14.85,0.00,0.00,5.94,0.00,0.00,0.00,58.42
05:16:51,5,19.00,0.00,16.00,0.00,0.00,6.00,0.00,0.00,0.00,59.00
05:16:51,6,18.27,0.00,18.27,0.00,0.00,5.77,0.00,0.00,0.00,57.69
05:16:51,7,20.00,0.00,16.19,0.00,0.00,5.71,0.00,0.00,0.00,58.10
05:16:51,12,20.39,0.00,15.53,0.00,0.00,5.83,0.00,0.00,0.00,58.25
05:16:51,13,20.19,0.00,15.38,0.00,0.00,6.73,0.00,0.00,0.00,57.69
05:16:51,14,20.39,0.00,14.56,0.00,0.00,6.80,0.00,0.00,0.00,58.25
05:16:51,15,18.87,0.00,17.92,0.00,0.00,5.66,0.00,0.00,0.00,57.55
05:16:52,4,21.15,0.00,16.35,0.00,0.00,4.81,0.00,0.00,0.00,57.69
05:16:52,5,20.00,0.00,19.05,0.00,0.00,4.76,0.00,0.00,0.00,56.19
05:16:52,6,19.23,0.00,16.35,0.00,0.00,6.73,0.00,0.00,0.00,57.69
05:16:52,7,20.39,0.00,15.53,0.00,0.00,4.85,0.00,0.00,0.00,59.22
05:16:52,12,20.95,0.00,15.24,0.00,0.00,6.67,0.00,0.00,0.00,57.14
05:16:52,13,19.42,0.00,18.45,0.00,0.00,4.85,0.00,0.00,0.00,57.28
05:16:52,14,18.10,0.00,18.10,0.00,0.00,6.67,0.00,0.00,0.00,57.14
05:16:52,15,22.33,0.00,13.59,0.00,0.00,5.83,0.00,0.00,0.00,58.25
05:16:53,4,21.36,0.00,15.53,0.00,0.00,5.83,0.00,0.00,0.00,57.28
05:16:53,5,21.57,0.00,17.65,0.00,0.00,5.88,0.00,0.00,0.00,54.90
05:16:53,6,18.81,0.00,16.83,0.00,0.00,5.94,0.00,0.00,0.00,58.42
05:16:53,7,18.27,0.00,18.27,0.00,0.00,5.77,0.00,0.00,0.00,57.69
05:16:53,12,19.42,0.00,17.48,0.00,0.00,6.80,0.00,0.00,0.00,56.31
05:16:53,13,21.90,0.00,16.19,0.00,0.00,7.62,0.00,0.00,0.00,54.29
05:16:53,14,22.12,0.00,16.35,0.00,0.00,4.81,0.00,0.00,0.00,56.73
05:16:53,15,20.59,0.00,15.69,0.00,0.00,4.90,0.00,0.00,0.00,58.82
05:16:54,4,17.82,0.00,16.83,0.00,0.00,6.93,0.00,0.00,0.00,58.42
05:16:54,5,20.39,0.00,15.53,0.00,0.00,6.80,0.00,0.00,0.00,57.28
05:16:54,6,19.23,0.00,16.35,0.00,0.00,6.73,0.00,0.00,0.00,57.69
05:16:54,7,21.15,0.00,13.46,0.00,0.00,6.73,0.00,0.00,0.00,58.65
05:16:54,12,22.12,0.00,15.38,0.00,0.00,5.77,0.00,0.00,0.00,56.73
05:16:54,13,20.79,0.00,13.86,0.00,0.00,6.93,0.00,0.00,0.00,58.42
05:16:54,14,20.19,0.00,16.35,0.00,0.00,5.77,0.00,0.00,0.00,57.69
05:16:54,15,19.23,0.00,16.35,0.00,0.00,6.73,0.00,0.00,0.00,57.69
05:16:55,4,20.19,0.00,15.38,0.00,0.00,6.73,0.00,0.00,0.00,57.69
05:16:55,5,19.61,0.00,14.71,0.00,0.00,7.84,0.00,0.00,0.00,57.84
05:16:55,6,19.42,0.00,15.53,0.00,0.00,6.80,0.00,0.00,0.00,58.25
05:16:55,7,18.63,0.00,18.63,0.00,0.00,3.92,0.00,0.00,0.00,58.82
05:16:55,12,22.86,0.00,14.29,0.00,0.00,5.71,0.00,0.00,0.00,57.14
05:16:55,13,18.27,0.00,19.23,0.00,0.00,6.73,0.00,0.00,0.00,55.77
05:16:55,14,18.87,0.00,16.98,0.00,0.00,6.60,0.00,0.00,0.00,57.55
05:16:55,15,20.19,0.00,15.38,0.00,0.00,5.77,0.00,0.00,0.00,58.65
05:16:56,4,19.23,0.00,17.31,0.00,0.00,5.77,0.00,0.00,0.00,57.69
05:16:56,5,21.36,0.00,15.53,0.00,0.00,5.83,0.00,0.00,0.00,57.28
05:16:56,6,18.45,0.00,16.50,0.00,0.00,6.80,0.00,0.00,0.00,58.25
05:16:56,7,17.48,0.00,15.53,0.00,0.00,7.77,0.00,0.00,0.00,59.22
05:16:56,12,16.67,0.00,19.61,0.00,0.00,5.88,0.00,0.00,0.00,57.84
05:16:56,13,20.39,0.00,14.56,0.00,0.00,6.80,0.00,0.00,0.00,58.25
05:16:56,14,19.23,0.00,17.31,0.00,0.00,5.77,0.00,0.00,0.00,57.69
05:16:56,15,19.42,0.00,15.53,0.00,0.00,5.83,0.00,0.00,0.00,59.22
05:16:57,4,19.42,0.00,16.50,0.00,0.00,5.83,0.00,0.00,0.00,58.25
05:16:57,5,19.80,0.00,14.85,0.00,0.00,5.94,0.00,0.00,0.00,59.41
05:16:57,6,18.63,0.00,15.69,0.00,0.00,5.88,0.00,0.00,0.00,59.80
05:16:57,7,18.27,0.00,17.31,0.00,0.00,5.77,0.00,0.00,0.00,58.65
05:16:57,12,19.05,0.00,17.14,0.00,0.00,6.67,0.00,0.00,0.00,57.14
05:16:57,13,22.12,0.00,16.35,0.00,0.00,4.81,0.00,0.00,0.00,56.73
05:16:57,14,20.00,0.00,15.24,0.00,0.00,6.67,0.00,0.00,0.00,58.10
05:16:57,15,19.23,0.00,15.38,0.00,0.00,6.73,0.00,0.00,0.00,58.65
05:16:58,4,21.36,0.00,16.50,0.00,0.00,6.80,0.00,0.00,0.00,55.34
05:16:58,5,22.33,0.00,19.42,0.00,0.00,4.85,0.00,0.00,0.00,53.40
05:16:58,6,20.19,0.00,17.31,0.00,0.00,5.77,0.00,0.00,0.00,56.73
05:16:58,7,19.05,0.00,18.10,0.00,0.00,5.71,0.00,0.00,0.00,57.14
05:16:58,12,19.23,0.00,18.27,0.00,0.00,6.73,0.00,0.00,0.00,55.77
05:16:58,13,18.63,0.00,18.63,0.00,0.00,5.88,0.00,0.00,0.00,56.86
05:16:58,14,23.30,0.00,15.53,0.00,0.00,4.85,0.00,0.00,0.00,56.31
05:16:58,15,20.00,0.00,17.14,0.00,0.00,5.71,0.00,0.00,0.00,57.14
05:16:59,4,19.23,0.00,16.35,0.00,0.00,6.73,0.00,0.00,0.00,57.69
05:16:59,5,20.59,0.00,15.69,0.00,0.00,5.88,0.00,0.00,0.00,57.84
05:16:59,6,18.63,0.00,17.65,0.00,0.00,4.90,0.00,0.00,0.00,58.82
05:16:59,7,18.27,0.00,17.31,0.00,0.00,5.77,0.00,0.00,0.00,58.65
05:16:59,12,21.36,0.00,14.56,0.00,0.00,6.80,0.00,0.00,0.00,57.28
05:16:59,13,20.19,0.00,16.35,0.00,0.00,6.73,0.00,0.00,0.00,56.73
05:16:59,14,19.42,0.00,15.53,0.00,0.00,6.80,0.00,0.00,0.00,58.25
05:16:59,15,20.39,0.00,16.50,0.00,0.00,4.85,0.00,0.00,0.00,58.25
05:17:00,4,20.95,0.00,15.24,0.00,0.00,6.67,0.00,0.00,0.00,57.14
05:17:00,5,20.19,0.00,13.46,0.00,0.00,8.65,0.00,0.00,0.00,57.69
05:17:00,6,19.23,0.00,15.38,0.00,0.00,6.73,0.00,0.00,0.00,58.65
05:17:00,7,19.05,0.00,17.14,0.00,0.00,5.71,0.00,0.00,0.00,58.10
05:17:00,12,19.23,0.00,16.35,0.00,0.00,6.73,0.00,0.00,0.00,57.69
05:17:00,13,23.81,0.00,14.29,0.00,0.00,5.71,0.00,0.00,0.00,56.19
05:17:00,14,17.48,0.00,17.48,0.00,0.00,5.83,0.00,0.00,0.00,59.22
05:17:00,15,21.15,0.00,14.42,0.00,0.00,5.77,0.00,0.00,0.00,58.65
05:17:01,4,19.23,0.00,16.35,0.00,0.00,6.73,0.00,0.00,0.00,57.69
05:17:01,5,19.42,0.00,16.50,0.00,0.00,7.77,0.00,0.00,0.00,56.31
05:17:01,6,18.45,0.00,16.50,0.00,0.00,6.80,0.00,0.00,0.00,58.25
05:17:01,7,19.42,0.00,14.56,0.00,0.00,6.80,0.00,0.00,0.00,59.22
05:17:01,12,21.78,0.00,13.86,0.00,0.00,5.94,0.00,0.00,0.00,58.42
05:17:01,13,20.39,0.00,14.56,0.00,0.00,6.80,0.00,0.00,0.00,58.25
05:17:01,14,22.33,0.00,14.56,0.00,0.00,5.83,0.00,0.00,0.00,57.28
05:17:01,15,21.36,0.00,14.56,0.00,0.00,5.83,0.00,0.00,0.00,58.25
05:17:02,4,18.45,0.00,17.48,0.00,0.00,5.83,0.00,0.00,0.00,58.25
05:17:02,5,20.95,0.00,17.14,0.00,0.00,4.76,0.00,0.00,0.00,57.14
05:17:02,6,17.48,0.00,16.50,0.00,0.00,7.77,0.00,0.00,0.00,58.25
05:17:02,7,19.23,0.00,17.31,0.00,0.00,4.81,0.00,0.00,0.00,58.65
05:17:02,12,20.19,0.00,16.35,0.00,0.00,5.77,0.00,0.00,0.00,57.69
05:17:02,13,21.36,0.00,15.53,0.00,0.00,5.83,0.00,0.00,0.00,57.28
05:17:02,14,19.05,0.00,17.14,0.00,0.00,6.67,0.00,0.00,0.00,57.14
05:17:02,15,20.00,0.00,16.19,0.00,0.00,5.71,0.00,0.00,0.00,58.10
05:17:03,4,22.86,0.00,15.24,0.00,0.00,6.67,0.00,0.00,0.00,55.24
05:17:03,5,20.95,0.00,17.14,0.00,0.00,7.62,0.00,0.00,0.00,54.29
05:17:03,6,19.63,0.00,17.76,0.00,0.00,6.54,0.00,0.00,0.00,56.07
05:17:03,7,21.15,0.00,15.38,0.00,0.00,6.73,0.00,0.00,0.00,56.73
05:17:03,12,21.90,0.00,16.19,0.00,0.00,6.67,0.00,0.00,0.00,55.24
05:17:03,13,21.90,0.00,18.10,0.00,0.00,6.67,0.00,0.00,0.00,53.33
05:17:03,14,20.19,0.00,18.27,0.00,0.00,4.81,0.00,0.00,0.00,56.73
05:17:03,15,20.95,0.00,16.19,0.00,0.00,6.67,0.00,0.00,0.00,56.19
05:17:04,4,21.36,0.00,15.53,0.00,0.00,5.83,0.00,0.00,0.00,57.28
05:17:04,5,20.00,0.00,15.00,0.00,0.00,6.00,0.00,0.00,0.00,59.00
05:17:04,6,20.39,0.00,14.56,0.00,0.00,6.80,0.00,0.00,0.00,58.25
05:17:04,7,19.05,0.00,16.19,0.00,0.00,6.67,0.00,0.00,0.00,58.10
05:17:04,12,21.15,0.00,16.35,0.00,0.00,5.77,0.00,0.00,0.00,56.73
05:17:04,13,19.23,0.00,17.31,0.00,0.00,6.73,0.00,0.00,0.00,56.73
05:17:04,14,18.45,0.00,16.50,0.00,0.00,6.80,0.00,0.00,0.00,58.25
05:17:04,15,19.42,0.00,14.56,0.00,0.00,6.80,0.00,0.00,0.00,59.22
05:17:05,4,19.23,0.00,16.35,0.00,0.00,6.73,0.00,0.00,0.00,57.69
05:17:05,5,20.59,0.00,14.71,0.00,0.00,6.86,0.00,0.00,0.00,57.84
05:17:05,6,18.81,0.00,15.84,0.00,0.00,5.94,0.00,0.00,0.00,59.41
05:17:05,7,20.59,0.00,13.73,0.00,0.00,5.88,0.00,0.00,0.00,59.80
05:17:05,12,20.95,0.00,14.29,0.00,0.00,7.62,0.00,0.00,0.00,57.14
05:17:05,13,19.61,0.00,14.71,0.00,0.00,6.86,0.00,0.00,0.00,58.82
05:17:05,14,17.48,0.00,16.50,0.00,0.00,6.80,0.00,0.00,0.00,59.22
05:17:05,15,20.19,0.00,14.42,0.00,0.00,6.73,0.00,0.00,0.00,58.65
05:17:06,4,18.45,0.00,16.50,0.00,0.00,7.77,0.00,0.00,0.00,57.28
05:17:06,5,17.65,0.00,17.65,0.00,0.00,6.86,0.00,0.00,0.00,57.84
05:17:06,6,19.05,0.00,16.19,0.00,0.00,7.62,0.00,0.00,0.00,57.14
05:17:06,7,19.42,0.00,15.53,0.00,0.00,5.83,0.00,0.00,0.00,59.22
05:17:06,12,20.39,0.00,15.53,0.00,0.00,6.80,0.00,0.00,0.00,57.28
05:17:06,13,20.79,0.00,15.84,0.00,0.00,5.94,0.00,0.00,0.00,57.43
05:17:06,14,21.15,0.00,15.38,0.00,0.00,5.77,0.00,0.00,0.00,57.69
05:17:06,15,21.15,0.00,13.46,0.00,0.00,6.73,0.00,0.00,0.00,58.65
05:17:07,4,21.15,0.00,15.38,0.00,0.00,6.73,0.00,0.00,0.00,56.73
05:17:07,5,21.36,0.00,16.50,0.00,0.00,4.85,0.00,0.00,0.00,57.28
05:17:07,6,22.12,0.00,15.38,0.00,0.00,4.81,0.00,0.00,0.00,57.69
05:17:07,7,20.39,0.00,13.59,0.00,0.00,7.77,0.00,0.00,0.00,58.25
05:17:07,12,19.42,0.00,17.48,0.00,0.00,5.83,0.00,0.00,0.00,57.28
05:17:07,13,21.15,0.00,16.35,0.00,0.00,5.77,0.00,0.00,0.00,56.73
05:17:07,14,17.14,0.00,19.05,0.00,0.00,6.67,0.00,0.00,0.00,57.14
05:17:07,15,21.15,0.00,14.42,0.00,0.00,6.73,0.00,0.00,0.00,57.69
05:17:08,4,21.15,0.00,15.38,0.00,0.00,5.77,0.00,0.00,0.00,57.69
05:17:08,5,21.57,0.00,16.67,0.00,0.00,4.90,0.00,0.00,0.00,56.86
05:17:08,6,18.45,0.00,15.53,0.00,0.00,8.74,0.00,0.00,0.00,57.28
05:17:08,7,20.39,0.00,16.50,0.00,0.00,4.85,0.00,0.00,0.00,58.25
05:17:08,12,22.33,0.00,13.59,0.00,0.00,6.80,0.00,0.00,0.00,57.28
05:17:08,13,23.30,0.00,16.50,0.00,0.00,5.83,0.00,0.00,0.00,54.37
05:17:08,14,19.61,0.00,15.69,0.00,0.00,6.86,0.00,0.00,0.00,57.84
05:17:08,15,17.48,0.00,18.45,0.00,0.00,5.83,0.00,0.00,0.00,58.25
05:17:09,4,11.11,0.00,7.07,0.00,0.00,3.03,0.00,0.00,0.00,78.79
05:17:09,5,11.88,0.00,6.93,0.00,0.00,3.96,0.00,0.00,0.00,77.23
05:17:09,6,12.00,0.00,7.00,0.00,0.00,2.00,0.00,0.00,0.00,79.00
05:17:09,7,10.78,0.00,7.84,0.00,0.00,2.94,0.00,0.00,0.00,78.43
05:17:09,12,10.89,0.00,8.91,0.00,0.00,2.97,0.00,0.00,0.00,77.23
05:17:09,13,9.80,0.00,11.76,0.00,0.00,2.94,0.00,0.00,0.00,75.49
05:17:09,14,10.00,0.00,9.00,0.00,0.00,2.00,0.00,0.00,0.00,79.00
05:17:09,15,9.90,0.00,7.92,0.00,0.00,2.97,0.00,0.00,0.00,79.21
