epoch_ms,utime_ticks,stime_ticks,rss_kb,vmsize_kb,threads,vmhwm_kb,smaps_rss_kb,cgroup_mem_kb
1781957967428902100,95391,38882,3440280,21256844,51,4043776,3440800,22344128
1781957968506727063,95804,38967,3441816,21256844,51,4043776,3442476,22352696
1781957969672395463,96236,39086,3442968,21256844,51,4043776,3443524,22355868
178195797184463898,96717,39222,3444760,21256844,51,4043776,3445372,22358808
1781957972334862245,97245,39375,3445400,21256844,51,4043776,3445940,22360048
1781957973511868493,97694,39492,3445912,21256844,51,4043776,3446408,22361340
1781957974929341628,98149,39682,3445912,21256844,50,4043776,3446412,22362452
178195797625750435,98494,39826,3445912,21256844,50,4043776,3446428,22362788
1781957977188281098,98841,39972,3445912,21256844,50,4043776,3446464,22363292
1781957978416912728,99228,40133,3445912,21256844,50,4043776,3446472,22364596
1781957979620858350,99611,40285,3445912,21256844,50,4043776,3446512,22364928
1781957980818175838,99976,40445,3445912,21256844,50,4043776,3446512,22366680
1781957982348623179,100439,40644,3445912,21256844,50,4043776,3446528,22366052
1781957983536550005,100793,40780,3445912,21256844,50,4043776,3446536,22368200
1781957984956981072,101214,40956,3445912,21256844,50,4043776,3446576,22369892
1781957986224909175,101604,41123,3446040,21256844,50,4043776,3446580,22369284
1781957987590285238,101959,41267,3446168,21256844,50,4043776,3446596,22370380
178195798939348450,102486,41487,3446168,21256844,50,4043776,3446596,22371768
1781957990228960843,102863,41642,3446168,21256844,50,4043776,3446612,22374288
1781957991534804292,103271,41808,3446168,21256844,50,4043776,3446612,22373808
1781957992924041642,103691,41984,3446296,21256844,50,4043776,3446648,22374588
178195799429509613,104040,42132,3446296,21256844,50,4043776,3446648,22375212
1781957995247764369,104385,42281,3446296,21256844,50,4043776,3446672,22376524
1781957996464199008,104770,42438,3446296,21256844,50,4043776,3446744,22377444
1781957997671540530,105146,42602,3446296,21256844,50,4043776,3446760,22378720
1781957999212868464,105512,42763,3446296,21256844,50,4043776,3446768,22378548
1781958000403191654,106006,42976,3446296,21256844,50,4043776,3446772,22379132
1781958001557182153,106351,43113,3446296,21256844,50,4043776,3446772,22380000
1781958002757039613,106663,43244,3446296,21256844,50,4043776,3446784,22381044
1781958003915989401,107023,43387,3446296,21256844,50,4043776,3446792,22382388
178195800555001546,107366,43538,3446296,21256844,50,4043776,3446812,22383512
1781958006184813545,107714,43685,3446424,21256844,50,4043776,3446824,22382852
1781958007460105156,108103,43853,3446424,21256844,50,4043776,3446824,22385200
1781958008777561466,108497,44020,3446424,21256844,50,4043776,3446832,22385740
1781958009986244062,108877,44173,3446424,21256844,50,4043776,3446832,22386576
1781958011184185585,109244,44319,3446424,21256844,50,4043776,3446844,22386932
1781958012341160385,109583,44465,3446424,21256844,50,4043776,3446848,22387856
1781958013470674849,109922,44616,3446424,21256844,50,4043776,3446848,22388396
1781958014683195841,110289,44763,3446424,21256844,50,4043776,3446852,22389124
1781958015895798365,110666,44909,3446424,21256844,50,4043776,3446864,22390384
1781958017152547849,111067,45076,3446424,21256844,50,4043776,3446880,22390616
1781958018281515672,111406,45219,3446424,21256844,50,4043776,3446892,22392896
1781958019727598519,111863,45417,3446424,21256844,50,4043776,3446956,22392188
1781958020915938176,112235,45568,3446424,21256844,50,4043776,3446980,22396728
1781958022165757011,112630,45729,3446424,21256844,50,4043776,3446984,22395696
1781958023320830742,112983,45875,3446424,21256844,50,4043776,3446984,22395920
1781958024485200729,113345,46019,3446424,21256844,50,4043776,3447000,22397180
1781958025702485575,113710,46179,3446424,21256844,50,4043776,3447052,22397780
1781958026845487469,114063,46328,3446424,21256844,50,4043776,3447056,22398296
17819580284225912,114417,46473,3446552,21256844,50,4043776,3447068,22399308
1781958029230142132,114781,46636,3446552,21256844,50,4043776,3447072,22400360
1781958030348381446,115134,46786,3446552,21256844,50,4043776,3447080,22401100
1781958031678711991,115541,46962,3446552,21256844,50,4043776,3447084,22402088
1781958032930163584,115918,47127,3446552,21256844,50,4043776,3447084,22402664
1781958034114620321,116293,47277,3446552,21256844,50,4043776,3447084,22403892
1781958035374102778,116661,47437,3446552,21256844,50,4043776,3447108,22405652
1781958036656487010,117012,47590,3446552,21256844,50,4043776,3447108,22406164
1781958037818192713,117323,47723,3446552,21256844,50,4043776,3447152,22408620
1781958038915023228,117636,47863,3446552,21256844,50,4043776,3447156,22408932
1781958040182809015,117995,48016,3446552,21256844,50,4043776,3447204,22409808
1781958041501829856,118360,48172,3446808,21256844,50,4043776,3447224,22409800
1781958042806551150,118734,48330,3446808,21256844,50,4043776,3447224,22410556
17819580444916755,119065,48470,3446808,21256844,50,4043776,3447224,22412144
1781958045258281960,119412,48614,3446808,21256844,50,4043776,3447228,22412552
1781958046453932666,119773,48759,3446808,21256844,50,4043776,3447260,22415068
1781958047780955857,120158,48924,3446808,21256844,50,4043776,3447300,22415848
178195804945304107,120513,49080,3446808,21256844,50,4043776,3447308,22417584
1781958050207424063,120854,49223,3446808,21256844,50,4043776,3447312,22418616
1781958051398046502,121219,49369,3447064,21256844,50,4043776,3447400,22419860
1781958052535267543,121532,49510,3447064,21256844,50,4043776,3447444,22419952
1781958053806984681,121873,49644,3447064,21256844,50,4043776,3447484,22421836
178195805571701700,122251,49807,3447064,21256844,50,4043776,3447532,22421812
1781958056232367671,122603,49957,3447064,21256844,50,4043776,3447536,22423064
1781958057467097215,122988,50114,3447064,21256844,50,4043776,3447576,22423492
1781958058564547417,123309,50258,3447064,21256844,50,4043776,3447588,22423776
1781958059805012769,123678,50417,3447064,21256844,50,4043776,3447588,22424952
1781958060925760576,124000,50552,3447064,21256844,50,4043776,3447616,22425116
178195806278546266,124341,50696,3447064,21256844,50,4043776,3447616,22426484
1781958063234550555,124670,50828,3447064,21256844,50,4043776,3447616,22427536
1781958064518083582,125044,50985,3447064,21256844,50,4043776,3447624,22428540
1781958065821565051,125423,51142,3447064,21256844,50,4043776,3447632,22429152
1781958066986095157,125783,51293,3447064,21256844,50,4043776,3447640,22431628
1781958068347607396,126170,51459,3447064,21256844,50,4043776,3447640,22430812
1781958069674690218,126582,51633,3447064,21256844,50,4043776,3447648,22431848
1781958070923978773,126949,51789,3447064,21256844,50,4043776,3447648,22433412
1781958072144375929,127310,51941,3447064,21256844,50,4043776,3447672,22433616
1781958073284726102,127631,52084,3447064,21256844,50,4043776,3447704,22434844
1781958074407509109,127951,52221,3447064,21256844,50,4043776,3447704,22435220
1781958075547931086,128280,52354,3447192,21256844,50,4043776,3447712,22435640
1781958076911120938,128681,52535,3406180,21256844,50,4043776,3406600,22394864
1781958078155865228,129055,52694,3406180,21256844,50,4043776,3406648,22396608
1781958079410812067,129418,52851,3406180,21256844,50,4043776,3406648,22397924
1781958080618996062,129751,53000,3406180,21256844,50,4043776,3406648,22398144
1781958081937925702,130147,53161,3406180,21256844,50,4043776,3406660,22399860
178195808388698063,130502,53312,3406308,21256844,50,4043776,3406684,22400404
1781958084272747099,130853,53463,3406436,21256844,50,4043776,3406720,22400768
1781958085565488087,131244,53629,3406436,21256844,50,4043776,3406720,22402108
1781958086724122697,131601,53787,3406436,21256844,50,4043776,3406736,22402724
1781958088101449360,132035,53969,3406436,21256844,50,4043776,3406792,22403776
1781958089222057988,132387,54111,3406436,21256844,50,4043776,3406820,22404268
1781958090351632635,132736,54263,3406436,21256844,50,4043776,3406824,22404912
1781958091493425371,133085,54410,3406436,21256844,50,4043776,3406840,22405864
1781958092655330236,133438,54558,3406436,21256844,50,4043776,3406840,22406684
1781958093941875056,133826,54726,3406436,21256844,50,4043776,3406840,22407596
178195809583030412,134185,54881,3406436,21256844,50,4043776,3406840,22411268
1781958096324749355,134572,55047,3406436,21256844,50,4043776,3406844,22408604
1781958097538333281,134946,55208,3406436,21256844,50,4043776,3406876,22411300
1781958098880202248,135362,55384,3406436,21256844,50,4043776,3406876,22411540
1781958100405915240,135848,55597,3406436,21256844,50,4043776,3406888,22411400
1781958101659389890,136237,55767,3406436,21256844,50,4043776,3406900,22411900
178195810359600707,136659,55950,3406436,21256844,50,4043776,3406904,22411828
1781958104294554550,137015,56095,3406436,21256844,50,4043776,3406916,22413012
1781958105456668084,137376,56242,3406436,21256844,50,4043776,3406928,22413368
1781958106705967058,137774,56407,3406436,21256844,50,4043776,3406940,22413476
1781958108147895560,138229,56596,3406436,21256844,50,4043776,3406944,22414552
1781958109289339415,138592,56742,3406436,21256844,50,4043776,3406960,22414476
1781958110406317364,138937,56890,3406436,21256844,50,4043776,3406968,22416140
1781958111910039821,139414,57087,3406436,21256844,50,4043776,3406972,22416280
1781958113110196609,139778,57251,3406436,21256844,50,4043776,3406972,22416964
1781958114454601190,140185,57426,3406436,21256844,50,4043776,3406976,22417044
1781958115668737097,140570,57584,3406436,21256844,50,4043776,3406976,22418532
1781958116829342796,140934,57734,3406436,21256844,50,4043776,3406980,22418132
1781958118190476419,141354,57911,3406436,21256844,50,4043776,3406984,22418572
1781958119453522918,141743,58082,3406436,21256844,50,4043776,3406988,22418680
1781958120746780911,142138,58250,3406436,21256844,50,4043776,3406988,22418928
1781958121875744306,142498,58394,3406436,21256844,50,4043776,3406988,22421088
1781958123133818703,142887,58561,3406436,21256844,50,4043776,3406988,22420660
1781958124330984979,143252,58715,3406436,21256844,50,4043776,3406988,22421196
1781958125531248828,143620,58869,3406436,21256844,50,4043776,3406992,22421208
1781958126652597567,143963,59011,3406436,21256844,50,4043776,3406996,22421648
1781958128385481213,144502,59248,3406436,21256844,50,4043776,3406996,22422744
1781958129714967522,144925,59423,3406436,21256844,50,4043776,3406996,22422908
1781958130941334083,145294,59582,3406436,21256844,50,4043776,3406996,22423692
1781958132110537704,145674,59736,3406436,21256844,50,4043776,3407000,22423728
1781958133290951053,146034,59887,3406436,21256844,50,4043776,3407016,22423996
1781958134681117057,146404,60051,3406564,21256844,50,4043776,3407036,22424216
1781958135975522342,146832,60233,3406564,21256844,50,4043776,3407072,22425256
1781958137344021045,147262,60412,3406564,21256844,50,4043776,3407084,22425484
1781958138559992949,147634,60562,3406564,21256844,50,4043776,3407088,22426208
1781958139933132957,148065,60741,3406564,21256844,50,4043776,3407088,22427540
1781958141153261762,148421,60894,3406692,21256844,50,4043776,3407104,22426988
1781958142571892979,148848,61069,3406692,21256844,50,4043776,3407120,22427060
1781958143746880769,149216,61229,3406692,21256844,50,4043776,3407120,22427464
1781958145104996517,149644,61410,3406692,21256844,50,4043776,3407144,22428620
1781958146412743129,150052,61581,3406692,21256844,50,4043776,3407144,22428820
1781958147684214638,150452,61756,3406692,21256844,50,4043776,3407144,22429520
1781958148795416183,150807,61900,3406692,21256844,50,4043776,3407164,22429808
1781958149900538298,151142,62042,3406692,21256844,50,4043776,3407168,22429580
1781958151158191108,151526,62196,3406692,21256844,50,4043776,3407168,22429268
1781958152533958080,151956,62376,3406692,21256844,50,4043776,3407168,22430948
1781958153730849302,152320,62528,3406692,21256844,50,4043776,3407168,22431616
1781958154860360890,152659,62674,3406692,21256844,50,4043776,3407168,22432500
1781958155984771947,153012,62825,3406692,21256844,50,4043776,3407168,22432260
1781958157145576267,153381,62979,3406692,21256844,50,4043776,3407172,22431952
1781958158334780217,153737,63132,3406692,21256844,50,4043776,3407172,22433860
1781958159482806141,154093,63283,3406692,21256844,50,4043776,3407172,22432668
1781958160918605439,154527,63469,3406692,21256844,50,4043776,3407172,22433748
1781958162131585789,154908,63629,3406692,21256844,50,4043776,3407188,22434656
1781958163275982537,155251,63779,3406692,21256844,50,4043776,3407188,22434692
1781958164390587736,155569,63916,3406692,21256844,50,4043776,3407192,22435528
1781958165608424903,155930,64070,3406692,21256844,50,4043776,3407200,22436100
1781958166843067715,156307,64223,3406692,21256844,50,4043776,3407200,22436096
1781958167967084715,156657,64369,3406692,21256844,50,4043776,3407204,22436544
178195816985553087,157008,64517,3406692,21256844,50,4043776,3407208,22436992
1781958170262468776,157378,64673,3406692,21256844,50,4043776,3407216,22438644
1781958171719923173,157832,64870,3406692,21256844,50,4043776,3407236,22438808
1781958172944511253,158213,65035,3406692,21256844,50,4043776,3407236,22438924
1781958174156737505,158577,65182,3406692,21256844,50,4043776,3407236,22439556
1781958175353663272,158948,65335,3406692,21256844,50,4043776,3407236,22440072
1781958176723738357,159355,65504,3406692,21256844,50,4043776,3407236,22440856
1781958178113826937,159781,65681,3406820,21256844,50,4043776,3407248,22440828
1781958179670150798,160256,65885,3406820,21256844,50,4043776,3407248,22441656
1781958180942677717,160611,66030,3406820,21256844,50,4043776,3407252,22442212
1781958182248079301,161000,66191,3406820,21256844,50,4043776,3407252,22443968
1781958183426410933,161256,66299,3406820,21256844,50,4043776,3407260,22444568
1781958184646217437,161590,66431,3406820,21256844,50,4043776,3407276,22445756
1781958185896228641,161961,66582,3406820,21256844,50,4043776,3407280,22446140
178195818766385161,162278,66710,3406820,21256844,50,4043776,3407288,22446832
1781958188162247709,162615,66852,3406820,21256844,50,4043776,3407320,22447312
1781958189265919786,162945,66991,3406820,21256844,50,4043776,3407324,22447080
1781958190476668089,163318,67141,3406820,21256844,50,4043776,3407332,22448336
1781958191594527914,163603,67256,3406820,21256844,50,4043776,3407332,22358988
1781958192794459292,163955,67406,3406820,21256844,50,4043776,3407332,21675812
1781958193944054966,164298,67553,3406820,21256844,50,4043776,3407340,21676144
1781958195164921017,164674,67713,3406820,21256844,50,4043776,3407340,21676680
1781958196280613246,165014,67850,3406820,21256844,50,4043776,3407340,21676964
1781958197445328758,165325,67983,3406820,21256844,50,4043776,3407388,21647808
1781958198608255280,165661,68131,3365776,21256844,50,4043776,3366268,21650316
1781958199925533207,166065,68297,3365776,21256844,50,4043776,3366272,21650996
1781958201168472939,166403,68436,3365776,21256844,50,4043776,3366300,21661948
1781958202288848300,166722,68569,3365776,21256844,50,4043776,3366316,21664264
1781958203591167640,167128,68734,3365776,21256844,50,4043776,3366324,21687068
1781958204700873703,167455,68872,3365776,21256844,50,4043776,3366328,21688152
1781958205920012249,167824,69026,3365776,21256844,50,4043776,3366328,21689116
178195820747016166,168167,69169,3365776,21256844,50,4043776,3366332,21688464
1781958208210506230,168522,69316,3365904,21256844,50,4043776,3366352,21689596
1781958209302312555,168862,69463,3365904,21256844,50,4043776,3366352,21690040
1781958210455032483,169218,69610,3365904,21256844,50,4043776,3366352,21690140
1781958211636463662,169591,69756,3365904,21256844,50,4043776,3366356,21690652
1781958212851643468,169968,69910,3365904,21256844,50,4043776,3366360,21691104
1781958213987342097,170316,70056,3365904,21256844,50,4043776,3366364,21691200
1781958215153565044,170666,70209,3365904,21256844,50,4043776,3366368,21691840
1781958216470255383,171024,70355,3365904,21256844,50,4043776,3366400,21692868
1781958217704750389,171440,70526,3365904,21256844,50,4043776,3366400,21693740
1781958218815170024,171780,70668,3365904,21256844,50,4043776,3366400,21694100
178195822096636182,172167,70830,3365904,21256844,50,4043776,3366404,21695048
1781958221295152909,172548,70986,3365904,21256844,50,4043776,3366404,21694580
1781958222650580629,172918,71146,3365904,21256844,50,4043776,3366420,21695532
1781958223962456110,173366,71345,3365904,21256844,50,4043776,3366428,21695812
178195822577467587,173710,71473,3365904,21256844,50,4043776,3366432,21696020
1781958226412805431,174114,71640,3365904,21256844,50,4043776,3366432,21696548
1781958227608858598,174462,71790,3365904,21256844,50,4043776,3366436,21699140
1781958228747799681,174811,71941,3365904,21256844,50,4043776,3366436,21697216
1781958229964387165,175188,72099,3365904,21256844,50,4043776,3366444,21698532
178195823172448206,175539,72240,3365904,21256844,50,4043776,3366444,21702060
1781958232298031174,175900,72391,3365904,21256844,50,4043776,3366448,21708572
1781958233419078881,176244,72536,3365904,21256844,50,4043776,3366448,21710060
1781958234619562199,176607,72687,3365904,21256844,50,4043776,3366452,21709240
1781958235750516962,176958,72830,3366032,21256844,50,4043776,3366484,21709692
1781958236935301301,177332,72984,3366032,21256844,50,4043776,3366488,21710264
178195823850149895,177676,73129,3366160,21256844,50,4043776,3366504,21710444
1781958239415864510,178111,73304,3366160,21256844,50,4043776,3366504,21711692
1781958240610740680,178486,73464,3366160,21256844,50,4043776,3366504,21711768
1781958241769078215,178832,73611,3366160,21256844,50,4043776,3366504,21712216
1781958242897672921,179187,73760,3366160,21256844,50,4043776,3366524,21712688
178195824467183716,179545,73914,3366160,21256844,50,4043776,3366524,21712824
1781958245205962005,179885,74055,3366160,21256844,50,4043776,3366524,21713832
1781958246672144527,180306,74236,3366160,21256844,50,4043776,3366536,21714872
1781958247858559290,180610,74365,3366160,21256844,50,4043776,3366536,21717684
178195824922395470,180954,74507,3366160,21256844,50,4043776,3366540,21718908
1781958250178858916,181318,74668,3366160,21256844,50,4043776,3366540,21718996
1781958251503455216,181730,74832,3366160,21256844,50,4043776,3366544,21719640
1781958252805024055,182119,74996,3366160,21256844,50,4043776,3366544,21720084
17819582548832411,182508,75162,3366160,21256844,50,4043776,3366544,21719776
178195825597405489,182830,75306,3366160,21256844,50,4043776,3366544,21720500
1781958256446274014,183243,75488,3366160,21256844,50,4043776,3366544,21721236
1781958257729741288,183631,75660,3366160,21256844,50,4043776,3366544,21721524
1781958258956537441,183992,75807,3366160,21256844,50,4043776,3366560,21722172
1781958260273603382,184421,75990,3366160,21256844,50,4043776,3366560,21723580
1781958261451722287,184801,76140,3366160,21256844,50,4043776,3366584,21723196
1781958262565563329,185145,76286,3366160,21256844,50,4043776,3366584,21724344
1781958263691402441,185476,76425,3366160,21256844,50,4043776,3366584,21724592
1781958264869137210,185811,76559,3366160,21256844,50,4043776,3366584,21724996
1781958265992833732,186157,76704,3366160,21256844,50,4043776,3366584,21725416
1781958267244252283,186543,76866,3366160,21256844,50,4043776,3366600,21725976
1781958268372794011,186899,77018,3366160,21256844,50,4043776,3366600,21726600
1781958269636505662,187267,77167,3366160,21256844,50,4043776,3366604,21727384
1781958270759940055,187612,77320,3366160,21256844,50,4043776,3366604,21726984
1781958271999805417,187985,77472,3366160,21256844,50,4043776,3366604,21728060
1781958273768237421,188352,77625,3366160,21256844,50,4043776,3366604,21728416
17819582752623954,188913,77870,3366160,21256844,50,4043776,3366604,21729208
1781958276170036111,189262,78022,3366160,21256844,50,4043776,3366608,21729736
1781958277372160222,189623,78181,3366160,21256844,50,4043776,3366608,21729828
1781958278543162341,189985,78336,3366160,21256844,50,4043776,3366612,21731196
1781958279741368568,190336,78480,3366160,21256844,50,4043776,3366612,21731456
178195828135114822,190769,78658,3366160,21256844,50,4043776,3366612,21732404
1781958282480750996,191209,78850,3366160,21256844,50,4043776,3366612,21732128
1781958283777837386,191618,79023,3366160,21256844,50,4043776,3366612,21733016
1781958284911710347,191959,79172,3366160,21256844,50,4043776,3366612,21733256
1781958286171642022,192339,79330,3366160,21256844,50,4043776,3366612,21733024
1781958287595464471,192757,79508,3366160,21256844,50,4043776,3366628,21734044
1781958288750641174,193108,79661,3366160,21256844,50,4043776,3366628,21734620
1781958289917761596,193463,79821,3366160,21256844,50,4043776,3366628,21735204
1781958291163201525,193804,79969,3366160,21256844,50,4043776,3366628,21736240
1781958292337267304,194216,80137,3366160,21256844,50,4043776,3366628,21736308
1781958293542706615,194559,80276,3366160,21256844,50,4043776,3366628,21736768
1781958294720815702,194954,80449,3366160,21256844,50,4043776,3366628,21737824
1781958295923074795,195303,80599,3366160,21256844,50,4043776,3366628,21738152
1781958297141303202,195695,80771,3366160,21256844,50,4043776,3366628,21739020
1781958298289481971,196031,80916,3366160,21256844,50,4043776,3366628,21739064
1781958299464681907,196394,81076,3366160,21256844,50,4043776,3366628,21739384
1781958300598438451,196738,81218,3366160,21256844,50,4043776,3366628,21739580
1781958301772221611,197096,81372,3366160,21256844,50,4043776,3366628,21740064
1781958302919092078,197431,81520,3366160,21256844,50,4043776,3366628,21740376
1781958304240610150,197843,81697,3366160,21256844,50,4043776,3366632,21740632
1781958305347162826,198172,81841,3366160,21256844,50,4043776,3366632,21741764
1781958306587209166,198553,82000,3366160,21256844,50,4043776,3366632,21742300
1781958307869679409,198945,82165,3366160,21256844,50,4043776,3366632,21740292
1781958309144990807,199358,82321,3366160,21256844,51,4043776,3366736,21741540
1781958310242915564,199693,82462,3366288,21256844,51,4043776,3366756,21741784
1781958311397093764,200052,82606,3366288,21256844,51,4043776,3366756,21743692
1781958312782111957,200478,82790,3366288,21256844,51,4043776,3366756,21743032
1781958313980689738,200851,82939,3366288,21256844,50,4043776,3366756,21743424
1781958315105907731,201191,83078,3366288,21256844,50,4043776,3366756,21744812
1781958316214792691,201536,83228,3366288,21256844,50,4043776,3366756,21744020
1781958317405900816,201886,83382,3366288,21256844,50,4043776,3366756,21745172
1781958318637706902,202263,83548,3366288,21256844,50,4043776,3366756,21744964
1781958319760757208,202606,83686,3366288,21256844,50,4043776,3366776,21745168
178195832170238859,203009,83859,3366288,21256844,50,4043776,3366776,21746240
1781958322237148067,203373,84015,3366288,21256844,50,4043776,3366796,21746352
1781958323455301003,203754,84166,3366288,21256844,50,4043776,3366796,21746464
1781958324629532992,204124,84316,3366288,21256844,50,4043776,3366796,21746832
1781958325949338146,204513,84472,3366288,21256844,50,4043776,3366812,21748352
1781958327210190790,204909,84634,3366288,21256844,50,4043776,3366812,21748208
1781958328371548914,205264,84780,3366288,21256844,50,4043776,3366812,21748672
1781958329524075761,205615,84927,3366288,21256844,50,4043776,3366812,21749020
1781958330712872281,205973,85070,3366288,21256844,50,4043776,3366812,21749196
1781958331914730146,206367,85225,3366288,21256844,50,4043776,3366812,21749712
1781958333146727930,206747,85385,3366288,21256844,50,4043776,3366812,21750756
1781958334272595305,207110,85529,3366288,21256844,50,4043776,3366812,21750880
1781958335449181098,207464,85682,3366288,21256844,50,4043776,3366844,21752072
1781958336554408690,207798,85827,3366288,21256844,50,4043776,3366844,21752088
1781958337649812331,208120,85970,3366288,21256844,50,4043776,3366844,21752060
17819583391053615,208483,86125,3366288,21256844,50,4043776,3366844,21753848
1781958340317004815,208925,86312,3366288,21256844,50,4043776,3366844,21754228
1781958341497088788,209299,86461,3366288,21256844,50,4043776,3366844,21755280
1781958342708671408,209665,86609,3366288,21256844,50,4043776,3366860,21755096
1781958343847134389,210011,86758,3366288,21256844,50,4043776,3366860,21755636
1781958344988266402,210381,86913,3366288,21256844,50,4043776,3366860,21755800
1781958346109367057,210720,87050,3366416,21256844,50,4043776,3366884,21756796
1781958347225133004,211042,87182,3366416,21256844,50,4043776,3366884,21756512
1781958348470638766,211399,87333,3366416,21256844,50,4043776,3366900,21760376
1781958349685565339,211785,87493,3366544,21256844,50,4043776,3366916,21758808
1781958350891348943,212152,87647,3366544,21256844,50,4043776,3366916,21758908
178195835230020833,212512,87786,3366544,21256844,50,4043776,3366916,21759372
1781958353281362440,212905,87944,3366544,21256844,50,4043776,3366916,21759936
1781958354610995904,213325,88118,3366544,21256844,50,4043776,3366916,21760652
1781958355719973627,213651,88263,3366544,21256844,50,4043776,3366916,21760512
1781958356883919492,214021,88413,3366544,21256844,50,4043776,3366916,21760548
1781958358124447061,214390,88574,3366544,21256844,50,4043776,3366916,21761856
1781958359403721226,214742,88726,3366544,21256844,50,4043776,3366916,21761172
1781958360661355392,215127,88887,3366544,21256844,50,4043776,3366916,21765860
1781958361920487283,215451,89019,3366544,21256844,50,4043776,3366916,21793980
1781958363292072098,215853,89196,3366544,21256844,50,4043776,3366920,21793824
1781958364604826409,216239,89364,3366544,21256844,50,4043776,3366920,21794192
1781958365951434774,216629,89526,3366544,21256844,50,4043776,3366920,21793772
1781958367302566714,217029,89691,3366544,21256844,50,4043776,3366920,21794784
1781958368442096305,217365,89829,3366544,21256844,50,4043776,3366920,21796084
17819583707735477,217778,90010,3366544,21256844,50,4043776,3366920,21795480
1781958371217846920,218205,90182,3366544,21256844,50,4043776,3366920,21796324
1781958372447038435,218596,90344,3366544,21256844,50,4043776,3366920,21797488
1781958373630698265,218973,90502,3366544,21256844,50,4043776,3366924,21797540
1781958374868892036,219330,90649,3366544,21256844,50,4043776,3366924,21798628
1781958376161755733,219737,90815,3366544,21256844,50,4043776,3366924,21798080
1781958377302820330,220081,90962,3366544,21256844,50,4043776,3366924,21800720
1781958378470948353,220443,91113,3366544,21256844,50,4043776,3366924,21800944
1781958379643841462,220807,91264,3366544,21256844,50,4043776,3366924,21800452
1781958380916660737,221211,91430,3366544,21256844,50,4043776,3366924,21800888
178195838232822442,221555,91573,3366544,21256844,50,4043776,3366924,21801508
1781958383423922520,221956,91746,3366544,21256844,50,4043776,3366924,21802540
1781958385135713549,222535,91989,3366544,21256844,50,4043776,3366928,21801996
1781958386377105861,222915,92146,3366544,21256844,50,4043776,3366932,21802940
1781958387496956704,223263,92288,3366544,21256844,50,4043776,3366932,21803108
1781958388602185097,223599,92430,3366544,21256844,50,4043776,3366932,21802496
1781958389812464594,223976,92595,3366544,21256844,50,4043776,3366932,21803568
178195839115634107,224342,92757,3366544,21256844,50,4043776,3366932,21804628
1781958392470582066,224800,92950,3366544,21256844,50,4043776,3366952,21804780
1781958393596800806,225142,93104,3366544,21256844,50,4043776,3366952,21804880
1781958394741587643,225500,93253,3366544,21256844,50,4043776,3366972,21807056
1781958395883609087,225856,93401,3366544,21256844,50,4043776,3366972,21805352
178195839755293068,226194,93547,3366544,21256844,50,4043776,3366972,21806316
1781958398244390810,226571,93709,3366544,21256844,50,4043776,3366972,21806712
1781958399377074861,226918,93857,3366544,21256844,50,4043776,3366972,21806932
1781958400802008685,227355,94037,3366544,21256844,50,4043776,3366972,21808064
17819584022128054,227732,94194,3366544,21256844,50,4043776,3366972,21808452
1781958403263455234,228109,94351,3366544,21256844,50,4043776,3366972,21808692
1781958404582480914,228510,94522,3366544,21256844,50,4043776,3366972,21809476
1781958405853267003,228908,94690,3366544,21256844,50,4043776,3366972,21809576
1781958407196946389,229304,94851,3366544,21256844,50,4043776,3366988,21810472
1781958408442172950,229689,95008,3366544,21256844,50,4043776,3366988,21811116
1781958409577404367,230041,95162,3366544,21256844,50,4043776,3366988,21811164
1781958410757168474,230401,95314,3366544,21256844,50,4043776,3366988,21813152
1781958411871202357,230740,95465,3366544,21256844,50,4043776,3366988,21813216
178195841365488856,231107,95620,3366544,21256844,50,4043776,3366996,21813968
1781958414252795214,231500,95777,3366544,21256844,50,4043776,3367000,21813568
1781958415401983778,231858,95926,3366544,21256844,50,4043776,3367000,21815092
1781958416540860811,232197,96073,3366544,21256844,50,4043776,3367016,21814632
1781958417749289252,232577,96229,3366544,21256844,50,4043776,3367016,21815500
178195841955042233,232984,96398,3366544,21256844,50,4043776,3367016,21815356
1781958420183523718,233328,96544,3366544,21256844,50,4043776,3367024,21816468
1781958421500954610,233700,96701,3366544,21256844,50,4043776,3367028,21816044
1781958422723379802,234089,96861,3366544,21256844,50,4043776,3367032,21816848
1781958423878309445,234480,97022,3366544,21256844,50,4043776,3367032,21816956
1781958425203877689,234848,97173,3366544,21256844,50,4043776,3367032,21818264
1781958426400639640,235269,97346,3366544,21256844,50,4043776,3367032,21818476
1781958427564609850,235624,97493,3366544,21256844,50,4043776,3367032,21818708
1781958428755746930,235990,97649,3366544,21256844,50,4043776,3367032,21819536
1781958429903263653,236352,97799,3366544,21256844,50,4043776,3367032,21820128
178195843131198958,236695,97942,3366544,21256844,50,4043776,3367032,21820408
1781958432175170132,237059,98089,3366544,21256844,50,4043776,3367032,21820892
1781958433270292047,237395,98232,3366544,21256844,50,4043776,3367052,21821468
1781958434413753970,237753,98383,3366544,21256844,50,4043776,3367052,21820984
1781958435731781185,238170,98549,3366544,21256844,50,4043776,3367052,21821100
1781958436981808629,238544,98703,3366544,21256844,50,4043776,3367072,21820608
1781958438130875426,238897,98859,3366544,21256844,50,4043776,3367072,21823164
1781958439426161736,239270,99012,3366544,21256844,50,4043776,3367072,21822608
1781958440794013000,239721,99204,3366544,21256844,50,4043776,3367072,21822784
1781958441905392356,240071,99347,3366544,21256844,50,4043776,3367072,21823624
1781958443268661316,240494,99516,3366544,21256844,50,4043776,3367072,21823948
1781958444425368547,240845,99661,3366544,21256844,50,4043776,3367072,21824588
1781958445543547618,241198,99815,3366544,21256844,50,4043776,3367072,21824948
1781958446671320080,241532,99965,3366544,21256844,50,4043776,3367072,21825940
1781958447806166207,241879,100114,3366544,21256844,50,4043776,3367072,21826008
1781958448997939134,242244,100271,3366544,21256844,50,4043776,3367072,21826572
1781958450210038098,242626,100425,3366672,21256844,50,4043776,3367088,21826436
1781958451438089173,243008,100587,3366672,21256844,50,4043776,3367124,21826484
1781958452698670731,243405,100752,3366672,21256844,50,4043776,3367124,21827308
178195845457980550,243832,100926,3366672,21256844,50,4043776,3367124,21827640
1781958455305233574,244222,101091,3366672,21256844,50,4043776,3367176,21828016
1781958456665975165,244642,101263,3366800,21256844,50,4043776,3367196,21829540
1781958457912729899,245038,101418,3366800,21256844,50,4043776,3367196,21829960
1781958459105157417,245419,101579,3366800,21256844,50,4043776,3367212,21830168
1781958460255636822,245775,101733,3366800,21256844,50,4043776,3367212,21831296
1781958461406542321,246136,101887,3366800,21256844,50,4043776,3367212,21831712
1781958462697511851,246534,102058,3366800,21256844,50,4043776,3367212,21831940
1781958464102640720,246968,102239,3366800,21256844,50,4043776,3367212,21831832
1781958465332374397,247344,102391,3366800,21256844,50,4043776,3367212,21832564
1781958466551308913,247720,102541,3366800,21256844,50,4043776,3367212,21833560
1781958467787701572,248059,102687,3366800,21256844,50,4043776,3367212,21833876
1781958468944859083,248428,102838,3366800,21256844,50,4043776,3367212,21834828
1781958470134636074,248772,102985,3325712,21256844,50,4043776,3326092,21793712
1781958471298516637,249136,103145,3325712,21256844,50,4043776,3326092,21794128
1781958472539971446,249528,103301,3325712,21256844,50,4043776,3326096,21794576
1781958473824488621,249929,103456,3325712,21256844,50,4043776,3326112,21795908
1781958475122652022,250336,103618,3325712,21256844,50,4043776,3326112,21795576
1781958476296576486,250689,103774,3325712,21256844,50,4043776,3326112,21796732
1781958477593026208,251089,103942,3325712,21256844,50,4043776,3326136,21798460
1781958478799505751,251460,104093,3325712,21256844,50,4043776,3326136,21796808
178195848021309934,251835,104257,3325712,21256844,50,4043776,3326136,21796856
1781958481297742144,252221,104417,3325712,21256844,50,4043776,3326136,21797316
1781958482414529647,252569,104566,3325712,21256844,50,4043776,3326136,21797880
1781958483798861399,252974,104737,3325712,21256844,50,4043776,3326156,21798628
1781958484952602753,253365,104904,3325712,21256844,50,4043776,3326156,21798788
1781958486161947816,253724,105058,3325712,21256844,50,4043776,3326156,21799760
1781958487308754102,254042,105192,3325712,21256844,50,4043776,3326156,21800020
1781958488524540891,254414,105354,3325712,21256844,50,4043776,3326156,21801516
1781958489715767628,254779,105506,3325712,21256844,50,4043776,3326156,21801456
1781958490893721355,255148,105659,3325712,21256844,50,4043776,3326172,21801840
178195849275577007,255508,105808,3325712,21256844,50,4043776,3326172,21801720
1781958493411093614,255923,105978,3325712,21256844,50,4043776,3326172,21802592
1781958494617110593,256297,106132,3325712,21256844,50,4043776,3326172,21802976
1781958495835142704,256655,106282,3325712,21256844,50,4043776,3326176,21806644
1781958496963842016,257025,106435,3325712,21256844,50,4043776,3326176,21804948
1781958498104996090,257363,106574,3325712,21256844,50,4043776,3326180,21805776
1781958499388789283,257756,106738,3325712,21256844,50,4043776,3326180,21806384
1781958500554012933,258054,106863,3325712,21256844,50,4043776,3326180,21806504
1781958501824344945,258425,107033,3325712,21256844,50,4043776,3326180,21806888
1781958502962924433,258789,107190,3325712,21256844,50,4043776,3326180,21807576
178195850483694150,259132,107335,3325712,21256844,50,4043776,3326180,21807584
1781958505295755384,259511,107486,3325712,21256844,50,4043776,3326180,21807784
1781958506433741063,259873,107638,3325712,21256844,50,4043776,3326180,21808200
1781958507751858738,260276,107801,3325712,21256844,50,4043776,3326180,21809052
1781958508925723601,260635,107952,3325712,21256844,50,4043776,3326180,21809564
1781958510101276075,260967,108097,3325712,21256844,50,4043776,3326180,21808992
1781958511390381245,261323,108244,3325712,21256844,50,4043776,3326180,21810416
1781958512810013370,261760,108430,3325712,21256844,50,4043776,3326180,21811024
1781958514292439969,262204,108614,3325712,21256844,50,4043776,3326180,21811676
1781958515448599488,262562,108770,3325712,21256844,50,4043776,3326180,21811764
1781958516579728415,262909,108920,3325712,21256844,50,4043776,3326184,21813116
1781958517720843367,263251,109068,3325712,21256844,50,4043776,3326184,21812996
1781958518977465483,263590,109215,3325712,21256844,50,4043776,3326184,21813820
1781958520252053380,263978,109383,3325712,21256844,50,4043776,3326184,21813728
1781958521398067447,264298,109519,3325712,21256844,50,4043776,3326184,21815344
1781958522797396358,264714,109696,3325712,21256844,50,4043776,3326192,21817376
178195852496130244,265083,109848,3325712,21256844,50,4043776,3326192,21820408
1781958525378904985,265462,110008,3325712,21256844,50,4043776,3326192,21819300
1781958526777772334,265847,110169,3325712,21256844,50,4043776,3326192,21819704
178195852888195544,266224,110330,3325712,21256844,50,4043776,3326192,21820652
1781958529341097494,266612,110492,3325712,21256844,50,4043776,3326208,21821768
1781958530515864612,266954,110633,3325712,21256844,50,4043776,3326244,21822204
1781958531689716501,267316,110782,3325712,21256844,50,4043776,3326244,21822836
1781958532979705120,267704,110944,3325840,21256844,50,4043776,3326260,21823904
1781958534107077505,268055,111096,3325840,21256844,50,4043776,3326264,21824156
1781958535252372560,268413,111247,3325840,21256844,50,4043776,3326264,21823420
1781958536492661934,268796,111408,3325840,21256844,50,4043776,3326264,21824944
1781958537672908592,269149,111557,3325840,21256844,50,4043776,3326264,21825068
1781958538911647791,269524,111718,3325840,21256844,50,4043776,3326264,21824932
1781958540318181062,269953,111896,3325840,21256844,50,4043776,3326264,21825432
1781958541637319562,270377,112065,3325840,21256844,50,4043776,3326264,21825448
1781958542979335994,270751,112227,3325840,21256844,50,4043776,3326264,21825924
1781958544199485608,271175,112404,3325840,21256844,50,4043776,3326264,21826136
1781958545393385957,271547,112560,3325840,21256844,50,4043776,3326264,21827176
1781958546551617343,271916,112716,3325840,21256844,50,4043776,3326268,21828800
1781958547759176692,272293,112873,3325968,21256844,50,4043776,3326272,21828388
1781958548896376604,272635,113019,3325968,21256844,50,4043776,3326288,21828932
178195855010809181,272979,113165,3325968,21256844,50,4043776,3326308,21829272
1781958551331305706,273390,113329,3325968,21256844,50,4043776,3326324,21830180
1781958552444960211,273725,113469,3325968,21256844,50,4043776,3326324,21830708
1781958553619984909,274084,113626,3325968,21256844,50,4043776,3326324,21830720
1781958554878879418,274473,113791,3325968,21256844,50,4043776,3326324,21830840
1781958556138403391,274855,113960,3325968,21256844,50,4043776,3326324,21832600
1781958557355103415,275217,114105,3325968,21256844,50,4043776,3326324,21832708
1781958558711295101,275600,114265,3325968,21256844,50,4043776,3326324,21832412
178195856033923357,276023,114444,3325968,21256844,50,4043776,3326324,21833452
1781958561270237699,276417,114611,3325968,21256844,50,4043776,3326324,21833472
1781958562456631944,276780,114765,3325968,21256844,50,4043776,3326324,21834724
1781958563621788429,277139,114926,3325968,21256844,50,4043776,3326324,21834820
1781958564872753364,277490,115081,3325968,21256844,50,4043776,3326376,21835924
1781958565994910482,277829,115219,3325968,21256844,50,4043776,3326376,21836612
1781958567215530354,278185,115369,3325968,21256844,50,4043776,3326376,21837612
